id,source,institution,title,region,employment,recruitmentType,regionRestriction,start,deadline,status,track,fit,limitation,verified,quality,qualification,process,interview,certificates,url
"JA-419","JOB-ALIO","한국토지주택공사","한국토지주택공사 광주전남지역본부 기간제근로자(사업관리) 채용공고(2026.09)","전남광주","비정규직","상세공고 확인","상세공고 확인","2026.09.09","2026-09-23","진행중","기간제·비정규","세부조건 확인","제한 문구 미탐지","포털 목록 확인","정상","상세공고 확인","상세공고 확인","상세공고 확인","상세공고 확인","https://job.alio.go.kr/recruitview.do?idx=304765"
"JA-418","JOB-ALIO","한국장애인개발원","[제2026-97호] 2026년도 제6차 대구광역시장애아동·발달장애인지원센터 청년인턴(장애인 제한경쟁) 채용 공고","대구","청년인턴(체험형)","상세공고 확인","상세공고 확인","2026.09.09","2026-09-23","진행중","제한경쟁·조건부","조건 충족자만","장애 관련 제한경쟁","포털 목록 확인","정상","상세공고 확인","상세공고 확인","상세공고 확인","상세공고 확인","https://job.alio.go.kr/recruitview.do?idx=304743"
"JA-417","JOB-ALIO","학교법인한국폴리텍","한국폴리텍대학 청주캠퍼스 하반기 청년인턴(일반) 채용 공고","충북","청년인턴(체험형)","상세공고 확인","상세공고 확인","2026.09.09","2026-09-18","진행중","체험형·청년인턴","우선검토","제한 문구 미탐지","포털 목록 확인","정상","상세공고 확인","상세공고 확인","상세공고 확인","상세공고 확인","https://job.alio.go.kr/recruitview.do?idx=304741"
"JA-416","JOB-ALIO","한전KDN","한전KDN(주) 진주지사 배전분야 비정규직 모집공고","경남","비정규직","상세공고 확인","상세공고 확인","2026.09.09","2026-09-23","진행중","기간제·비정규","세부조건 확인","제한 문구 미탐지","포털 목록 확인","정상","상세공고 확인","상세공고 확인","상세공고 확인","상세공고 확인","https://job.alio.go.kr/recruitview.do?idx=304726"
"JA-415","JOB-ALIO","대한적십자사","2026년도 혈장분획센터 정규직 연구원 채용 공고","충북","정규직","상세공고 확인","상세공고 확인","2026.09.09","2026-09-30","진행중","정규직(세부 확인)","세부조건 확인","제한 문구 미탐지","포털 목록 확인","정상","상세공고 확인","상세공고 확인","상세공고 확인","상세공고 확인","https://job.alio.go.kr/recruitview.do?idx=304628"
"JA-414","JOB-ALIO","(재)한국우편사업진흥원","한국우편사업진흥원 기간제 근로자 채용","서울","비정규직","상세공고 확인","상세공고 확인","2026.09.08","2026-09-22","진행중","기간제·비정규","세부조건 확인","제한 문구 미탐지","포털 목록 확인","정상","상세공고 확인","상세공고 확인","상세공고 확인","상세공고 확인","https://job.alio.go.kr/recruitview.do?idx=304772"
"JA-413","JOB-ALIO","국립호남권생물자원관","국립호남권생물자원관 기간제ㆍ단시간 근로자(급식종사자) 채용공고","전남광주","비정규직","상세공고 확인","상세공고 확인","2026.09.08","2026-09-14","진행중","기간제·비정규","세부조건 확인","제한 문구 미탐지","포털 목록 확인","정상","상세공고 확인","상세공고 확인","상세공고 확인","상세공고 확인","https://job.alio.go.kr/recruitview.do?idx=304771"
"JA-412","JOB-ALIO","한국보훈복지의료공단","[광주보훈병원] 청년인턴(체험형) 채용 공고","전남광주","청년인턴(체험형)","상세공고 확인","상세공고 확인","2026.09.08","2026-09-18","진행중","체험형·청년인턴","세부조건 확인","제한 문구 미탐지","포털 목록 확인","정상","상세공고 확인","상세공고 확인","상세공고 확인","상세공고 확인","https://job.alio.go.kr/recruitview.do?idx=304770"
"JA-411","JOB-ALIO","산업연구원","2026년 제6차 청년인턴 채용공고(장애인 제한경쟁)","세종","청년인턴(체험형)","상세공고 확인","상세공고 확인","2026.09.08","2026-09-23","진행중","제한경쟁·조건부","조건 충족자만","장애 관련 제한경쟁","포털 목록 확인","정상","상세공고 확인","상세공고 확인","상세공고 확인","상세공고 확인","https://job.alio.go.kr/recruitview.do?idx=304769"
"JA-410","JOB-ALIO","한국전력공사","2026년도 제4차 전문직원 채용공고","서울 외 2","정규직","상세공고 확인","상세공고 확인","2026.09.08","2026-09-22","진행중","경력·전문직","경력·전문 우선","제한 문구 미탐지","포털 목록 확인","정상","상세공고 확인","상세공고 확인","상세공고 확인","상세공고 확인","https://job.alio.go.kr/recruitview.do?idx=304768"
"JA-409","JOB-ALIO","서울대학교병원","서울대학교병원 블라인드 직원채용 (대체근로자) 공고 (장애인 특별우대)","서울","비정규직","상세공고 확인","상세공고 확인","2026.09.08","2026-09-22","진행중","기간제·비정규","세부조건 확인","제한 문구 미탐지","포털 목록 확인","정상","상세공고 확인","상세공고 확인","상세공고 확인","상세공고 확인","https://job.alio.go.kr/recruitview.do?idx=304766"
"JA-408","JOB-ALIO","한국전기안전공사","2026년 하반기 공무직원 채용","서울 외 12","무기계약직","상세공고 확인","상세공고 확인","2026.09.08","2026-09-22","진행중","무기계약·공무직","세부조건 확인","제한 문구 미탐지","포털 목록 확인","정상","상세공고 확인","상세공고 확인","상세공고 확인","상세공고 확인","https://job.alio.go.kr/recruitview.do?idx=304764"
"JA-407","JOB-ALIO","한국전기안전공사","2026년 하반기 경력직원 채용","전북","정규직","상세공고 확인","상세공고 확인","2026.09.08","2026-09-22","진행중","경력·전문직","경력·전문 우선","제한 문구 미탐지","포털 목록 확인","정상","상세공고 확인","상세공고 확인","상세공고 확인","상세공고 확인","https://job.alio.go.kr/recruitview.do?idx=304763"
"JA-406","JOB-ALIO","한국전기안전공사","2026년 하반기 채용형 인턴 채용","서울 외 13","청년인턴(채용형)","신입","상세공고 확인","2026.09.08","2026-09-22","진행중","제한경쟁·조건부","조건 충족자만","보훈 관련 제한경쟁","상세 페이지 확인","정상","1. 공통사항 - 성별, 연령 제한 없음 (단, 임용일 기준 공사 연령정년인 만 60세 초과자 제외) - 입사일 당일부터 근무 가능자 (입사연기 불가) - 공사 「인사규정」 제6조의 결격사유에 해당하지 않는 자 - 「병역법」 제76조에 정한 병역의무 불이행 사실이 없는 자 - 모집분야별, 근무지별 중복지원 불가 / 중복지원 시 불합격 처리 2. 경영관리(보훈) : 「국가유공자 등 예우 및 지원에 관한 법률」 제29조에 의한 취업지원대상자 3. 경영관리(일반) : 제한 없음 4. 기술(보훈) : 가, 나에 해당하는 자격을 모두 갖춘 자 가. 「국가유공자 등 예우 및 지원에 관한 법률」 제29조에 의한 취업지원대상자 나. 다음 중 1개 이상의 자격을 갖춘 자 - 전기분야 기능사 이상 자격이 있는 사람 - 고등학교에서 전기 관련 학과를 졸업한 자 또는 이와 같은 수준 이상의 학력이 있는 자 5. 기술(일반) : 다음 중 1개 이상의 자격을 갖춘 자 - 전기분야 기능사 이상 자격이 있는 사람 - 고등학교에서 전기 관련 학과를 졸업한 자 또는 이와 같은 수준 이상의 학력이 있는 자","1. 전형절차 및 방법 가. 1차 서류전형 : 8배수 선발 1) 서류전형 배점 고득점자 순으로 8배수로 합격자 선정 2) 사회형평인재 서류전형 합격배수(8배수) 외 서류합격처리 - 경영관리 : 사회형평인재 해당 지원자 전원 서류합격 처리 - 기술 : ① 해당 채용분야의 지원자격 충족 + ② 사회형평인재 해당자 서류합격 처리 나. 2차 시험전형 : 2배수 선발(채용인원이 2명 이하인 경우 3배수) 1) 직업기초능력평가(30%) + 직무수행능력평가(70%)로 성적순 결정 2) 직업기초능력 및 직무수행능력평가 각 40점 미만 득점자는 결격 처리 3) 시험전형 합격자 대상 인성검사(온라인) 실시 다. 3차 면접전형(구조화된 면접 실시) 1) 상황면접(5분/다대일) + 역량면접(1인당 10분/다대다) 2) 면접위원 합산점수가 평균 60점 미만인 자는 결격 처리 3) 자기소개서 미제출 또는 인성검사 미응시자의 경우 면접응시 불가 라. 최종합격자 결정 : 시험전형(50%) + 면접전형(50%) 2. 전형일정 가. 채용공고 : 9. 8.(화) ~ 9. 22.(화) / 공사 채용홈페이지, Job알리오 등 나. 지원서 접수 : 9. 14.(월) 10:00 ~ 9. 22.(화) 17:00 / 공사 채용홈페이지 다. 서류전형 합격자 발표 : 10. 19.(월) / SMS, 공사 홈페이지 라. 시험전형 : 10. 24.(토) / 서울 마. 시험전형 합격자 발표 : 10. 30.(금) / SMS, 공사 홈페이지 바. 자기소개서 제출, 온라인 인성검사 실시 : 10. 30.(금) ~ 11. 3.(화) 14:00 / 공사 채용홈페이지 사. 면접전형 : 11. 16.(월) ~ 11. 20.(금) / 서울 아. 최종합격자 발표 : 12. 14.(월) / SMS, 공사 홈페이지","3차 면접전형(구조화된 면접 실시) 1) 상황면접(5분/다대일) + 역량면접(1인당 10분/다대다) 2) 면접위원 합산점수가 평균 60점 미만인 자는 결격 처리 3) 자기소개서 미제출 또는 인성검사 미응시자의 경우 면접응시 불가 라 / 최종합격자 결정 : 시험전형(50%) + 면접전형(50%) 2 / 면접전형 : 11","상세공고 확인","https://job.alio.go.kr/recruitview.do?idx=304762"
"JA-405","JOB-ALIO","한국도로공사","2026년 하반기 한국도로공사 일반직 신입(인턴)사원 채용 공고","인천 외 11","청년인턴(채용형)","신입","상세공고 확인","2026.09.08","2026-09-22","진행중","제한경쟁·조건부","조건 충족자만","장애 관련 제한경쟁","상세 페이지 확인","정상","○ 5급 공채 [공통] o 공사 인사규정 제8조의 결격사유가 없는 자 o 학력, 성별, 연령 제한 없음 (단, 공사 정년에 도달하는 자 제외) o 인턴계약일(2026년 11월 중 예정)로부터 근무 가능자(사업장 전국 소재) o 병역사항 : 남자의 경우 병역필 또는 면제자(병역특례 근무 중인 자 제외) ※ 인턴계약일(2026년 11월 중 예정) 이전 전역 예정자 포함 [일반] o 어학성적 토익 700점 이상 등 (사회형평대상자 토익 500점 이상 등) o (AI인재, 기술직) 선발 분야의 기사 자격증 등 소지자 [보훈전형] o 「국가유공자 등 예우 및 지원에 관한 법률」등에 따른 취업지원대상자로서 취업지원대상자 증명서 발급 가능한 자 [장애인전형] o 「장애인고용촉진 및 직업재활법 시행령」 제3조에 따른 장애인으로 동시행령 제3조제2항의 증빙서류 제출이 가능한 자 ○ 8급공채 [공통] o 공사 인사규정 제8조의 결격사유가 없는 자 o 성별, 연령(자립준비청년전형 제외), 병역사항 및 어학성적 제한 없음 (단, 공사 정년에 도달하는 자 제외) ※ 병역 : 병역의무 기피한 자는 채용결격사유에 해당 o 인턴계약일(2026년 11월 중 예정)로 부터 근무 가능자(사업장 전국 소재) o 선발분야 기능사 이상 자격증 소지자 [고졸일반] o 원서접수 마감일 현재 최종학력이 고등학교 졸업(예정)인 자 ※ 전문대 이상 졸업(예정)자(최종학기를 이수(등록)한 자 등)는 지원 불가 ※ 고등학교 졸업예정자는 원서접수 마감일 현재 졸업예정증명서 발급이 가능한 자 [보훈전형] o 「국가유공자 등 예우 및 지원에 관한 법률」등에 따른 취업지원대상자로서 취업지원대상자 증명서 발급 가능한 자 [장애인전형] o 「장애인고용촉진 및 직업재활법 시행령」 제3조에 따른 장애인으로 동시행령 제3조제2항의 증빙서류 제출이 가…","○ 5급 공개채용 o 서류전형 : 적/부 - 합격배수 : 지원자격 충족 시 선발 o 필기전형 : 직업기초능력평가(30), 직무수행능력평가(70), 부가가점(해당 시) - 합격배수 : 최종선발예정인원 10명이상(1.5배수), 4명이상~9명이하(2.5배수), 2~3명(3배수), 1명(4배수) ※ 동점자 전원 선발, 선발인원 산정 시 소수점 첫째 자리에서 올림 o 면접전형(PT 및 역량 면접) : 필기(50), 면접(50), 법정가점(해당 시) - 합격배수 : 분야별 1배수 ※ 필기전형 점수의 경우, 부가점수 제외한 후 합산 ○ 8급 공개채용 o 서류전형 : 적/부 - 합격배수 : 지원자격 충족 시 선발 o 필기전형 : 직업기초능력평가(100), 부가가점(해당 시) - 합격배수 : 자립준비청년 전형(3배수), 그 외 전형(4배수) ※ 동점자 전원 선발, 선발인원 산정 시 소수점 첫째 자리에서 올림 o 면접전형(PT 및 역량 면접) : 필기(50), 면접(50), 법정가점(해당 시) - 합격배수 : 분야별 1배수 ※ 필기전형 점수의 경우, 부가점수 제외한 후 합산","5배수), 2~3명(3배수), 1명(4배수) ※ 동점자 전원 선발, 선발인원 산정 시 소수점 첫째 자리에서 올림 o 면접전형(PT 및 역량 면접) : 필기(50), 면접(50), 법정가점(해당 시) - 합격배수 : 분야별 1배수 ※ 필기전형 점수의 경우, 부가점수 제외한 후 합산 ○ 8급 공개채용 o 서류전형 : 적/부 - 합격배수 : 지원자격 충족 시 선발 o 필기전형 : 직업기초능력평가(100), 부가가점(해당 시) - 합격배수 : 자립준비청년 전형(3배수), 그 외 전형(4배수) ※ 동점자 전원 선발, 선발인원 산정 시 소수점 첫째 자리에서 올림 o 면접전형(PT 및 역량 면접) : 필기(50), 면접(50), 법정가점(해당 시) - 합격배수 : 분야별 1배수 ※ 필기전형 점수의 경우, 부가점수 제외한 후 합산","어학, 토익","https://job.alio.go.kr/recruitview.do?idx=304761"
"JA-404","JOB-ALIO","한국장애인개발원","[제2026-98호]2026년도 제4차 전남광주통합특별시전남장애아동·발달장애인지원센터 청년인턴 채용 공고","전남광주","청년인턴(체험형)","상세공고 확인","상세공고 확인","2026.09.08","2026-09-22","진행중","체험형·청년인턴","세부조건 확인","제한 문구 미탐지","포털 목록 확인","정상","상세공고 확인","상세공고 확인","상세공고 확인","상세공고 확인","https://job.alio.go.kr/recruitview.do?idx=304760"
"JA-403","JOB-ALIO","한국전력공사","2026년도 하반기 전기원 채용공고","서울 외 15","정규직","상세공고 확인","상세공고 확인","2026.09.08","2026-09-22","진행중","정규직(세부 확인)","세부조건 확인","제한 문구 미탐지","포털 목록 확인","정상","상세공고 확인","상세공고 확인","상세공고 확인","상세공고 확인","https://job.alio.go.kr/recruitview.do?idx=304759"
"JA-402","JOB-ALIO","한국전력공사","2026년도 하반기 기간제 근로자 채용공고[중부건설본부]","충북 외 2","비정규직","상세공고 확인","상세공고 확인","2026.09.08","2026-09-22","진행중","기간제·비정규","세부조건 확인","제한 문구 미탐지","포털 목록 확인","정상","상세공고 확인","상세공고 확인","상세공고 확인","상세공고 확인","https://job.alio.go.kr/recruitview.do?idx=304757"
"JA-401","JOB-ALIO","한국보훈복지의료공단","[인천보훈병원] 2026-14차 직원 제한경쟁채용(장애인 청년인턴) 공고","인천","청년인턴(체험형)","상세공고 확인","상세공고 확인","2026.09.08","2026-09-22","진행중","제한경쟁·조건부","조건 충족자만","제한경쟁","포털 목록 확인","정상","상세공고 확인","상세공고 확인","상세공고 확인","상세공고 확인","https://job.alio.go.kr/recruitview.do?idx=304754"
"JA-400","JOB-ALIO","한국장애인개발원","[제2026-99호] 2026년도 제5차 충청남도장애아동·발달장애인지원센터 장애아동 운영지원팀 기간제 계약직 및 장애아동지원팀 사회형평적 청년인턴 채용 공고","충남","비정규직 외 1","상세공고 확인","상세공고 확인","2026.09.08","2026-09-22","진행중","체험형·청년인턴","세부조건 확인","제한 문구 미탐지","포털 목록 확인","정상","상세공고 확인","상세공고 확인","상세공고 확인","상세공고 확인","https://job.alio.go.kr/recruitview.do?idx=304751"
"JA-399","JOB-ALIO","근로복지공단","[창원병원] 의료직(간호사) 6급 채용 공고","경남","정규직","상세공고 확인","상세공고 확인","2026.09.08","2026-09-18","진행중","경력·전문직","경력·전문 우선","제한 문구 미탐지","포털 목록 확인","정상","상세공고 확인","상세공고 확인","상세공고 확인","상세공고 확인","https://job.alio.go.kr/recruitview.do?idx=304749"
"JA-398","JOB-ALIO","근로복지공단","[인천병원] 의료직(간호사) 6급 채용 공고","인천","정규직","상세공고 확인","상세공고 확인","2026.09.08","2026-09-18","진행중","경력·전문직","경력·전문 우선","제한 문구 미탐지","포털 목록 확인","정상","상세공고 확인","상세공고 확인","상세공고 확인","상세공고 확인","https://job.alio.go.kr/recruitview.do?idx=304748"
"JA-397","JOB-ALIO","근로복지공단","[서울남부지사] 기간제(근로자정보입력원 및 시설미화원) 채용 공고","서울","비정규직","상세공고 확인","상세공고 확인","2026.09.08","2026-09-15","진행중","기간제·비정규","세부조건 확인","제한 문구 미탐지","포털 목록 확인","정상","상세공고 확인","상세공고 확인","상세공고 확인","상세공고 확인","https://job.alio.go.kr/recruitview.do?idx=304747"
"JA-396","JOB-ALIO","근로복지공단","[울산병원] 별정직 의사 채용 공고","울산","정규직","상세공고 확인","상세공고 확인","2026.09.08","2026-09-21","진행중","정규직(세부 확인)","세부조건 확인","제한 문구 미탐지","포털 목록 확인","정상","상세공고 확인","상세공고 확인","상세공고 확인","상세공고 확인","https://job.alio.go.kr/recruitview.do?idx=304746"
"JA-395","JOB-ALIO","한국장애인개발원","[제2026-96호] 2026년도 제2차 정책지원부(정책지원팀) 청년인턴 채용 공고","서울","청년인턴(체험형)","상세공고 확인","상세공고 확인","2026.09.08","2026-09-23","진행중","체험형·청년인턴","우선검토","제한 문구 미탐지","포털 목록 확인","정상","상세공고 확인","상세공고 확인","상세공고 확인","상세공고 확인","https://job.alio.go.kr/recruitview.do?idx=304745"
"JA-394","JOB-ALIO","근로복지공단","[직업환경연구원] 연구직(연구위원) 채용 공고","인천","정규직","상세공고 확인","상세공고 확인","2026.09.08","2026-09-22","진행중","경력·전문직","경력·전문 우선","제한 문구 미탐지","포털 목록 확인","정상","상세공고 확인","상세공고 확인","상세공고 확인","상세공고 확인","https://job.alio.go.kr/recruitview.do?idx=304744"
"JA-393","JOB-ALIO","국립공원공단","[내장산백암] 내장산국립공원백암사무소 기간제(환경관리_한시인력) 채용 공고","전남광주","비정규직","상세공고 확인","상세공고 확인","2026.09.08","2026-09-16","진행중","기간제·비정규","세부조건 확인","제한 문구 미탐지","포털 목록 확인","정상","상세공고 확인","상세공고 확인","상세공고 확인","상세공고 확인","https://job.alio.go.kr/recruitview.do?idx=304742"
"JA-392","JOB-ALIO","국립공원공단","[지리산전북] 지리산국립공원전북사무소 한시인력(국립공원지킴이) 모집","전북","비정규직","상세공고 확인","상세공고 확인","2026.09.08","2026-09-18","진행중","기간제·비정규","세부조건 확인","제한 문구 미탐지","포털 목록 확인","정상","상세공고 확인","상세공고 확인","상세공고 확인","상세공고 확인","https://job.alio.go.kr/recruitview.do?idx=304740"
"JA-391","JOB-ALIO","주택관리공단(주)","채용형 인턴 채용공고(주택관리공단 경기북부지사)","경기","청년인턴(채용형)","신입+경력","상세공고 확인","2026.09.08","2026-09-15","진행중","신입·채용형 인턴","우선검토","제한 문구 미탐지","상세 페이지 확인","정상","○ 응시자격 · 학력, 어학, 성별, 연령 : 제한없음 · 병역 : ?병역법? 제76조에서 정한 병역의무 불이행 사실이 없는 자 * 단, 최종 합격자 발표일까지 전역예정자로서 전형절차에 응시 가능자 지원 가능 · 기타 : 공단 직원채용 결격사유에 해당되지 않는 자","○ 채용절차 1. 채용공고 2. 입사지원서 작성 및 제출 3. 1차 서류전형 4. 1차 서류전형 합격자 발표 5. 2차 면접전형 6. 2차 면접전형 합격자 발표 7. 결격사유 확인 8. 최종합격자 발표 9. 임용 ○ 채용방법 - 국가직무능력표준(NCS)에 기반하여 직업능력(직업기초능력+직무수행능력)평가","2차 면접전형 6 / 2차 면접전형 합격자 발표 7","어학","https://job.alio.go.kr/recruitview.do?idx=304739"
"JA-390","JOB-ALIO","해양환경공단","2026년 하반기 해양환경공단 체험형 청년인턴(장애인 제한) 채용 공고","서울 외 1","청년인턴(체험형)","상세공고 확인","상세공고 확인","2026.09.08","2026-09-22","진행중","제한경쟁·조건부","조건 충족자만","장애 관련 제한경쟁","포털 목록 확인","정상","상세공고 확인","상세공고 확인","상세공고 확인","상세공고 확인","https://job.alio.go.kr/recruitview.do?idx=304738"
"JA-389","JOB-ALIO","창업진흥원","2026년 창업진흥원 제5차 체험형 청년인턴(일반) 채용 공고","서울 외 2","청년인턴(체험형)","상세공고 확인","상세공고 확인","2026.09.08","2026-09-23","진행중","체험형·청년인턴","우선검토","제한 문구 미탐지","포털 목록 확인","정상","상세공고 확인","상세공고 확인","상세공고 확인","상세공고 확인","https://job.alio.go.kr/recruitview.do?idx=304737"
"JA-388","JOB-ALIO","창업진흥원","2026년 창업진흥원 제5차 체험형 청년인턴(장애) 채용 공고","서울 외 2","청년인턴(체험형)","상세공고 확인","상세공고 확인","2026.09.08","2026-09-23","진행중","제한경쟁·조건부","조건 충족자만","장애 관련 제한경쟁","포털 목록 확인","정상","상세공고 확인","상세공고 확인","상세공고 확인","상세공고 확인","https://job.alio.go.kr/recruitview.do?idx=304736"
"JA-387","JOB-ALIO","국립공원공단","[소백산북부] 2026년 한시인력(자원보전_ASF) 채용 공고","충북","비정규직","상세공고 확인","상세공고 확인","2026.09.08","2026-09-14","진행중","기간제·비정규","세부조건 확인","제한 문구 미탐지","포털 목록 확인","정상","상세공고 확인","상세공고 확인","상세공고 확인","상세공고 확인","https://job.alio.go.kr/recruitview.do?idx=304735"
"JA-386","JOB-ALIO","한국도로공사","한국도로공사 대전지사 기간제근로자(상황관리원) 채용공고","대전","비정규직","상세공고 확인","상세공고 확인","2026.09.08","2026-09-15","진행중","기간제·비정규","세부조건 확인","제한 문구 미탐지","포털 목록 확인","정상","상세공고 확인","상세공고 확인","상세공고 확인","상세공고 확인","https://job.alio.go.kr/recruitview.do?idx=304734"
"JA-385","JOB-ALIO","한국도로공사","한국도로공사 대전지사 기간제근로자(안전순찰원) 채용공고","충남","비정규직","상세공고 확인","상세공고 확인","2026.09.08","2026-09-15","진행중","기간제·비정규","세부조건 확인","제한 문구 미탐지","포털 목록 확인","정상","상세공고 확인","상세공고 확인","상세공고 확인","상세공고 확인","https://job.alio.go.kr/recruitview.do?idx=304733"
"JA-384","JOB-ALIO","국립공원공단","[변산반도] 2026년 변산반도사무소 국립공원지킴이 4차 모집 공고","전북","비정규직","상세공고 확인","상세공고 확인","2026.09.08","2026-09-18","진행중","기간제·비정규","세부조건 확인","제한 문구 미탐지","포털 목록 확인","정상","상세공고 확인","상세공고 확인","상세공고 확인","상세공고 확인","https://job.alio.go.kr/recruitview.do?idx=304732"
"JA-383","JOB-ALIO","한국서부발전(주)","한국서부발전(주) 김포발전본부 환경화학설비 운전원(기간제 근로자) 모집공고","경기","비정규직","상세공고 확인","상세공고 확인","2026.09.08","2026-09-23","진행중","기간제·비정규","세부조건 확인","제한 문구 미탐지","포털 목록 확인","정상","상세공고 확인","상세공고 확인","상세공고 확인","상세공고 확인","https://job.alio.go.kr/recruitview.do?idx=304731"
"JA-382","JOB-ALIO","국민연금공단","2차 베테랑 시니어지원단(기간제근로자) 공개채용 공고","서울 외 8","비정규직","상세공고 확인","상세공고 확인","2026.09.08","2026-09-15","진행중","기간제·비정규","세부조건 확인","제한 문구 미탐지","포털 목록 확인","정상","상세공고 확인","상세공고 확인","상세공고 확인","상세공고 확인","https://job.alio.go.kr/recruitview.do?idx=304729"
"JA-381","JOB-ALIO","한국보훈복지의료공단","[광주보훈병원] 계약직 업무지원직(고객지원_간병지원) 직원 채용 공고","전남광주","비정규직","상세공고 확인","상세공고 확인","2026.09.08","2026-09-18","진행중","기간제·비정규","세부조건 확인","제한 문구 미탐지","포털 목록 확인","정상","상세공고 확인","상세공고 확인","상세공고 확인","상세공고 확인","https://job.alio.go.kr/recruitview.do?idx=304728"
"JA-380","JOB-ALIO","한국보훈복지의료공단","[광주보훈병원] 정규직-무기계약직 업무지원직(급식_취사원) 직원 채용 공고","전남광주","무기계약직","상세공고 확인","상세공고 확인","2026.09.08","2026-09-18","진행중","무기계약·공무직","세부조건 확인","제한 문구 미탐지","포털 목록 확인","정상","상세공고 확인","상세공고 확인","상세공고 확인","상세공고 확인","https://job.alio.go.kr/recruitview.do?idx=304727"
"JA-379","JOB-ALIO","한전KPS(주)","한전KPS(주)충남전북전력지사(서산지점) 단기노무원 채용 공고","충남","비정규직","상세공고 확인","상세공고 확인","2026.09.08","2026-09-10","진행중","기간제·비정규","세부조건 확인","제한 문구 미탐지","포털 목록 확인","정상","상세공고 확인","상세공고 확인","상세공고 확인","상세공고 확인","https://job.alio.go.kr/recruitview.do?idx=304723"
"JA-378","JOB-ALIO","건강보험심사평가원","건강보험심사평가원 정책소통전문가 채용 공고","강원","비정규직","상세공고 확인","상세공고 확인","2026.09.08","2026-09-22","진행중","기간제·비정규","세부조건 확인","제한 문구 미탐지","포털 목록 확인","정상","상세공고 확인","상세공고 확인","상세공고 확인","상세공고 확인","https://job.alio.go.kr/recruitview.do?idx=304722"
"JA-377","JOB-ALIO","한국특허기술진흥원","한국특허기술진흥원 기간제계약직(영문에디터(휴직대체), 청소원(장애인제한경쟁, 재공고)) 채용 안내","서울 외 1","비정규직","상세공고 확인","상세공고 확인","2026.09.08","2026-09-22","진행중","제한경쟁·조건부","조건 충족자만","장애 관련 제한경쟁","포털 목록 확인","정상","상세공고 확인","상세공고 확인","상세공고 확인","상세공고 확인","https://job.alio.go.kr/recruitview.do?idx=304720"
"JA-376","JOB-ALIO","한전KPS(주)","한전KPS(주)부산경남전력지사 울산지점 단기노무원(상주감시)모집","울산","비정규직","상세공고 확인","상세공고 확인","2026.09.08","2026-09-10","진행중","기간제·비정규","세부조건 확인","제한 문구 미탐지","포털 목록 확인","정상","상세공고 확인","상세공고 확인","상세공고 확인","상세공고 확인","https://job.alio.go.kr/recruitview.do?idx=304719"
"JA-375","JOB-ALIO","한전KPS(주)","한전KPS(주)부산경남전력지사 창원지점 단기노무원(상주감시) 모집","경남","비정규직","상세공고 확인","상세공고 확인","2026.09.08","2026-09-15","진행중","기간제·비정규","세부조건 확인","제한 문구 미탐지","포털 목록 확인","정상","상세공고 확인","상세공고 확인","상세공고 확인","상세공고 확인","https://job.alio.go.kr/recruitview.do?idx=304718"
"JA-374","JOB-ALIO","한전KDN","한전KDN(주) 광주전남본부 전력통신분야 비정규직 모집공고(재공고)","전남광주","비정규직","상세공고 확인","상세공고 확인","2026.09.08","2026-09-21","진행중","기간제·비정규","세부조건 확인","제한 문구 미탐지","포털 목록 확인","정상","상세공고 확인","상세공고 확인","상세공고 확인","상세공고 확인","https://job.alio.go.kr/recruitview.do?idx=304715"
"JA-373","JOB-ALIO","학교법인한국폴리텍","한국폴리텍대학 광명융합기술교육원 대학운영직(경비원) _보훈특별고용 채용 공고","경기","무기계약직","상세공고 확인","상세공고 확인","2026.09.08","2026-09-15","진행중","제한경쟁·조건부","조건 충족자만","보훈 관련 제한경쟁","포털 목록 확인","정상","상세공고 확인","상세공고 확인","상세공고 확인","상세공고 확인","https://job.alio.go.kr/recruitview.do?idx=304706"
"JA-372","JOB-ALIO","경북대학교병원","칠곡경북대학교병원 2026년 9월 3차 임시직원 채용공고(행정, 임상병리사, 보건의료정보관리사, 물리치료사)","대구","비정규직","상세공고 확인","상세공고 확인","2026.09.08","2026-09-14","진행중","기간제·비정규","세부조건 확인","제한 문구 미탐지","포털 목록 확인","정상","상세공고 확인","상세공고 확인","상세공고 확인","상세공고 확인","https://job.alio.go.kr/recruitview.do?idx=304700"
"JA-371","JOB-ALIO","한국산업은행","한국산업은행 2026년 3차 청년인턴 채용공고","서울 외 14","청년인턴(체험형)","상세공고 확인","상세공고 확인","2026.09.08","2026-09-22","진행중","체험형·청년인턴","우선검토","제한 문구 미탐지","포털 목록 확인","정상","상세공고 확인","상세공고 확인","상세공고 확인","상세공고 확인","https://job.alio.go.kr/recruitview.do?idx=304680"
"JA-370","JOB-ALIO","한전KDN","한전KDN(주) 경남사업처 AMI 분야 비정규직 모집공고","경남","비정규직","상세공고 확인","상세공고 확인","2026.09.08","2026-09-22","진행중","기간제·비정규","세부조건 확인","제한 문구 미탐지","포털 목록 확인","정상","상세공고 확인","상세공고 확인","상세공고 확인","상세공고 확인","https://job.alio.go.kr/recruitview.do?idx=304665"
"JA-369","JOB-ALIO","한국전력기술주식회사","2026년도 하반기 정규직(신입사원) 채용공고","경북","정규직","신입","상세공고 확인","2026.09.07","2026-09-22","진행중","신입·정규직","우선검토","제한 문구 미탐지","상세 페이지 확인","정상","1. 공통 응시자격 - 채용 전 과정 블라인드 방식 적용 - 입사 예정일에 근무가 가능한 자로, 회사 정년(만60세)에 도달하지 아니한 자 - 회사 인사규정 제8조 결격사유에 해당하지 않는 자(첨부 공고문 참조) - 현재 군 복무 중인 경우, 면접전형 시작일 이전 전역이 가능한 자 2. 채용분야별 응시자격 : 채용공고 참조","1. 전형절차 : 서류전형 → 필기전형 → 면접전형 → 최종합격 2. 전형별 합격 예정인원 - 채용인원 5명 이하 분야 : (서류) 30배수 / (필기) 5배수 / (최종) 1배수 - 채용인원 5명 초과 분야 : (서류) 30배수 / (필기) 3배수 / (최종) 1배수 * 보훈, 장애인 채용의 경우 응시자격 충족자 전원 서류전형 합격","전형절차 : 서류전형 → 필기전형 → 면접전형 → 최종합격 2","상세공고 확인","https://job.alio.go.kr/recruitview.do?idx=304717"
"JA-368","JOB-ALIO","한국수목원정원관리원","한국수목원정원관리원 2026년 제3차 신규직원 채용 공고","강원 외 3","무기계약직 외 1","신입+경력","상세공고 확인","2026.09.07","2026-09-21","진행중","무기계약·공무직","검토","제한 문구 미탐지","상세 페이지 확인","정상","(일반직) - 4급 : 1. 정부, 공공기관, 사기업 등에서 채용예정 직무 관련 3년 이상 경력이 있는 자 2. 채용직무별 필수자격 사항을 충족하는 자 (일반직, 전시직) - 5급가 : 채용예정 직무를 수행할 수 있다고 인정되는 자(채용직무별 필수자격 및 우대사항 참조) - 5급나 : 공고시작일 기준 최종 학력이 고등학교 졸업(예정)자 중에서 대학에 진학한 적이 없고 학교장 추천을 받은 자 (전문직) - 5급가 : 채용예정 직무 분야와 관련하여 석사학위 이상 취득자 (공무직) - 채용예정 직무를 수행할 수 있다고 인정되는 자(채용직무별 필수자격 및 우대사항 참조) ※ 보다 자세한 사항은 첨부된 채용공고문 참조","(일반직 4급) - 1차(서류) 전형 : 5배수, 경력사항, 자격증, 직무수행계획서 및 자기소개서 - 2차(면접) 전형 : AI면접, 직무발표, 구조화 면접 (일반직, 전시직 5급가·나) - 1차(서류) 전형 : 15배수, 자격증, 영어시험(일반행정만 해당), 직무수행계획서 및 자기소개서 - 2차(필기) 전형 : 5배수, 직무상식시험, 직업기초능력검사, 인성검사 - 3차(면접) 전형 : AI면접, 토론면접, 구조화 면접 (전문직 5급가) - 1차(서류) 전형 : 10배수, 논문(연구실적), 직무수행계획서 및 자기소개서 - 2차(필기) 전형 : 5배수, 직업기초능력검사, 인성검사 - 3차(면접) 전형 : AI면접, 논문실적 발표, 구조화 면접 (공무직) - 1차(서류)전형 : 5배수, 자격증, 직무수행계획서 및 자기소개서 - 2차(면접)전형 : 구조화 면접 ※ 보다 자세한 사항은 첨부된 채용공고문 참조","(일반직 4급) - 1차(서류) 전형 : 5배수, 경력사항, 자격증, 직무수행계획서 및 자기소개서 - 2차(면접) 전형 : AI면접, 직무발표, 구조화 면접 (일반직, 전시직 5급가·나) - 1차(서류) 전형 : 15배수, 자격증, 영어시험(일반행정만 해당), 직무수행계획서 및 자기소개서 - 2차(필기) 전형 : 5배수, 직무상식시험, 직업기초능력검사, 인성검사 - 3차(면접) 전형 : AI면접, 토론면접, 구조화 면접 (전문직 5급가) - 1차(서류) 전형 : 10배수, 논문(연구실적), 직무수행계획서 및 자기소개서 - 2차(필기) 전형 : 5배수, 직업기초능력검사, 인성검사 - 3차(면접) 전형 : AI면접, 논문실적 발표, 구조화 면접 (공무직) - 1차(서류)전형 : 5배수, 자격증, 직무수행계획서 및 자기소개서 - 2차(면접)전형 : 구조화 면접 ※ 보다 자세한 사항은 첨부된 채용공고문 참조","한국사","https://job.alio.go.kr/recruitview.do?idx=304713"
"JA-367","JOB-ALIO","학교법인한국폴리텍","한국폴리텍대학 반도체융합캠퍼스 업무직(대학운영직_조리원) 채용공고","경기","무기계약직","상세공고 확인","상세공고 확인","2026.09.07","2026-09-15","진행중","무기계약·공무직","세부조건 확인","제한 문구 미탐지","포털 목록 확인","정상","상세공고 확인","상세공고 확인","상세공고 확인","상세공고 확인","https://job.alio.go.kr/recruitview.do?idx=304707"
"JA-366","JOB-ALIO","분당서울대학교병원","분당서울대학교병원 진료전문의(소아청소년과 당직전담) 및 진료일반의(내과,성형외과) 채용공고","경기","비정규직","상세공고 확인","상세공고 확인","2026.09.07","2026-09-16","진행중","경력·전문직","경력·전문 우선","제한 문구 미탐지","포털 목록 확인","정상","상세공고 확인","상세공고 확인","상세공고 확인","상세공고 확인","https://job.alio.go.kr/recruitview.do?idx=304705"
"JA-365","JOB-ALIO","분당서울대학교병원","분당서울대학교병원 진료교수요원(핵의학과, 국제진료센터) 채용공고","경기","비정규직","상세공고 확인","상세공고 확인","2026.09.07","2026-09-16","진행중","경력·전문직","경력·전문 우선","제한 문구 미탐지","포털 목록 확인","정상","상세공고 확인","상세공고 확인","상세공고 확인","상세공고 확인","https://job.alio.go.kr/recruitview.do?idx=304704"
"JA-364","JOB-ALIO","한국발명진흥회","2026년 제3차 한국발명진흥회 체험형 인턴 채용(장애인 제한경쟁 및 일반)","서울","청년인턴(체험형)","상세공고 확인","상세공고 확인","2026.09.07","2026-09-21","진행중","제한경쟁·조건부","조건 충족자만","장애 관련 제한경쟁","포털 목록 확인","정상","상세공고 확인","상세공고 확인","상세공고 확인","상세공고 확인","https://job.alio.go.kr/recruitview.do?idx=304703"
"JA-363","JOB-ALIO","한국발명진흥회","2026년 제4차 한국발명진흥회 임시계약직 채용","서울","비정규직","상세공고 확인","상세공고 확인","2026.09.07","2026-09-21","진행중","기간제·비정규","세부조건 확인","제한 문구 미탐지","포털 목록 확인","정상","상세공고 확인","상세공고 확인","상세공고 확인","상세공고 확인","https://job.alio.go.kr/recruitview.do?idx=304702"
"JA-362","JOB-ALIO","(재)우체국물류지원단","우체국물류지원단 경인지사 추석 특별소통 단기 기간제(파렛정리) 채용 공고","경기","비정규직","상세공고 확인","상세공고 확인","2026.09.07","2026-09-13","진행중","기간제·비정규","세부조건 확인","제한 문구 미탐지","포털 목록 확인","정상","상세공고 확인","상세공고 확인","상세공고 확인","상세공고 확인","https://job.alio.go.kr/recruitview.do?idx=304701"
"JA-361","JOB-ALIO","한국발명진흥회","2026년 제3차 한국발명진흥회 전문계약직 채용","서울","비정규직","상세공고 확인","상세공고 확인","2026.09.07","2026-09-21","진행중","기간제·비정규","세부조건 확인","제한 문구 미탐지","포털 목록 확인","정상","상세공고 확인","상세공고 확인","상세공고 확인","상세공고 확인","https://job.alio.go.kr/recruitview.do?idx=304699"
"JA-360","JOB-ALIO","한국발명진흥회","2026년 제2차 한국발명진흥회 공무직 채용","부산","무기계약직 외 1","상세공고 확인","상세공고 확인","2026.09.07","2026-09-21","진행중","무기계약·공무직","세부조건 확인","제한 문구 미탐지","포털 목록 확인","정상","상세공고 확인","상세공고 확인","상세공고 확인","상세공고 확인","https://job.alio.go.kr/recruitview.do?idx=304698"
"JA-359","JOB-ALIO","(재)한국보건의료정보원","2026년 제5차 직원채용 공고","서울 외 1","비정규직","상세공고 확인","상세공고 확인","2026.09.07","2026-09-21","진행중","기간제·비정규","세부조건 확인","제한 문구 미탐지","포털 목록 확인","정상","상세공고 확인","상세공고 확인","상세공고 확인","상세공고 확인","https://job.alio.go.kr/recruitview.do?idx=304697"
"JA-358","JOB-ALIO","자동차손해배상진흥원","자동차손해배상진흥원 청년인턴(체험형) 채용공고","부산","청년인턴(체험형)","상세공고 확인","상세공고 확인","2026.09.07","2026-09-21","진행중","체험형·청년인턴","우선검토","제한 문구 미탐지","포털 목록 확인","정상","상세공고 확인","상세공고 확인","상세공고 확인","상세공고 확인","https://job.alio.go.kr/recruitview.do?idx=304696"
"JA-357","JOB-ALIO","자동차손해배상진흥원","자동차손해배상진흥원 전문직(경력직) 직원 제한경쟁 채용 공고","서울","비정규직","상세공고 확인","상세공고 확인","2026.09.07","2026-09-21","진행중","제한경쟁·조건부","조건 충족자만","제한경쟁","포털 목록 확인","정상","상세공고 확인","상세공고 확인","상세공고 확인","상세공고 확인","https://job.alio.go.kr/recruitview.do?idx=304695"
"JA-356","JOB-ALIO","자동차손해배상진흥원","자동차손해배상진흥원 정규직(경력직) 직원 채용 공고","서울","정규직","상세공고 확인","상세공고 확인","2026.09.07","2026-09-21","진행중","경력·전문직","경력·전문 우선","제한 문구 미탐지","포털 목록 확인","정상","상세공고 확인","상세공고 확인","상세공고 확인","상세공고 확인","https://job.alio.go.kr/recruitview.do?idx=304693"
"JA-355","JOB-ALIO","한국도로공사","한국도로공사 양양지사 기간제근로자(안전순찰원) 채용공고","강원","비정규직","상세공고 확인","상세공고 확인","2026.09.07","2026-09-14","진행중","기간제·비정규","세부조건 확인","제한 문구 미탐지","포털 목록 확인","정상","상세공고 확인","상세공고 확인","상세공고 확인","상세공고 확인","https://job.alio.go.kr/recruitview.do?idx=304690"
"JA-354","JOB-ALIO","한국도로공사","한국도로공사 강릉지사 기간제근로자(상황관리원) 채용공고","강원","비정규직","상세공고 확인","상세공고 확인","2026.09.07","2026-09-14","진행중","기간제·비정규","세부조건 확인","제한 문구 미탐지","포털 목록 확인","정상","상세공고 확인","상세공고 확인","상세공고 확인","상세공고 확인","https://job.alio.go.kr/recruitview.do?idx=304689"
"JA-353","JOB-ALIO","한전KPS(주)","한전KPS(주) 한울3사업소 한울6호기 15차 계획예방정비공사 단기노무원 모집공고(2차)","경북","비정규직","상세공고 확인","상세공고 확인","2026.09.07","2026-09-11","진행중","기간제·비정규","세부조건 확인","제한 문구 미탐지","포털 목록 확인","정상","상세공고 확인","상세공고 확인","상세공고 확인","상세공고 확인","https://job.alio.go.kr/recruitview.do?idx=304688"
"JA-352","JOB-ALIO","한국개발연구원","KDI 초빙연구위원 채용 공고","세종","비정규직","상세공고 확인","상세공고 확인","2026.09.07","2026-09-21","진행중","경력·전문직","경력·전문 우선","제한 문구 미탐지","포털 목록 확인","정상","상세공고 확인","상세공고 확인","상세공고 확인","상세공고 확인","https://job.alio.go.kr/recruitview.do?idx=304687"
"JA-351","JOB-ALIO","코레일유통(주)","코레일유통(주) 2026년 일반직(IT개발) 경력사원 채용공고","서울","정규직","상세공고 확인","상세공고 확인","2026.09.07","2026-09-21","진행중","경력·전문직","경력·전문 우선","제한 문구 미탐지","포털 목록 확인","정상","상세공고 확인","상세공고 확인","상세공고 확인","상세공고 확인","https://job.alio.go.kr/recruitview.do?idx=304686"
"JA-350","JOB-ALIO","한전KPS(주)","한전KPS(주)신서천사업소 26년 7차 경상정비공사 단기노무원 채용","충남","비정규직","상세공고 확인","상세공고 확인","2026.09.07","2026-09-09","진행중","기간제·비정규","세부조건 확인","제한 문구 미탐지","포털 목록 확인","정상","상세공고 확인","상세공고 확인","상세공고 확인","상세공고 확인","https://job.alio.go.kr/recruitview.do?idx=304685"
"JA-349","JOB-ALIO","강원대학교치과병원","계약직(치과위생사)직원 모집 공고","강원","비정규직","상세공고 확인","상세공고 확인","2026.09.07","2026-09-16","진행중","기간제·비정규","세부조건 확인","제한 문구 미탐지","포털 목록 확인","정상","상세공고 확인","상세공고 확인","상세공고 확인","상세공고 확인","https://job.alio.go.kr/recruitview.do?idx=304684"
"JA-348","JOB-ALIO","경제인문사회연구회","2026년도 제9차 직원채용 공고(정규직 부전문위원)","세종","정규직","신입+경력","상세공고 확인","2026.09.07","2026-09-21","진행중","정규직(세부 확인)","검토","제한 문구 미탐지","상세 페이지 확인","정상","▶ 만 60세 미만인 사람 ▶ 고등학교 졸업 후 4년 이상 교육 또는 해당 분야 실무 경력 가진 사람 - 상기 요건과 동등한 자격이 있다고 인정되는 사람 ▶ 연구회 「인사규정」 제24조(결격사유)에 해당되지 않는 사람","▶ (1차) 서류심사(10월 초): 50배수 이내, 정량 - 교육사항(20점), 자격사항(10점), 정성 - 경력사항(20점), 자기소개서(50점) ▶ (2차) 필기전형(10월 20일~10월 25일 예정): 20배수 이내, 직업기초능력평가(NCS - 의사소통능력, 수리능력, 문제해결능력)(50%), 직무수행능력평가(논술- 직무내용에 대한 사항)(50%) ▶ (3차) 인성검사 및 제출서류 진위확인(11월 초): 필기전형 합격자 대상 온라인 인성검사(면접전형 시 참고자료로 활용) 및 응시요건, 가점사항 등 제출서류 진위 확인 ▶ (4차) 1차 면접심사(12월 초): 5배수 이내, 직업기초능력(60점), 직무수행태도(40점) - 인성 및 직무관련 구조화 면접 ▶ (5차) 2차 면접심사(12월 중): 1배수, 직업기초능력(60점), 직무수행태도(40점) - PT발표, 인성 및 직무관련 구조화 면접 ▶ 합격자 발표: 12월 말, 2차 면접점수 60점 이상인자 중 고득점자 ▶ 임용: 1월 초 예정 ※ 가점(2%~10%)은 각 전형별로 부여하며, 일정은 채용 진행 상황에 따라 일부 변경될 수 있음. ※ 각 전형별 예비합격자를 2명 이내로 선정할 수 있음.","▶ (1차) 서류심사(10월 초): 50배수 이내, 정량 - 교육사항(20점), 자격사항(10점), 정성 - 경력사항(20점), 자기소개서(50점) ▶ (2차) 필기전형(10월 20일~10월 25일 예정): 20배수 이내, 직업기초능력평가(NCS - 의사소통능력, 수리능력, 문제해결능력)(50%), 직무수행능력평가(논술- 직무내용에 대한 사항)(50%) ▶ (3차) 인성검사 및 제출서류 진위확인(11월 초): 필기전형 합격자 대상 온라인 인성검사(면접전형 시 참고자료로 활용) 및 응시요건, 가점사항 등 제출서류 진위 확인 ▶ (4차) 1차 면접심사(12월 초): 5배수 이내, 직업기초능력(60점), 직무수행태도(40점) - 인성 및 직무관련 구조화 면접 ▶ (5차) 2차 면접심사(12월 중): 1배수, 직업기초능력(60점), 직무수행태도(40점) - PT발표, 인성 및 직무관련 구조화 면접 ▶ 합격자 발표: 12월 말, 2차 면접점수 60점 이상인자 중 고득점자 ▶ 임용: 1월 초…","의사","https://job.alio.go.kr/recruitview.do?idx=304682"
"JA-347","JOB-ALIO","국립공원공단","[치악산] 2026 치악산사무소 기간제(국립공원지킴이) 모집 공고","강원","비정규직","상세공고 확인","상세공고 확인","2026.09.07","2026-09-17","진행중","기간제·비정규","세부조건 확인","제한 문구 미탐지","포털 목록 확인","정상","상세공고 확인","상세공고 확인","상세공고 확인","상세공고 확인","https://job.alio.go.kr/recruitview.do?idx=304679"
"JA-346","JOB-ALIO","한국수력원자력(주)","2026년도 제8차 경력사원(5(을)직급·공무직근로자) 선발","부산 외 5","무기계약직 외 1","상세공고 확인","상세공고 확인","2026.09.07","2026-09-22","진행중","경력·전문직","경력·전문 우선","제한 문구 미탐지","포털 목록 확인","정상","상세공고 확인","상세공고 확인","상세공고 확인","상세공고 확인","https://job.alio.go.kr/recruitview.do?idx=304678"
"JA-345","JOB-ALIO","국립공원공단","[새만금환경생태단지관리단] 2026년 새만금환경생태단지관리단 기간제 직원 채용","전북","비정규직","상세공고 확인","상세공고 확인","2026.09.07","2026-09-21","진행중","기간제·비정규","세부조건 확인","제한 문구 미탐지","포털 목록 확인","정상","상세공고 확인","상세공고 확인","상세공고 확인","상세공고 확인","https://job.alio.go.kr/recruitview.do?idx=304677"
"JA-344","JOB-ALIO","근로복지공단","[태백병원] 공무직(전기기계통신기사-기계분야) 채용 공고","강원","무기계약직","상세공고 확인","상세공고 확인","2026.09.07","2026-09-14","진행중","무기계약·공무직","세부조건 확인","제한 문구 미탐지","포털 목록 확인","정상","상세공고 확인","상세공고 확인","상세공고 확인","상세공고 확인","https://job.alio.go.kr/recruitview.do?idx=304676"
"JA-343","JOB-ALIO","근로복지공단","[태백병원] 기간제 의사(응급실전담의) 채용 공고","강원","비정규직","상세공고 확인","상세공고 확인","2026.09.07","2026-09-14","진행중","기간제·비정규","세부조건 확인","제한 문구 미탐지","포털 목록 확인","정상","상세공고 확인","상세공고 확인","상세공고 확인","상세공고 확인","https://job.alio.go.kr/recruitview.do?idx=304675"
"JA-342","JOB-ALIO","근로복지공단","[근로복지공단] 기술기능직(기술) 5급 채용 공고","울산","정규직","상세공고 확인","상세공고 확인","2026.09.07","2026-09-21","진행중","정규직(세부 확인)","세부조건 확인","제한 문구 미탐지","포털 목록 확인","정상","상세공고 확인","상세공고 확인","상세공고 확인","상세공고 확인","https://job.alio.go.kr/recruitview.do?idx=304674"
"JA-341","JOB-ALIO","(재)한국통계정보원","[제2026-09] 한국통계정보원 기간제 근로자 채용 공고","대전","비정규직","상세공고 확인","상세공고 확인","2026.09.07","2026-09-16","진행중","기간제·비정규","세부조건 확인","제한 문구 미탐지","포털 목록 확인","정상","상세공고 확인","상세공고 확인","상세공고 확인","상세공고 확인","https://job.alio.go.kr/recruitview.do?idx=304672"
"JA-340","JOB-ALIO","한전KPS(주)","한전KPS(주) 대외사업센터 단기노무원 채용 공고(당진 GS EPS)","충남","비정규직","상세공고 확인","상세공고 확인","2026.09.07","2026-09-09","진행중","기간제·비정규","세부조건 확인","제한 문구 미탐지","포털 목록 확인","정상","상세공고 확인","상세공고 확인","상세공고 확인","상세공고 확인","https://job.alio.go.kr/recruitview.do?idx=304671"
"JA-339","JOB-ALIO","한전KPS(주)","한전KPS(주) 대외사업센터 단기노무원 채용 공고(당진 현대그린파워 #6)","충남","비정규직","상세공고 확인","상세공고 확인","2026.09.07","2026-09-09","진행중","기간제·비정규","세부조건 확인","제한 문구 미탐지","포털 목록 확인","정상","상세공고 확인","상세공고 확인","상세공고 확인","상세공고 확인","https://job.alio.go.kr/recruitview.do?idx=304670"
"JA-338","JOB-ALIO","한국청소년상담복지개발원","제2026-3호 국립중앙청소년디딤센터 직원(공무직, 기간제(휴직대체)) 모집","경기","무기계약직 외 1","상세공고 확인","상세공고 확인","2026.09.07","2026-09-21","진행중","무기계약·공무직","세부조건 확인","제한 문구 미탐지","포털 목록 확인","정상","상세공고 확인","상세공고 확인","상세공고 확인","상세공고 확인","https://job.alio.go.kr/recruitview.do?idx=304669"
"JA-337","JOB-ALIO","한국여성과학기술인육성재단","2026년도 제5차 하반기 체험형 청년인턴 채용 공고","서울","청년인턴(체험형)","상세공고 확인","상세공고 확인","2026.09.07","2026-09-22","진행중","체험형·청년인턴","우선검토","제한 문구 미탐지","포털 목록 확인","정상","상세공고 확인","상세공고 확인","상세공고 확인","상세공고 확인","https://job.alio.go.kr/recruitview.do?idx=304667"
"JA-336","JOB-ALIO","한전KDN","한전KDN(주) 부산본부 전력통신팀 정보통신설비 작업원(현장보조원) 모집공고","부산","비정규직","상세공고 확인","상세공고 확인","2026.09.07","2026-09-21","진행중","기간제·비정규","세부조건 확인","제한 문구 미탐지","포털 목록 확인","정상","상세공고 확인","상세공고 확인","상세공고 확인","상세공고 확인","https://job.alio.go.kr/recruitview.do?idx=304666"
"JA-335","JOB-ALIO","정보통신정책연구원","2026년 계약직연구원 공개채용(국제개발협력)","충북","비정규직","상세공고 확인","상세공고 확인","2026.09.07","2026-09-22","진행중","기간제·비정규","세부조건 확인","제한 문구 미탐지","포털 목록 확인","정상","상세공고 확인","상세공고 확인","상세공고 확인","상세공고 확인","https://job.alio.go.kr/recruitview.do?idx=304664"
"JA-334","JOB-ALIO","한전KDN","한전KDN(주) 울산지사 26년 AMI 통신망 보강공사 일용근로자 모집공고","울산","비정규직","상세공고 확인","상세공고 확인","2026.09.07","2026-09-21","진행중","기간제·비정규","세부조건 확인","제한 문구 미탐지","포털 목록 확인","정상","상세공고 확인","상세공고 확인","상세공고 확인","상세공고 확인","https://job.alio.go.kr/recruitview.do?idx=304663"
"JA-333","JOB-ALIO","한국고용정보원","2026년도 한국고용정보원 2차 직원 채용 공고","인천 외 1","무기계약직 외 1","상세공고 확인","상세공고 확인","2026.09.07","2026-09-22","진행중","무기계약·공무직","세부조건 확인","제한 문구 미탐지","포털 목록 확인","정상","상세공고 확인","상세공고 확인","상세공고 확인","상세공고 확인","https://job.alio.go.kr/recruitview.do?idx=304653"
"JA-332","JOB-ALIO","동남권원자력의학원","[직원채용] 정규직 약무직(방사성의약품연구팀) 공개 채용(재공고)","부산","정규직","상세공고 확인","상세공고 확인","2026.09.07","2026-09-21","진행중","정규직(세부 확인)","세부조건 확인","제한 문구 미탐지","포털 목록 확인","정상","상세공고 확인","상세공고 확인","상세공고 확인","상세공고 확인","https://job.alio.go.kr/recruitview.do?idx=304650"
"JA-331","JOB-ALIO","서울대학교병원","진료교수요원 및 진료의 공개 채용","서울","비정규직","상세공고 확인","상세공고 확인","2026.09.07","2026-09-14","진행중","경력·전문직","경력·전문 우선","제한 문구 미탐지","포털 목록 확인","정상","상세공고 확인","상세공고 확인","상세공고 확인","상세공고 확인","https://job.alio.go.kr/recruitview.do?idx=304647"
"JA-330","JOB-ALIO","한국교통안전공단","2026년 제4차 한국교통안전공단 기간제근로자(자동차정보처 사무보조_장애) 채용","경북","청년인턴(체험형)","상세공고 확인","상세공고 확인","2026.09.07","2026-09-22","진행중","제한경쟁·조건부","조건 충족자만","장애 관련 제한경쟁","포털 목록 확인","정상","상세공고 확인","상세공고 확인","상세공고 확인","상세공고 확인","https://job.alio.go.kr/recruitview.do?idx=304634"
"JA-329","JOB-ALIO","한국인터넷진흥원","2026년 한국인터넷진흥원 체험형 청년인턴 채용 공고","서울 외 1","비정규직 외 1","상세공고 확인","상세공고 확인","2026.09.07","2026-09-21","진행중","체험형·청년인턴","우선검토","제한 문구 미탐지","포털 목록 확인","정상","상세공고 확인","상세공고 확인","상세공고 확인","상세공고 확인","https://job.alio.go.kr/recruitview.do?idx=304632"
"JA-328","JOB-ALIO","한국교통안전공단","2026년 제4차 한국교통안전공단 김천드론자격센터 기간제근로자 채용 공고","경북","비정규직","상세공고 확인","상세공고 확인","2026.09.07","2026-09-22","진행중","기간제·비정규","세부조건 확인","제한 문구 미탐지","포털 목록 확인","정상","상세공고 확인","상세공고 확인","상세공고 확인","상세공고 확인","https://job.alio.go.kr/recruitview.do?idx=304631"
"JA-327","JOB-ALIO","한국교통안전공단","2026년 제4차 한국교통안전공단 항공안전실 기간제근로자 채용공고","경북","청년인턴(체험형)","상세공고 확인","상세공고 확인","2026.09.07","2026-09-22","진행중","체험형·청년인턴","우선검토","제한 문구 미탐지","포털 목록 확인","정상","상세공고 확인","상세공고 확인","상세공고 확인","상세공고 확인","https://job.alio.go.kr/recruitview.do?idx=304629"
"JA-326","JOB-ALIO","한국교통안전공단","2026년 제4차 한국교통안전공단 첨단검사전략처 기간제근로자(청년인턴 사무_자립준비) 채용 공고","경북","청년인턴(체험형)","상세공고 확인","상세공고 확인","2026.09.07","2026-09-22","진행중","제한경쟁·조건부","조건 충족자만","기타 제한경쟁 가능","포털 목록 확인","정상","상세공고 확인","상세공고 확인","상세공고 확인","상세공고 확인","https://job.alio.go.kr/recruitview.do?idx=304625"
"JA-325","JOB-ALIO","KDI국제정책대학원","[KDI국제정책대학원] 2026년 제9차 인턴 직원 채용(하반기 KOICA YP)","세종","비정규직","상세공고 확인","상세공고 확인","2026.09.07","2026-09-22","진행중","기간제·비정규","세부조건 확인","제한 문구 미탐지","포털 목록 확인","정상","상세공고 확인","상세공고 확인","상세공고 확인","상세공고 확인","https://job.alio.go.kr/recruitview.do?idx=304611"
"JA-324","JOB-ALIO","한전KDN","한전KDN(주) 경기북부사업처 저압AMI 통신망 보강공사 작업원 모집","경기","비정규직","상세공고 확인","상세공고 확인","2026.09.07","2026-09-21","진행중","기간제·비정규","세부조건 확인","제한 문구 미탐지","포털 목록 확인","정상","상세공고 확인","상세공고 확인","상세공고 확인","상세공고 확인","https://job.alio.go.kr/recruitview.do?idx=304608"
"JA-323","JOB-ALIO","한국교통안전공단","2026년 제4차 한국교통안전공단 자율주행본부 기간제근로자 채용 공고","경기","비정규직 외 1","상세공고 확인","상세공고 확인","2026.09.07","2026-09-22","진행중","기간제·비정규","세부조건 확인","제한 문구 미탐지","포털 목록 확인","정상","상세공고 확인","상세공고 확인","상세공고 확인","상세공고 확인","https://job.alio.go.kr/recruitview.do?idx=304607"
"JA-322","JOB-ALIO","한국교통안전공단","2026년 제4차 한국교통안전공단 철도안전처 기간제근로자 채용 공고","경북","비정규직","상세공고 확인","상세공고 확인","2026.09.07","2026-09-22","진행중","기간제·비정규","세부조건 확인","제한 문구 미탐지","포털 목록 확인","정상","상세공고 확인","상세공고 확인","상세공고 확인","상세공고 확인","https://job.alio.go.kr/recruitview.do?idx=304606"
"JA-321","JOB-ALIO","한국교통안전공단","2026년 제4차 한국교통안전공단 자동차안전하자심의위원회 사무국 기간제근로자 채용 공고","경기","청년인턴(체험형)","상세공고 확인","상세공고 확인","2026.09.07","2026-09-22","진행중","체험형·청년인턴","우선검토","제한 문구 미탐지","포털 목록 확인","정상","상세공고 확인","상세공고 확인","상세공고 확인","상세공고 확인","https://job.alio.go.kr/recruitview.do?idx=304603"
"JA-320","JOB-ALIO","한국교통안전공단","2026년 제4차 한국교통안전공단 경기남부본부 기간제근로자 채용공고","경기","청년인턴(체험형)","상세공고 확인","상세공고 확인","2026.09.07","2026-09-22","진행중","체험형·청년인턴","우선검토","제한 문구 미탐지","포털 목록 확인","정상","상세공고 확인","상세공고 확인","상세공고 확인","상세공고 확인","https://job.alio.go.kr/recruitview.do?idx=304601"
"JA-319","JOB-ALIO","한국교통안전공단","2026년 제4차 한국교통안전공단 경남본부 기간제근로자 채용공고","경남","청년인턴(체험형)","상세공고 확인","상세공고 확인","2026.09.07","2026-09-22","진행중","체험형·청년인턴","우선검토","제한 문구 미탐지","포털 목록 확인","정상","상세공고 확인","상세공고 확인","상세공고 확인","상세공고 확인","https://job.alio.go.kr/recruitview.do?idx=304600"
"JA-318","JOB-ALIO","한국교통안전공단","2026년 제4차 한국교통안전공단 경기북부본부 기간제근로자 채용 공고","경기","청년인턴(체험형)","상세공고 확인","상세공고 확인","2026.09.07","2026-09-22","진행중","체험형·청년인턴","우선검토","제한 문구 미탐지","포털 목록 확인","정상","상세공고 확인","상세공고 확인","상세공고 확인","상세공고 확인","https://job.alio.go.kr/recruitview.do?idx=304597"
"JA-317","JOB-ALIO","한국교통안전공단","2026년 제4차 한국교통안전공단 철도기술처 기간제근로자 채용 공고","경북","비정규직","상세공고 확인","상세공고 확인","2026.09.07","2026-09-22","진행중","기간제·비정규","세부조건 확인","제한 문구 미탐지","포털 목록 확인","정상","상세공고 확인","상세공고 확인","상세공고 확인","상세공고 확인","https://job.alio.go.kr/recruitview.do?idx=304596"
"JA-316","JOB-ALIO","한국교통안전공단","2026년 제4차 한국교통안전공단 울산본부 기간제근로자 청년인턴(사무_장애) 채용공고","울산","청년인턴(체험형)","상세공고 확인","상세공고 확인","2026.09.07","2026-09-22","진행중","제한경쟁·조건부","조건 충족자만","장애 관련 제한경쟁","포털 목록 확인","정상","상세공고 확인","상세공고 확인","상세공고 확인","상세공고 확인","https://job.alio.go.kr/recruitview.do?idx=304593"
"JA-315","JOB-ALIO","한국교통안전공단","2026년 제4차 한국교통안전공단 안전연구처 기간제근로자 채용 공고","경기","비정규직","상세공고 확인","상세공고 확인","2026.09.07","2026-09-22","진행중","기간제·비정규","세부조건 확인","제한 문구 미탐지","포털 목록 확인","정상","상세공고 확인","상세공고 확인","상세공고 확인","상세공고 확인","https://job.alio.go.kr/recruitview.do?idx=304592"
"JA-314","JOB-ALIO","한국교통안전공단","2026년 제4차 한국교통안전공단 첨단연구개발처 기간제근로자 채용공고","경북","비정규직","상세공고 확인","상세공고 확인","2026.09.07","2026-09-22","진행중","기간제·비정규","세부조건 확인","제한 문구 미탐지","포털 목록 확인","정상","상세공고 확인","상세공고 확인","상세공고 확인","상세공고 확인","https://job.alio.go.kr/recruitview.do?idx=304585"
"JA-313","JOB-ALIO","한국교통안전공단","2026년 제4차 한국교통안전공단 인천본부 기간제근로자 채용 공고","인천 외 1","청년인턴(체험형)","상세공고 확인","상세공고 확인","2026.09.07","2026-09-22","진행중","체험형·청년인턴","우선검토","제한 문구 미탐지","포털 목록 확인","정상","상세공고 확인","상세공고 확인","상세공고 확인","상세공고 확인","https://job.alio.go.kr/recruitview.do?idx=304584"
"JA-312","JOB-ALIO","한국교통안전공단","2026년 제4차 한국교통안전공단 결함정책처 기간제근로자 채용 공고","경기","비정규직","상세공고 확인","상세공고 확인","2026.09.07","2026-09-22","진행중","기간제·비정규","세부조건 확인","제한 문구 미탐지","포털 목록 확인","정상","상세공고 확인","상세공고 확인","상세공고 확인","상세공고 확인","https://job.alio.go.kr/recruitview.do?idx=304583"
"JA-311","JOB-ALIO","한국교통안전공단","2026년 제4차 한국교통안전공단 모빌리티지원센터 정책지원처 기간제근로자 채용 공고","경북","청년인턴(체험형)","상세공고 확인","상세공고 확인","2026.09.07","2026-09-22","진행중","체험형·청년인턴","우선검토","제한 문구 미탐지","포털 목록 확인","정상","상세공고 확인","상세공고 확인","상세공고 확인","상세공고 확인","https://job.alio.go.kr/recruitview.do?idx=304578"
"JA-310","JOB-ALIO","한국교통안전공단","2026년 제4차 한국교통안전공단 대구경북본부 기간제근로자 채용공고","대구 외 1","청년인턴(체험형)","상세공고 확인","상세공고 확인","2026.09.07","2026-09-22","진행중","체험형·청년인턴","우선검토","제한 문구 미탐지","포털 목록 확인","정상","상세공고 확인","상세공고 확인","상세공고 확인","상세공고 확인","https://job.alio.go.kr/recruitview.do?idx=304572"
"JA-309","JOB-ALIO","한국교통안전공단","2026년 제4차 한국교통안전공단 부산본부 기간제근로자 채용공고","부산","청년인턴(체험형)","상세공고 확인","상세공고 확인","2026.09.07","2026-09-22","진행중","체험형·청년인턴","우선검토","제한 문구 미탐지","포털 목록 확인","정상","상세공고 확인","상세공고 확인","상세공고 확인","상세공고 확인","https://job.alio.go.kr/recruitview.do?idx=304569"
"JA-308","JOB-ALIO","한국교통안전공단","2026년 제4차 한국교통안전공단 제주본부 기간제근로자 채용공고","제주","청년인턴(체험형)","상세공고 확인","상세공고 확인","2026.09.07","2026-09-22","진행중","체험형·청년인턴","우선검토","제한 문구 미탐지","포털 목록 확인","정상","상세공고 확인","상세공고 확인","상세공고 확인","상세공고 확인","https://job.alio.go.kr/recruitview.do?idx=304559"
"JA-307","JOB-ALIO","한국교통안전공단","2026년 한국교통안전공단 서울본부 기간제근로자 채용(통합4차) 공고","서울","비정규직 외 1","상세공고 확인","상세공고 확인","2026.09.07","2026-09-22","진행중","기간제·비정규","세부조건 확인","제한 문구 미탐지","포털 목록 확인","정상","상세공고 확인","상세공고 확인","상세공고 확인","상세공고 확인","https://job.alio.go.kr/recruitview.do?idx=304556"
"JA-306","JOB-ALIO","한국교통안전공단","2026년 제4차 한국교통안전공단 대전세종충남본부 기간제근로자(청년인턴(사무_장애)) 채용공고","대전 외 2","청년인턴(체험형)","상세공고 확인","상세공고 확인","2026.09.07","2026-09-22","진행중","제한경쟁·조건부","조건 충족자만","장애 관련 제한경쟁","포털 목록 확인","정상","상세공고 확인","상세공고 확인","상세공고 확인","상세공고 확인","https://job.alio.go.kr/recruitview.do?idx=304550"
"JA-305","JOB-ALIO","한국교통안전공단","2026년 제4차 한국교통안전공단 시흥드론교육센터 기간제근로자 채용공고","경기","비정규직 외 1","상세공고 확인","상세공고 확인","2026.09.07","2026-09-22","진행중","기간제·비정규","세부조건 확인","제한 문구 미탐지","포털 목록 확인","정상","상세공고 확인","상세공고 확인","상세공고 확인","상세공고 확인","https://job.alio.go.kr/recruitview.do?idx=304547"
"JA-304","JOB-ALIO","한국교통안전공단","한국교통안전공단 경영지원본부 운영지원처 2026-제4차 기간제근로자 채용(청년인턴 사무_자립준비)","경북","청년인턴(체험형)","상세공고 확인","상세공고 확인","2026.09.07","2026-09-22","진행중","제한경쟁·조건부","조건 충족자만","기타 제한경쟁 가능","포털 목록 확인","정상","상세공고 확인","상세공고 확인","상세공고 확인","상세공고 확인","https://job.alio.go.kr/recruitview.do?idx=304541"
"JA-303","JOB-ALIO","한국환경연구원","한국환경연구원 2026년 하반기 KOICA 영프로페셔널(YP인턴) 공개채용","세종","청년인턴(체험형)","상세공고 확인","상세공고 확인","2026.09.07","2026-09-22","진행중","체험형·청년인턴","우선검토","제한 문구 미탐지","포털 목록 확인","정상","상세공고 확인","상세공고 확인","상세공고 확인","상세공고 확인","https://job.alio.go.kr/recruitview.do?idx=304528"
"JA-302","JOB-ALIO","경북대학교병원","칠곡경북대학교병원 2026년 9월 2차 임시직원 채용공고(행정, 사회복지사)","대구","비정규직","상세공고 확인","상세공고 확인","2026.09.05","2026-09-10","진행중","기간제·비정규","세부조건 확인","제한 문구 미탐지","포털 목록 확인","정상","상세공고 확인","상세공고 확인","상세공고 확인","상세공고 확인","https://job.alio.go.kr/recruitview.do?idx=304662"
"JA-301","JOB-ALIO","한전KPS(주)","한전KPS(주) 서울경기전력지사 성남지점 부지정리원 모집","경기","비정규직","상세공고 확인","상세공고 확인","2026.09.05","2026-09-11","진행중","기간제·비정규","세부조건 확인","제한 문구 미탐지","포털 목록 확인","정상","상세공고 확인","상세공고 확인","상세공고 확인","상세공고 확인","https://job.alio.go.kr/recruitview.do?idx=304644"
"JA-300","JOB-ALIO","제주대학교병원","제주대학교병원 사업인력 계약직(권역난임·임산부심리상담센터_임상심리사 또는 사회복지사 또는 간호사, 권역정신응급의료센터_보안인력, 지역장애인보건의료센터_사회복지사) 모집공고","제주","비정규직","상세공고 확인","상세공고 확인","2026.09.04","2026-09-10","진행중","경력·전문직","경력·전문 우선","제한 문구 미탐지","포털 목록 확인","정상","상세공고 확인","상세공고 확인","상세공고 확인","상세공고 확인","https://job.alio.go.kr/recruitview.do?idx=304673"
"JA-299","JOB-ALIO","대한적십자사","(통영적십자병원) 정규직 기술원(시설) 채용 공고","경남","정규직","상세공고 확인","상세공고 확인","2026.09.04","2026-09-20","진행중","정규직(세부 확인)","세부조건 확인","제한 문구 미탐지","포털 목록 확인","정상","상세공고 확인","상세공고 확인","상세공고 확인","상세공고 확인","https://job.alio.go.kr/recruitview.do?idx=304661"
"JA-298","JOB-ALIO","대한적십자사","(통영적십자병원) 정규직 간호사 채용 공고","경남","정규직","상세공고 확인","상세공고 확인","2026.09.04","2026-09-20","진행중","경력·전문직","경력·전문 우선","제한 문구 미탐지","포털 목록 확인","정상","상세공고 확인","상세공고 확인","상세공고 확인","상세공고 확인","https://job.alio.go.kr/recruitview.do?idx=304660"
"JA-297","JOB-ALIO","한국문화관광연구원","한국문화관광연구원 위촉직원 채용 공고 [2026-36]","서울","비정규직","상세공고 확인","상세공고 확인","2026.09.04","2026-09-11","진행중","기간제·비정규","세부조건 확인","제한 문구 미탐지","포털 목록 확인","정상","상세공고 확인","상세공고 확인","상세공고 확인","상세공고 확인","https://job.alio.go.kr/recruitview.do?idx=304659"
"JA-296","JOB-ALIO","에너지경제연구원","[에너지경제연구원] 공공기관 청년인턴(장애인제한경쟁) 채용 공고(운영지원팀)","울산","청년인턴(체험형)","상세공고 확인","상세공고 확인","2026.09.04","2026-09-21","진행중","제한경쟁·조건부","조건 충족자만","장애 관련 제한경쟁","포털 목록 확인","정상","상세공고 확인","상세공고 확인","상세공고 확인","상세공고 확인","https://job.alio.go.kr/recruitview.do?idx=304658"
"JA-295","JOB-ALIO","국립공원공단","[내장산생태탐방원] 내장산생태탐방원 기간제[한시인력(수익시설)] 직원 채용","전북","비정규직","상세공고 확인","상세공고 확인","2026.09.04","2026-09-11","진행중","기간제·비정규","세부조건 확인","제한 문구 미탐지","포털 목록 확인","정상","상세공고 확인","상세공고 확인","상세공고 확인","상세공고 확인","https://job.alio.go.kr/recruitview.do?idx=304657"
"JA-294","JOB-ALIO","국민연금공단","2026년도 하반기 일반직 신입직원 공개채용 공고","서울 외 15","정규직","신입+경력","상세공고 확인","2026.09.04","2026-09-18","진행중","제한경쟁·조건부","조건 충족자만","기타 제한경쟁 가능","상세 페이지 확인","정상","(공통) 성별, 연령, 학력(사무직 6급보 제외) 제한 없음 [임용일 기준 공단 정년(60세) 이상자는 제외] 대한민국 국적을 보유한 사람 공단이 정한 임용일부터 교육 입소 및 근무가 가능한 사람 공단 인사규정 제11조(결격사유)에 해당하지 않는 사람 (6급 사무직 일반) 공통 지원자격 외 별도의 응시자격 없음 (6급 사무직 취업지원) 「국가유공자 등 예우 및 지원에 관한 법률」 등 보훈관계법률에 따른 취업지원대상자에 해당하는 사람 (6급 사무직 장애인) 「장애인고용촉진 및 직업재활법 시행령」 제3조 및 제4조에 따른 장애인에 해당하는 사람 (6급 사무직 사회형평) 국민기초생활수급자, 한부모가족, 북한이탈주민, 다문화가족, 자립준비청년, 의사상자 중 1가지 이상에 해당하는 사람 (6급 심사직) 간호사, 물리치료사, 임상병리사, 작업치료사 면허증 소지자로 면허 취득 이후 관련 업무 1년 이상 경력자* *「의료법」 제3조제2항제3호에 따른 병원급 의료기관의 임상 경력 또는 우리 공단 심사 경력(기초근평 의학적 평가 포함) ※ 경력환산은 365일을 1년으로 산정함 (6급 기술직 전기) 전기기사, 전기공사기사, 건축전기설비기술사 자격증 중 하나 이상 소지자로, 해당 자격증 취득 이후 관련분야 1년 이상 경력자 ※ 경력환산은 365일을 1년으로 산정함 (6급보 사무직 일반) 최종학력이 고등학교 졸업인 자 또는 이에 준하는 학력자 (6급보 사무직 사회형평) 최종학력이 고등학교 졸업인 자 또는 이에 준하는 학력자이면서 국민기초생활수급자, 한부모가족, 북한이탈주민, 다문화가족, 자립준비청년, 의사상자 중 1가지 이상에 해당하는 사람 * 자세한 사항은 첨부파일의 채용공고문을 참조","(서류전형) 10배수 [6급 사무직] 자기소개서(10점), 직무능력기술서(10점), 교육사항(20점), 자격사항(50점), 공인어학성적(10점) [6급 사무직(장애인 전형)] 자기소개서(10점), 직무능력기술서(10점) [6급 심사직, 기술직, 6급보 사무직] 자기소개서(10점), 직무능력기술서(10점), 교육사항(30점), 자격사항(50점) (인성검사) [6급 사무직, 심사직, 기술직, 6급보 사무직] 적격/부적격 판정(부적격자 불합격 처리) (필기시험) 2배수 [6급 사무직, 심사직, 기술직] 직업기초능력평가, 종합직무지식평가 [6급보 사무직] 직업기초능력평가 (면접전형) [6급 사무직, 심사직, 기술직, 6급보 사무직] 토론·상황·직무수행능력면접 (최종합격자 선발) [6급 사무직, 심사직, 기술직, 6급보 사무직] 필기시험성적과 면접전형 성적을 5:5로 합산하여 최종합격자 선발 * 자세한 사항은 첨부파일의 채용공고문을 참조","(서류전형) 10배수 [6급 사무직] 자기소개서(10점), 직무능력기술서(10점), 교육사항(20점), 자격사항(50점), 공인어학성적(10점) [6급 사무직(장애인 전형)] 자기소개서(10점), 직무능력기술서(10점) [6급 심사직, 기술직, 6급보 사무직] 자기소개서(10점), 직무능력기술서(10점), 교육사항(30점), 자격사항(50점) (인성검사) [6급 사무직, 심사직, 기술직, 6급보 사무직] 적격/부적격 판정(부적격자 불합격 처리) (필기시험) 2배수 [6급 사무직, 심사직, 기술직] 직업기초능력평가, 종합직무지식평가 [6급보 사무직] 직업기초능력평가 (면접전형) [6급 사무직, 심사직, 기술직, 6급보 사무직] 토론·상황·직무수행능력면접 (최종합격자 선발) [6급 사무직, 심사직, 기술직, 6급보 사무직] 필기시험성적과 면접전형 성적을 5:5로 합산하여 최종합격자 선발 * 자세한 사항은 첨부파일의 채용공고문을 참조","의사, 간호사, 면허, 전기기사, 전기공사기사, 어학","https://job.alio.go.kr/recruitview.do?idx=304656"
"JA-293","JOB-ALIO","한국학중앙연구원","2026년도 한국학중앙연구원 문화콘텐츠편찬실 청년인턴 채용 공고","경기","청년인턴(체험형)","상세공고 확인","상세공고 확인","2026.09.04","2026-09-20","진행중","체험형·청년인턴","우선검토","제한 문구 미탐지","포털 목록 확인","정상","상세공고 확인","상세공고 확인","상세공고 확인","상세공고 확인","https://job.alio.go.kr/recruitview.do?idx=304655"
"JA-292","JOB-ALIO","과학기술정책연구원","과학기술정책연구원 4차 연구직/전문연구직/행정직(계약직)(재공고) 채용","세종","비정규직","상세공고 확인","상세공고 확인","2026.09.04","2026-09-21","진행중","기간제·비정규","세부조건 확인","제한 문구 미탐지","포털 목록 확인","정상","상세공고 확인","상세공고 확인","상세공고 확인","상세공고 확인","https://job.alio.go.kr/recruitview.do?idx=304654"
"JA-291","JOB-ALIO","대한석탄공사","2026년 한시적계약직 특별채용 공고(팀장급)","강원","비정규직","상세공고 확인","상세공고 확인","2026.09.04","2026-09-20","진행중","기간제·비정규","세부조건 확인","제한 문구 미탐지","포털 목록 확인","정상","상세공고 확인","상세공고 확인","상세공고 확인","상세공고 확인","https://job.alio.go.kr/recruitview.do?idx=304649"
"JA-290","JOB-ALIO","근로복지공단","[인천병원] 기간제(사무원) 채용 공고","인천","비정규직","상세공고 확인","상세공고 확인","2026.09.04","2026-09-11","진행중","기간제·비정규","세부조건 확인","제한 문구 미탐지","포털 목록 확인","정상","상세공고 확인","상세공고 확인","상세공고 확인","상세공고 확인","https://job.alio.go.kr/recruitview.do?idx=304648"
"JA-289","JOB-ALIO","근로복지공단","[인천병원] 별정직 의사(재활의학과) 채용 공고","인천","정규직","상세공고 확인","상세공고 확인","2026.09.04","2026-09-14","진행중","정규직(세부 확인)","세부조건 확인","제한 문구 미탐지","포털 목록 확인","정상","상세공고 확인","상세공고 확인","상세공고 확인","상세공고 확인","https://job.alio.go.kr/recruitview.do?idx=304646"
"JA-288","JOB-ALIO","근로복지공단","[인천병원] 별정직 의사(내과 또는 가정의학과) 채용 공고","인천","정규직","상세공고 확인","상세공고 확인","2026.09.04","2026-09-14","진행중","정규직(세부 확인)","세부조건 확인","제한 문구 미탐지","포털 목록 확인","정상","상세공고 확인","상세공고 확인","상세공고 확인","상세공고 확인","https://job.alio.go.kr/recruitview.do?idx=304645"
"JA-287","JOB-ALIO","근로복지공단","[안산병원] 의료직(간호사) 6급 채용 공고","경기","정규직","상세공고 확인","상세공고 확인","2026.09.04","2026-09-14","진행중","경력·전문직","경력·전문 우선","제한 문구 미탐지","포털 목록 확인","정상","상세공고 확인","상세공고 확인","상세공고 확인","상세공고 확인","https://job.alio.go.kr/recruitview.do?idx=304643"
"JA-286","JOB-ALIO","근로복지공단","[대전병원] 의료직(간호사) 6급 채용 공고","대전","정규직","상세공고 확인","상세공고 확인","2026.09.04","2026-09-14","진행중","경력·전문직","경력·전문 우선","제한 문구 미탐지","포털 목록 확인","정상","상세공고 확인","상세공고 확인","상세공고 확인","상세공고 확인","https://job.alio.go.kr/recruitview.do?idx=304642"
"JA-285","JOB-ALIO","한전KPS(주)","한전KPS(주) 서울경기전력지사 고양지점 단기노무원(부지정리) 모집","경기","비정규직","상세공고 확인","상세공고 확인","2026.09.04","2026-09-14","진행중","기간제·비정규","세부조건 확인","제한 문구 미탐지","포털 목록 확인","정상","상세공고 확인","상세공고 확인","상세공고 확인","상세공고 확인","https://job.alio.go.kr/recruitview.do?idx=304641"
"JA-284","JOB-ALIO","한국보훈복지의료공단","[인천보훈병원] 2026년 제7차 의사직 [일반내과, 내과(순환기내과), 신경외과, 정형외과, 치과보철과, 병동당직의] 공개채용","인천","비정규직","상세공고 확인","상세공고 확인","2026.09.04","2026-09-18","진행중","기간제·비정규","세부조건 확인","제한 문구 미탐지","포털 목록 확인","정상","상세공고 확인","상세공고 확인","상세공고 확인","상세공고 확인","https://job.alio.go.kr/recruitview.do?idx=304640"
"JA-283","JOB-ALIO","대한적십자사","2026년도 하반기 대한적십자사 KOICA 영프로페셔널(YP) 청년인턴 공개모집","서울","청년인턴(체험형)","상세공고 확인","상세공고 확인","2026.09.04","2026-09-28","진행중","체험형·청년인턴","우선검토","제한 문구 미탐지","포털 목록 확인","정상","상세공고 확인","상세공고 확인","상세공고 확인","상세공고 확인","https://job.alio.go.kr/recruitview.do?idx=304637"
"JA-282","JOB-ALIO","학교법인한국폴리텍","2026년 한국폴리텍대학 울산캠퍼스 하반기 행정지원직(교학처 학과조교 휴직 대체) 3차 채용 공고","울산","비정규직","상세공고 확인","상세공고 확인","2026.09.04","2026-09-14","진행중","기간제·비정규","세부조건 확인","제한 문구 미탐지","포털 목록 확인","정상","상세공고 확인","상세공고 확인","상세공고 확인","상세공고 확인","https://job.alio.go.kr/recruitview.do?idx=304636"
"JA-281","JOB-ALIO","한국보훈복지의료공단","[전주보훈요양원] 장애인 청년인턴 채용 공고","전북","청년인턴(체험형)","상세공고 확인","상세공고 확인","2026.09.04","2026-09-14","진행중","체험형·청년인턴","세부조건 확인","제한 문구 미탐지","포털 목록 확인","정상","상세공고 확인","상세공고 확인","상세공고 확인","상세공고 확인","https://job.alio.go.kr/recruitview.do?idx=304633"
"JA-280","JOB-ALIO","한국보훈복지의료공단","[광주보훈병원] 계약직 보건직(언어재활사) 직원 채용 공고","전남광주","비정규직","상세공고 확인","상세공고 확인","2026.09.04","2026-09-14","진행중","기간제·비정규","세부조건 확인","제한 문구 미탐지","포털 목록 확인","정상","상세공고 확인","상세공고 확인","상세공고 확인","상세공고 확인","https://job.alio.go.kr/recruitview.do?idx=304630"
"JA-279","JOB-ALIO","국토연구원","국토연구원 2026년 제9차 위촉직(기간제) 공개채용","세종","비정규직","상세공고 확인","상세공고 확인","2026.09.04","2026-09-18","진행중","기간제·비정규","세부조건 확인","제한 문구 미탐지","포털 목록 확인","정상","상세공고 확인","상세공고 확인","상세공고 확인","상세공고 확인","https://job.alio.go.kr/recruitview.do?idx=304627"
"JA-278","JOB-ALIO","88관광개발(주)","88관광개발(주) - 경리직 채용공고","경기","정규직","상세공고 확인","상세공고 확인","2026.09.04","2026-09-18","진행중","정규직(세부 확인)","세부조건 확인","제한 문구 미탐지","포털 목록 확인","정상","상세공고 확인","상세공고 확인","상세공고 확인","상세공고 확인","https://job.alio.go.kr/recruitview.do?idx=304626"
"JA-277","JOB-ALIO","(재)우체국물류지원단","우체국물류지원단 서울지사 동서울물류사업소, 구로우체국 추석 특별소통 기간제(파렛정리) 채용 공고","서울","비정규직","상세공고 확인","상세공고 확인","2026.09.04","2026-09-10","진행중","기간제·비정규","세부조건 확인","제한 문구 미탐지","포털 목록 확인","정상","상세공고 확인","상세공고 확인","상세공고 확인","상세공고 확인","https://job.alio.go.kr/recruitview.do?idx=304623"
"JA-276","JOB-ALIO","학교법인한국폴리텍","한국폴리텍대학 전남캠퍼스 업무직(조리원) 채용(6차) 공고","전남광주","무기계약직","상세공고 확인","상세공고 확인","2026.09.04","2026-09-13","진행중","무기계약·공무직","세부조건 확인","제한 문구 미탐지","포털 목록 확인","정상","상세공고 확인","상세공고 확인","상세공고 확인","상세공고 확인","https://job.alio.go.kr/recruitview.do?idx=304620"
"JA-275","JOB-ALIO","(재)우체국물류지원단","우체국물류지원단 경인지사 안양,부평물류사업소 추석 단기 기간제(일용직_우편물 구분) 채용 공고","인천 외 1","비정규직","상세공고 확인","상세공고 확인","2026.09.04","2026-09-15","진행중","기간제·비정규","세부조건 확인","제한 문구 미탐지","포털 목록 확인","정상","상세공고 확인","상세공고 확인","상세공고 확인","상세공고 확인","https://job.alio.go.kr/recruitview.do?idx=304619"
"JA-274","JOB-ALIO","(재)우체국물류지원단","우체국물류지원단 광주지사 기간제(사무직, 육아휴직대체) 채용 공고","전남광주","비정규직","상세공고 확인","상세공고 확인","2026.09.04","2026-09-10","진행중","기간제·비정규","세부조건 확인","제한 문구 미탐지","포털 목록 확인","정상","상세공고 확인","상세공고 확인","상세공고 확인","상세공고 확인","https://job.alio.go.kr/recruitview.do?idx=304604"
"JA-273","JOB-ALIO","한전KPS(주)","한전KPS(주) 서울경기전력지사 인천지점 단기노무원(부지정리) 모집","인천","비정규직","상세공고 확인","상세공고 확인","2026.09.04","2026-09-11","진행중","기간제·비정규","세부조건 확인","제한 문구 미탐지","포털 목록 확인","정상","상세공고 확인","상세공고 확인","상세공고 확인","상세공고 확인","https://job.alio.go.kr/recruitview.do?idx=304599"
"JA-272","JOB-ALIO","중소기업은행","2026년 하반기 IBK기업은행 일반직원(정규직) 수시채용 공고","서울 외 16","정규직","신입+경력","상세공고 확인","2026.09.04","2026-09-21","진행중","신입·정규직","우선검토","제한 문구 미탐지","상세 페이지 확인","정상","□ 채용인원 : IT 사업관리·컨설팅(2명) / 플랫폼 아키텍처 설계·운영(2명) / 사이버위협 분석·대응(2명) / 글로벌 투자금융(2명) / 글로벌 금융(통번역사)(1명) / 자금운용(1명) / 보험계리사(2명) / 공인회계사(KICPA)(3명) □ 기본요건 - 남성의 경우 병역필* 또는 면제자* * 2026. 11. 30. 이전 전역 가능한 자 포함 - 채용 확정(12월 초·중순 예정) 후 전일 근무 가능한 자* * 졸업, 재학, 이직 절차, 군 전역 등의 사유로 입행 유예 불가 - 당행 인사규정 「채용의 제한」 대상자 등(“유의사항” 참조)이 아닌 자 □ 응시자격 - IT 사업관리·컨설팅 · 학사학위 이상 소지자(전공무관)로서 “IT 사업관리” 또는 “IT 컨설팅” 관련 업무* 경력 5년 이상 보유자 * 사업기획, 투자심의, 사업관리(PM, PMO), 정보화컨설팅, 대가 산정 등 - 플랫폼 아키텍처 설계·운영 · 학사학위 이상 소지자(관련 전공*)로서 “컨테이너 기반 아키텍처 설계·운영” 관련 업무 경력 5년 이상 보유자 - 사이버위협 분석·대응 ※ 다음 ①, ② 中 1개 이상 해당하는 자 ① 석사학위 이상 소지자(전공무관)로서 “침해대응” 또는 “모의해킹” 관련 업무 경력 3년 이상 보유자 ② 학사학위 소지자(전공무관)로서 “침해대응” 또는 “모의해킹” 관련 업무 경력 5년 이상 보유자 - 글로벌 투자금융 · 학사학위 이상 소지자(전공무관)로서 “IB” 또는 “투자·운용” 관련 업무* 경력 2년 이상 보유자 * IB : 인수금융, 기업금융, 구조화, PF, 부동산·인프라금융, 오브젝트금융 등 투자·운용 : 채권, FX, 선물·옵션, 대체투자, 포트폴리오 리스크관리 - 글로벌 금융(통번역사) · 통역번역(통번역)대학원(한영) 졸업 또는 수료자로서 “글로벌사업” 관련 업무* 경…","□ 채용절차 및 방법 지원서 접수 > 서류심사 > 실기시험 > 면접시험 > 최종 합격자 발표(신체검사) 1. 지원서 접수 - 접수기간 : '26. 9. 4.(금) ∼ 9. 21.(월) 10시 - 접수방법 : 채용전용 홈페이지(http://ibk.incruit.com)에 지원서 등록 2. 서류심사 - 합격인원 : 분야별 채용인원의 6배수 이내 - 서류심사 합격자 발표 : ’26. 10월 초순 예정(홈페이지 발표) 3. 실기시험 - 일정/장소 : ’26. 10. 12.(월) ~ 10. 20.(화) 中 예정/본점 ※ 일정, 장소 변동가능 - 합격인원 : 분야별 채용인원의 3배수 이내 - 실기시험 합격자 발표 : ’26. 10월 하순 예정 4. 면접시험 - 일정/장소 : ’26. 10. 26.(월) ~ 10. 30.(금) 中 예정/본점 ※ 일정, 장소 변동가능 - 합격인원 : 15명(분야별 채용인원의 1배수 이내) - 면접시험 합격자 발표 : ’26. 11월 중순 예정 ※ 유의사항 - 전염병 등 국내외 특수한 상황 발생 또는 IBK기업은행의 사정 등에 따라 전형방법 및 일정 등은 변경될 수 있음 - 전형별 합격여부는 채용전용 홈페이지를 통해 발표예정(유선 확인 불가) - 합격자 발표 미확인, 연락불능 등으로 각 전형에 미참여한 경우 또는 입력사항 기재착오, 누락 등으로 인한 불이익은 지원자에게 책임이 있음 - 최종 합격자 발표 후 일정기간 內 입행포기자 등 발생 時 분야별 면접시험 점수의 차순위자에게 추가 합격기회를 부여할 예정 (채용전형별 최소 합격기준을 충족하는 자에 한하며 동점시 동점자 처리기준에 따름) - 본 채용전형은 블라인드 채용으로 전형 全과정에서 학교명, 출신지역, 가족관계, 성별, 나이 등 직·간접적으로 편견이 개입될 수 있는 인적사항을 노출하는 경우 불이익이 있을 수 있음…","□ 채용절차 및 방법 지원서 접수 > 서류심사 > 실기시험 > 면접시험 > 최종 합격자 발표(신체검사) 1 / 면접시험 - 일정/장소 : ’26 / (금) 中 예정/본점 ※ 일정, 장소 변동가능 - 합격인원 : 15명(분야별 채용인원의 1배수 이내) - 면접시험 합격자 발표 : ’26 / 11월 중순 예정 ※ 유의사항 - 전염병 등 국내외 특수한 상황 발생 또는 IBK기업은행의 사정 등에 따라 전형방법 및 일정 등은 변경될 수 있음 - 전형별 합격여부는 채용전용 홈페이지를 통해 발표예정(유선 확인 불가) - 합격자 발표 미확인, 연락불능 등으로 각 전형에 미참여한 경우 또는 입력사항 기재착오, 누락 등으로 인한 불이익은 지원자에게 책임이 있음 - 최종 합격자 발표 후 일정기간 內 입행포기자 등 발생 時 분야별 면접시험 점수의 차순위자에게 추가 합격기회를 부여할 예정 (채용전형별 최소 합격기준을 충족하는 자에 한하며 동점시 동점자 처리기준에 따름) - 본 채용전형은 블라인드 채용으로…","의사, 어학","https://job.alio.go.kr/recruitview.do?idx=304557"
"JA-271","JOB-ALIO","극지연구소","2026년 하반기 육아휴직대체인력(기간제계약직/극지 우주과학) 공개채용 공고","인천","비정규직","상세공고 확인","상세공고 확인","2026.09.04","2026-09-18","진행중","기간제·비정규","세부조건 확인","제한 문구 미탐지","포털 목록 확인","정상","상세공고 확인","상세공고 확인","상세공고 확인","상세공고 확인","https://job.alio.go.kr/recruitview.do?idx=304544"
"JA-270","JOB-ALIO","중소기업은행","IBK기업은행 전문계약직(사격단 트레이너) 채용공고","서울 외 16","비정규직","상세공고 확인","상세공고 확인","2026.09.04","2026-09-21","진행중","기간제·비정규","세부조건 확인","제한 문구 미탐지","포털 목록 확인","정상","상세공고 확인","상세공고 확인","상세공고 확인","상세공고 확인","https://job.alio.go.kr/recruitview.do?idx=304394"
"JA-269","JOB-ALIO","중소기업은행","IBK기업은행 전문계약직(사격선수) 채용공고","서울 외 16","비정규직","상세공고 확인","상세공고 확인","2026.09.04","2026-09-21","진행중","기간제·비정규","세부조건 확인","제한 문구 미탐지","포털 목록 확인","정상","상세공고 확인","상세공고 확인","상세공고 확인","상세공고 확인","https://job.alio.go.kr/recruitview.do?idx=304392"
"JA-268","JOB-ALIO","중소기업은행","IBK기업은행 전문계약직(소방안전관리자) 채용공고","서울","비정규직","상세공고 확인","상세공고 확인","2026.09.04","2026-09-21","진행중","기간제·비정규","세부조건 확인","제한 문구 미탐지","포털 목록 확인","정상","상세공고 확인","상세공고 확인","상세공고 확인","상세공고 확인","https://job.alio.go.kr/recruitview.do?idx=304389"
"JA-267","JOB-ALIO","중소기업은행","IBK기업은행 전문계약직(보건관리자) 채용공고","서울","비정규직","상세공고 확인","상세공고 확인","2026.09.04","2026-09-21","진행중","기간제·비정규","세부조건 확인","제한 문구 미탐지","포털 목록 확인","정상","상세공고 확인","상세공고 확인","상세공고 확인","상세공고 확인","https://job.alio.go.kr/recruitview.do?idx=304388"
"JA-266","JOB-ALIO","중소기업은행","IBK기업은행 전문계약직(안전관리자) 채용공고","서울","비정규직","상세공고 확인","상세공고 확인","2026.09.04","2026-09-21","진행중","기간제·비정규","세부조건 확인","제한 문구 미탐지","포털 목록 확인","정상","상세공고 확인","상세공고 확인","상세공고 확인","상세공고 확인","https://job.alio.go.kr/recruitview.do?idx=304363"
"JA-265","JOB-ALIO","중소기업은행","IBK기업은행 전문계약직(보이스피싱 모니터링) 채용공고","서울","비정규직","상세공고 확인","상세공고 확인","2026.09.04","2026-09-21","진행중","기간제·비정규","세부조건 확인","제한 문구 미탐지","포털 목록 확인","정상","상세공고 확인","상세공고 확인","상세공고 확인","상세공고 확인","https://job.alio.go.kr/recruitview.do?idx=304362"
"JA-264","JOB-ALIO","중소기업은행","IBK기업은행 전문계약직(한국변호사) 채용공고","서울","비정규직","상세공고 확인","상세공고 확인","2026.09.04","2026-09-21","진행중","경력·전문직","경력·전문 우선","제한 문구 미탐지","포털 목록 확인","정상","상세공고 확인","상세공고 확인","상세공고 확인","상세공고 확인","https://job.alio.go.kr/recruitview.do?idx=304345"
"JA-263","JOB-ALIO","중소기업은행","IBK기업은행 전문계약직(감정평가사) 채용공고","서울","비정규직","상세공고 확인","상세공고 확인","2026.09.04","2026-09-21","진행중","기간제·비정규","세부조건 확인","제한 문구 미탐지","포털 목록 확인","정상","상세공고 확인","상세공고 확인","상세공고 확인","상세공고 확인","https://job.alio.go.kr/recruitview.do?idx=304343"
"JA-262","JOB-ALIO","중소기업은행","IBK기업은행 전문계약직(군 전문위원) 채용공고","서울","비정규직","상세공고 확인","상세공고 확인","2026.09.04","2026-09-21","진행중","기간제·비정규","세부조건 확인","제한 문구 미탐지","포털 목록 확인","정상","상세공고 확인","상세공고 확인","상세공고 확인","상세공고 확인","https://job.alio.go.kr/recruitview.do?idx=304342"
"JA-261","JOB-ALIO","중소기업은행","IBK기업은행 전문계약직(컨설턴트(세무회계)) 채용공고","서울","비정규직","상세공고 확인","상세공고 확인","2026.09.04","2026-09-21","진행중","기간제·비정규","세부조건 확인","제한 문구 미탐지","포털 목록 확인","정상","상세공고 확인","상세공고 확인","상세공고 확인","상세공고 확인","https://job.alio.go.kr/recruitview.do?idx=304341"
"JA-260","JOB-ALIO","중소기업은행","IBK기업은행 일반계약직(나라사랑카드 영업지원) 채용공고","서울 외 1","비정규직","상세공고 확인","상세공고 확인","2026.09.04","2026-09-21","진행중","기간제·비정규","세부조건 확인","제한 문구 미탐지","포털 목록 확인","정상","상세공고 확인","상세공고 확인","상세공고 확인","상세공고 확인","https://job.alio.go.kr/recruitview.do?idx=304340"
"JA-259","JOB-ALIO","중소기업은행","IBK기업은행 일반계약직(스포츠센터 트레이너) 채용공고","경기","비정규직","상세공고 확인","상세공고 확인","2026.09.04","2026-09-21","진행중","기간제·비정규","세부조건 확인","제한 문구 미탐지","포털 목록 확인","정상","상세공고 확인","상세공고 확인","상세공고 확인","상세공고 확인","https://job.alio.go.kr/recruitview.do?idx=304339"
"JA-258","JOB-ALIO","한국한의학연구원","2026년 2차 박사후연구원 및 석사후연구원 공개채용 공고","대전 외 2","비정규직","상세공고 확인","상세공고 확인","2026.09.03","2026-09-18","진행중","경력·전문직","경력·전문 우선","제한 문구 미탐지","포털 목록 확인","정상","상세공고 확인","상세공고 확인","상세공고 확인","상세공고 확인","https://job.alio.go.kr/recruitview.do?idx=304725"
"JA-257","JOB-ALIO","대한적십자사","대한적십자사 서울남부혈액원 비정규직 장애인 한시적 근로자 채용 공고","서울","비정규직","상세공고 확인","상세공고 확인","2026.09.03","2026-09-18","진행중","기간제·비정규","세부조건 확인","제한 문구 미탐지","포털 목록 확인","정상","상세공고 확인","상세공고 확인","상세공고 확인","상세공고 확인","https://job.alio.go.kr/recruitview.do?idx=304624"
"JA-256","JOB-ALIO","한국지식재산보호원","[한국지식재산보호원] 2026년도 제9차 인력채용","서울","비정규직 외 2","상세공고 확인","상세공고 확인","2026.09.03","2026-09-18","진행중","기간제·비정규","세부조건 확인","제한 문구 미탐지","포털 목록 확인","정상","상세공고 확인","상세공고 확인","상세공고 확인","상세공고 확인","https://job.alio.go.kr/recruitview.do?idx=304622"
"JA-255","JOB-ALIO","한국지식재산보호원","[한국지식재산보호원] 2026년도 제8차 인력채용","서울","비정규직 외 1","상세공고 확인","상세공고 확인","2026.09.03","2026-09-18","진행중","기간제·비정규","세부조건 확인","제한 문구 미탐지","포털 목록 확인","정상","상세공고 확인","상세공고 확인","상세공고 확인","상세공고 확인","https://job.alio.go.kr/recruitview.do?idx=304621"
"JA-254","JOB-ALIO","경북대학교병원","2026년 계약형 지역필수의사 1차 초빙 공고","대구","정규직","상세공고 확인","상세공고 확인","2026.09.03","2026-09-17","진행중","정규직(세부 확인)","세부조건 확인","제한 문구 미탐지","포털 목록 확인","정상","상세공고 확인","상세공고 확인","상세공고 확인","상세공고 확인","https://job.alio.go.kr/recruitview.do?idx=304618"
"JA-253","JOB-ALIO","한국보훈복지의료공단","[중앙보훈병원] 기간제 간호직 채용공고(9월)","서울","비정규직","상세공고 확인","상세공고 확인","2026.09.03","2026-09-17","진행중","기간제·비정규","세부조건 확인","제한 문구 미탐지","포털 목록 확인","정상","상세공고 확인","상세공고 확인","상세공고 확인","상세공고 확인","https://job.alio.go.kr/recruitview.do?idx=304617"
"JA-252","JOB-ALIO","한국산림복지진흥원","2026년도 하반기 한국산림복지진흥원 공무직 채용 공고","대전 외 5","무기계약직","상세공고 확인","상세공고 확인","2026.09.03","2026-09-21","진행중","무기계약·공무직","세부조건 확인","제한 문구 미탐지","포털 목록 확인","정상","상세공고 확인","상세공고 확인","상세공고 확인","상세공고 확인","https://job.alio.go.kr/recruitview.do?idx=304615"
"JA-251","JOB-ALIO","한국산림복지진흥원","2026년도 하반기 한국산림복지진흥원 정규직(5급, 6급) 채용 공고","대전 외 10","정규직","상세공고 확인","상세공고 확인","2026.09.03","2026-09-21","진행중","정규직(세부 확인)","세부조건 확인","제한 문구 미탐지","포털 목록 확인","정상","상세공고 확인","상세공고 확인","상세공고 확인","상세공고 확인","https://job.alio.go.kr/recruitview.do?idx=304612"
"JA-250","JOB-ALIO","한전KDN","한전KDN(주) 전북사업처 AMI분야 일용근로자 모집 공고","전북","비정규직","상세공고 확인","상세공고 확인","2026.09.03","2026-09-17","진행중","기간제·비정규","세부조건 확인","제한 문구 미탐지","포털 목록 확인","정상","상세공고 확인","상세공고 확인","상세공고 확인","상세공고 확인","https://job.alio.go.kr/recruitview.do?idx=304605"
"JA-249","JOB-ALIO","코레일유통(주)","코레일유통(주) 노무고문 공개모집 공고","서울","비정규직","상세공고 확인","상세공고 확인","2026.09.03","2026-09-17","진행중","기간제·비정규","세부조건 확인","제한 문구 미탐지","포털 목록 확인","정상","상세공고 확인","상세공고 확인","상세공고 확인","상세공고 확인","https://job.alio.go.kr/recruitview.do?idx=304602"
"JA-248","JOB-ALIO","(재)우체국물류지원단","우체국물류지원단 광주지사 광주, 순천, 영암, 전주사업소 추석 특별소통 단기 기간제(운전직, 상하차) 채용 공고","전북 외 1","비정규직","상세공고 확인","상세공고 확인","2026.09.03","2026-09-11","진행중","기간제·비정규","세부조건 확인","제한 문구 미탐지","포털 목록 확인","정상","상세공고 확인","상세공고 확인","상세공고 확인","상세공고 확인","https://job.alio.go.kr/recruitview.do?idx=304594"
"JA-247","JOB-ALIO","한국수자원공사","[한국수자원공사] 장흥수도지사 특수직(지방상수도 시설운영) 채용 공고","전남광주","비정규직","상세공고 확인","상세공고 확인","2026.09.03","2026-09-17","진행중","기간제·비정규","세부조건 확인","제한 문구 미탐지","포털 목록 확인","정상","상세공고 확인","상세공고 확인","상세공고 확인","상세공고 확인","https://job.alio.go.kr/recruitview.do?idx=304591"
"JA-246","JOB-ALIO","국립공원공단","[금정산] 2026년 국립공원지킴이(녹색순찰대) 모집 공고(양산시)","경남","비정규직","상세공고 확인","상세공고 확인","2026.09.03","2026-09-14","진행중","기간제·비정규","세부조건 확인","제한 문구 미탐지","포털 목록 확인","정상","상세공고 확인","상세공고 확인","상세공고 확인","상세공고 확인","https://job.alio.go.kr/recruitview.do?idx=304590"
"JA-245","JOB-ALIO","국립공원공단","[금정산] 2026년 국립공원지킴이(녹색순찰대) 모집 공고(부산광역시)","부산","비정규직","상세공고 확인","상세공고 확인","2026.09.03","2026-09-14","진행중","기간제·비정규","세부조건 확인","제한 문구 미탐지","포털 목록 확인","정상","상세공고 확인","상세공고 확인","상세공고 확인","상세공고 확인","https://job.alio.go.kr/recruitview.do?idx=304589"
"JA-244","JOB-ALIO","주택관리공단(주)","육아휴직 대체직 채용공고(주택관리공단 대구경북지사)","경북","비정규직","상세공고 확인","상세공고 확인","2026.09.03","2026-09-10","진행중","기간제·비정규","세부조건 확인","제한 문구 미탐지","포털 목록 확인","정상","상세공고 확인","상세공고 확인","상세공고 확인","상세공고 확인","https://job.alio.go.kr/recruitview.do?idx=304588"
"JA-243","JOB-ALIO","주택관리공단(주)","채용형 인턴 채용공고(주택관리공단 대구경북지사)","대구","청년인턴(채용형)","신입+경력","상세공고 확인","2026.09.03","2026-09-10","진행중","신입·채용형 인턴","우선검토","제한 문구 미탐지","상세 페이지 확인","정상","○ 응시자격 · 학력, 어학, 성별, 연령 : 제한없음 · 병역 : ?병역법? 제76조에서 정한 병역의무 불이행 사실이 없는 자 * 단, 최종 합격자 발표일까지 전역예정자로서 전형절차에 응시 가능자 지원 가능 · 기타 : 공단 직원채용 결격사유에 해당되지 않는 자","○ 채용절차 1. 채용공고 2. 입사지원서 작성 및 제출 3. 1차 서류전형 4. 1차 서류전형 합격자 발표 5. 2차 면접전형 6. 2차 면접전형 합격자 발표 7. 결격사유 확인 8. 최종합격자 발표 9. 임용 ○ 채용방법 - 국가직무능력표준(NCS)에 기반하여 직업능력(직업기초능력+직무수행능력)평가","2차 면접전형 6 / 2차 면접전형 합격자 발표 7","어학","https://job.alio.go.kr/recruitview.do?idx=304587"
"JA-242","JOB-ALIO","주택관리공단(주)","육아휴직 대체직 채용공고(주택관리공단 전북지사)","전북","비정규직","상세공고 확인","상세공고 확인","2026.09.03","2026-09-10","진행중","기간제·비정규","세부조건 확인","제한 문구 미탐지","포털 목록 확인","정상","상세공고 확인","상세공고 확인","상세공고 확인","상세공고 확인","https://job.alio.go.kr/recruitview.do?idx=304586"
"JA-241","JOB-ALIO","한전KPS(주)","한전KPS(주) 서울경기전력지사 군포지점 단기노무원(부지정리) 모집","서울 외 1","비정규직","상세공고 확인","상세공고 확인","2026.09.03","2026-09-11","진행중","기간제·비정규","세부조건 확인","제한 문구 미탐지","포털 목록 확인","정상","상세공고 확인","상세공고 확인","상세공고 확인","상세공고 확인","https://job.alio.go.kr/recruitview.do?idx=304582"
"JA-240","JOB-ALIO","국립공원공단","[지리산전남] 가을성수기 기간제(수익시설 2차) 직원 채용 공고","전남광주","비정규직","상세공고 확인","상세공고 확인","2026.09.03","2026-09-09","진행중","기간제·비정규","세부조건 확인","제한 문구 미탐지","포털 목록 확인","정상","상세공고 확인","상세공고 확인","상세공고 확인","상세공고 확인","https://job.alio.go.kr/recruitview.do?idx=304581"
"JA-239","JOB-ALIO","한전KPS(주)","한전KPS(주) 한울1사업처 한울1호기 제27차 계획예방정비공사 단기노무원 채용 공고(2차)","경북","비정규직","상세공고 확인","상세공고 확인","2026.09.03","2026-09-16","진행중","기간제·비정규","세부조건 확인","제한 문구 미탐지","포털 목록 확인","정상","상세공고 확인","상세공고 확인","상세공고 확인","상세공고 확인","https://job.alio.go.kr/recruitview.do?idx=304580"
"JA-238","JOB-ALIO","한전KPS(주)","한전KPS(주)서인천사업처 신인천 4CC 계획예방정비공사 청소세탁 단기노무원 채용공고","인천","비정규직","상세공고 확인","상세공고 확인","2026.09.03","2026-09-10","진행중","기간제·비정규","세부조건 확인","제한 문구 미탐지","포털 목록 확인","정상","상세공고 확인","상세공고 확인","상세공고 확인","상세공고 확인","https://job.alio.go.kr/recruitview.do?idx=304579"
"JA-237","JOB-ALIO","한전KPS(주)","한전KPS(주) 영흥사업처 5호기 계획예방정비공사 단기노무원 모집(전기2팀)","인천","비정규직","상세공고 확인","상세공고 확인","2026.09.03","2026-09-10","진행중","기간제·비정규","세부조건 확인","제한 문구 미탐지","포털 목록 확인","정상","상세공고 확인","상세공고 확인","상세공고 확인","상세공고 확인","https://job.alio.go.kr/recruitview.do?idx=304576"
"JA-236","JOB-ALIO","국립공원공단","[지리산전남] 2026년 하반기(2차) 국립공원지킴이 채용 공고","전남광주","비정규직","상세공고 확인","상세공고 확인","2026.09.03","2026-09-17","진행중","기간제·비정규","세부조건 확인","제한 문구 미탐지","포털 목록 확인","정상","상세공고 확인","상세공고 확인","상세공고 확인","상세공고 확인","https://job.alio.go.kr/recruitview.do?idx=304575"
"JA-235","JOB-ALIO","한전KPS(주)","한전KPS(주) 서울경기전력지사 수원지점 단기노무원(부지정리) 모집","경기","비정규직","상세공고 확인","상세공고 확인","2026.09.03","2026-09-11","진행중","기간제·비정규","세부조건 확인","제한 문구 미탐지","포털 목록 확인","정상","상세공고 확인","상세공고 확인","상세공고 확인","상세공고 확인","https://job.alio.go.kr/recruitview.do?idx=304574"
"JA-234","JOB-ALIO","한전KDN","한전KDN(주) 울산지사 배전분야 일용원 모집공고","울산","비정규직","상세공고 확인","상세공고 확인","2026.09.03","2026-09-17","진행중","기간제·비정규","세부조건 확인","제한 문구 미탐지","포털 목록 확인","정상","상세공고 확인","상세공고 확인","상세공고 확인","상세공고 확인","https://job.alio.go.kr/recruitview.do?idx=304573"
"JA-233","JOB-ALIO","한국장애인개발원","[제2026-95호]2026년도 직업재활부(사업평가팀) 사회형평적(장애인) 청년인턴 채용 공고","서울","청년인턴(체험형)","상세공고 확인","상세공고 확인","2026.09.03","2026-09-17","진행중","체험형·청년인턴","세부조건 확인","제한 문구 미탐지","포털 목록 확인","정상","상세공고 확인","상세공고 확인","상세공고 확인","상세공고 확인","https://job.alio.go.kr/recruitview.do?idx=304570"
"JA-232","JOB-ALIO","동남권원자력의학원","[직원채용] 별정직 의사직(마취통증의학과) 공개 채용","부산","비정규직","상세공고 확인","상세공고 확인","2026.09.03","2026-09-16","진행중","기간제·비정규","세부조건 확인","제한 문구 미탐지","포털 목록 확인","정상","상세공고 확인","상세공고 확인","상세공고 확인","상세공고 확인","https://job.alio.go.kr/recruitview.do?idx=304554"
"JA-231","JOB-ALIO","한전KDN","한전KDN(주) 대구본부 AMI분야 작업원 모집공고","대구 외 1","비정규직","상세공고 확인","상세공고 확인","2026.09.03","2026-09-17","진행중","기간제·비정규","세부조건 확인","제한 문구 미탐지","포털 목록 확인","정상","상세공고 확인","상세공고 확인","상세공고 확인","상세공고 확인","https://job.alio.go.kr/recruitview.do?idx=304537"
"JA-230","JOB-ALIO","한국보건의료인국가시험원","2026년도 제5차 한국보건의료인국가시험원 대체인력(기간제직원) 채용 공고 (인재채움뱅크)","서울","비정규직","상세공고 확인","상세공고 확인","2026.09.03","2026-09-17","진행중","기간제·비정규","세부조건 확인","제한 문구 미탐지","포털 목록 확인","정상","상세공고 확인","상세공고 확인","상세공고 확인","상세공고 확인","https://job.alio.go.kr/recruitview.do?idx=304504"
"JA-229","JOB-ALIO","한국토지주택공사","한국토지주택공사 토지주택연구원 기간제근로자 채용공고","대전","비정규직","상세공고 확인","상세공고 확인","2026.09.03","2026-09-17","진행중","기간제·비정규","세부조건 확인","제한 문구 미탐지","포털 목록 확인","정상","상세공고 확인","상세공고 확인","상세공고 확인","상세공고 확인","https://job.alio.go.kr/recruitview.do?idx=304502"
"JA-228","JOB-ALIO","서울올림픽기념국민체육진흥공단","한국스포츠과학원 초빙연구원(나급) 채용 공고-스포츠반도핑 정보활동 및 조사체계 구축 연구","서울","비정규직","상세공고 확인","상세공고 확인","2026.09.03","2026-09-17","진행중","기간제·비정규","세부조건 확인","제한 문구 미탐지","포털 목록 확인","정상","상세공고 확인","상세공고 확인","상세공고 확인","상세공고 확인","https://job.alio.go.kr/recruitview.do?idx=304501"
"JA-227","JOB-ALIO","한국수목원정원관리원","2026년 제3차 국립정원문화원 기간제 근로자 채용 공고","전남광주","비정규직","상세공고 확인","상세공고 확인","2026.09.02","2026-09-16","진행중","기간제·비정규","세부조건 확인","제한 문구 미탐지","포털 목록 확인","정상","상세공고 확인","상세공고 확인","상세공고 확인","상세공고 확인","https://job.alio.go.kr/recruitview.do?idx=304568"
"JA-226","JOB-ALIO","국립공원공단","(수정) [설악산] 2026년 국립공원지킴이(녹색순찰대) 추가 모집 공고","강원","비정규직","상세공고 확인","상세공고 확인","2026.09.02","2026-09-14","진행중","기간제·비정규","세부조건 확인","제한 문구 미탐지","포털 목록 확인","정상","상세공고 확인","상세공고 확인","상세공고 확인","상세공고 확인","https://job.alio.go.kr/recruitview.do?idx=304616"
"JA-225","JOB-ALIO","부산항만공사","부산항만공사 정규직(신입) 채용 공고","부산","정규직","신입","상세공고 확인","2026.09.02","2026-09-17","진행중","신입·정규직","우선검토","제한 문구 미탐지","상세 페이지 확인","정상","[공통] ○ 블라인드 채용 가이드라인에 따라 학력ㆍ성별ㆍ전공 등 제한 없음- 단, 임용예정일(2026.11.30.) 기준 공사 정년(60세) 미만인 자 ○ 남성의 경우 병역필 또는 면제자- 고졸 분야 지원 시 병역 미필자 가능, 현역인 경우 최종합격자 발표일 이전 전역 가능한 자 ○ 부산항만공사 취업규칙 제9조 등에 따른 채용 결격사유가 없는 자 ○ 임용 즉시 근무 가능한 자 ○ 모집분야별 중복지원 불가 및 중복지원 시 불합격 처리 ○ [한국사] 국사편찬위원회 한국사능력검정시험 3급 이상 합격자- 유효기간 해당사항 없음 [사무(일반, 취업지원), 기술(토목,건축)] 공인 영어성적 기준 점수(TOEIC 기준 700점 등) 이상인 자 [사무] ㅇ 사무(고졸) : 최종학력이 고등학교 졸업 또는 졸업예정인 자, 공고마감일(2026.9.17.) 기준 고졸 검정고시 합격일로부터 1년이 경과하지 않은 자 ㅇ 사무(취업지원) : 「국가유공자 등 예우 및 지원에 관한 법률」 등 보훈관계법률에 의한 취업지원(보호) 대상자 [기술] ㅇ 기술(토목) : 「국가기술자격법」에서 정하는 토목산업기사 이상 자격증 보유자 ㅇ 기술(건축) : 「국가기술자격법」에서 정하는 건축산업기사 이상 자격증 보유자","1차(필기·서류전형) : 인성검사 적합자에 한하여 직업공통능력평가 및 직무수행능력평가(고졸, 취업지원 분야 제외)에서 득점한 점수와 가점(해당자에 한함)을 합산한 총점의 고득점자순으로 서류 적/부 판단 (5배수 선발 예정) 2차(면접전형) : 토론면접(30%), 역량(집단·개별)면접(70%) (1배수 선발 예정) ※ 자세한 사항은 첨부파일의 채용공고문 참고","1차(필기·서류전형) : 인성검사 적합자에 한하여 직업공통능력평가 및 직무수행능력평가(고졸, 취업지원 분야 제외)에서 득점한 점수와 가점(해당자에 한함)을 합산한 총점의 고득점자순으로 서류 적/부 판단 (5배수 선발 예정) 2차(면접전형) : 토론면접(30%), 역량(집단·개별)면접(70%) (1배수 선발 예정) ※ 자세한 사항은 첨부파일의 채용공고문 참고","한국사, TOEIC, 토목산업기사, 건축산업기사","https://job.alio.go.kr/recruitview.do?idx=304555"
"JA-224","JOB-ALIO","정보통신정책연구원","2026년도 계약직 행정원 채용공고(휴직대체)","충북","비정규직","상세공고 확인","상세공고 확인","2026.09.02","2026-09-17","진행중","기간제·비정규","세부조건 확인","제한 문구 미탐지","포털 목록 확인","정상","상세공고 확인","상세공고 확인","상세공고 확인","상세공고 확인","https://job.alio.go.kr/recruitview.do?idx=304553"
"JA-223","JOB-ALIO","전남대학교병원","2026년 9월 전남대학교병원 직원(대체근로자) 공개채용 공고","전남광주","비정규직","상세공고 확인","상세공고 확인","2026.09.02","2026-09-09","진행중","기간제·비정규","세부조건 확인","제한 문구 미탐지","포털 목록 확인","정상","상세공고 확인","상세공고 확인","상세공고 확인","상세공고 확인","https://job.alio.go.kr/recruitview.do?idx=304552"
"JA-222","JOB-ALIO","한국전력공사","2026년도 하반기 4직급 대졸수준 신입사원 채용공고","서울 외 15","정규직","신입","상세공고 확인","2026.09.02","2026-09-16","진행중","신입·정규직","우선검토","제한 문구 미탐지","상세 페이지 확인","정상","1. 학력·전공 ○ 사무 : 제한 없음 ○ 기술 : 해당분야 전공자 또는 관련분야 자격증 보유자 2. 외국어 ○ 영어, 일어, 중국어 700점 이상 (TOEIC 기준) ○ 유효성적 : '24. 11. 28.부터 응시하고 접수 마감일까지 발표한 국내 정기시험 성적만 인정 (단, TOEIC, TOEIC-S, OPIc, TEPS, TEPS-S, JPT, HSK는 국가공무원 채용시스템에 등록된 어학성적에 한하여 유효기간을 시험의 실시연도 +5년까지 인정) ○ 고급자격증 보유자는 외국어 성적 면제 ○ 해외학위자도 국내 외국어 유효성적을 보유해야 지원 가능 3. 연령 : 제한없음(단, 공사 정년(60세)에 도달한 자는 지원불가) 4. 병역 : 병역법 제76조에서 정한 병역의무 불이행 사실이 없는 자 5. 기타 ○ 당사 인사관리규정 제11조 신규채용자의 결격사유가 없는 자 ○ 지원서 접수마감일 현재 한전 4직급 직원으로 재직 중이지 않은 자(단, 상위 채용수준으로는 지원가능) ○ 입사일부터 근무 가능한 자 ○ 전국권(이전지역인재) 지원시 전남광주 소재 학교(대학까지의 최종학력 기준, 대학원 이상 제외) 졸업(예정)·중퇴·재학·휴학중인 자만 지원 가능 ○ 보훈 분야는 「국가유공자법」에서 정한 취업지원대상자만 지원 가능 ○ 장애인 분야(사무)는 「장애인고용법」에서 정한 장애인만 지원 가능 ※ 자세한 사항은 첨부파일의 공고문 참조","1. [1차] 서류전형 ○ 외국어성적(100점), 자격증가점(사무20점, 기술40점) / 사무 : 50배수, 전기(배전, 송변전) : 10배수, 기술(전기 외) : 15배수 ※ 장애인 및 보훈 전형 전원 합격 2. [2차] 필기전형 ○ 직무능력검사(100점), 인성·인재상·조직적합도 검사 결과(적·부) / 2~3배수(공고문 참조) 3. [3차] 면접전형 ○ 직무면접(50점), 경험면접(50점) / 1배수 ※ 자세한 사항은 첨부파일의 공고문 참조","[3차] 면접전형 ○ 직무면접(50점), 경험면접(50점) / 1배수 ※ 자세한 사항은 첨부파일의 공고문 참조","외국어, TOEIC, 어학","https://job.alio.go.kr/recruitview.do?idx=304551"
"JA-221","JOB-ALIO","한국보훈복지의료공단","[원주보훈요양원] 2026년 휴직대체 계약직(물리치료사) 공개채용 공고","강원","비정규직","상세공고 확인","상세공고 확인","2026.09.02","2026-09-17","진행중","기간제·비정규","세부조건 확인","제한 문구 미탐지","포털 목록 확인","정상","상세공고 확인","상세공고 확인","상세공고 확인","상세공고 확인","https://job.alio.go.kr/recruitview.do?idx=304549"
"JA-220","JOB-ALIO","경북대학교병원","2026년 제4차 정규직 공개채용 공고","대구","정규직","신입+경력","상세공고 확인","2026.09.02","2026-09-16","진행중","정규직(세부 확인)","검토","제한 문구 미탐지","상세 페이지 확인","정상","○ 행정직(법무), 별정직, 의료기술직, 시설기술직, 원무직, 간호조무직, 운영지원직 : 직무별 해당자격 소지자(세부사항 공고문 참조)","1차: 지원서 자격적부 2차: 1차 필기전형/서류전형 3차: 2차 면접전형 최종: 3차 입사지원서 기재사항 진위확인 전형","1차: 지원서 자격적부 2차: 1차 필기전형/서류전형 3차: 2차 면접전형 최종: 3차 입사지원서 기재사항 진위확인 전형","전기공사기사, 소방설비기사, 컴퓨터활용능력","https://job.alio.go.kr/recruitview.do?idx=304548"
"JA-219","JOB-ALIO","한국보훈복지의료공단","[원주보훈요양원] 2026년 제2차 체험형 청년인턴(장애인) 채용","강원","청년인턴(체험형)","상세공고 확인","상세공고 확인","2026.09.02","2026-09-17","진행중","체험형·청년인턴","세부조건 확인","제한 문구 미탐지","포털 목록 확인","정상","상세공고 확인","상세공고 확인","상세공고 확인","상세공고 확인","https://job.alio.go.kr/recruitview.do?idx=304546"
"JA-218","JOB-ALIO","한국학중앙연구원","기능직(통신) 채용 공고","경기","정규직","상세공고 확인","상세공고 확인","2026.09.02","2026-09-17","진행중","정규직(세부 확인)","세부조건 확인","제한 문구 미탐지","포털 목록 확인","정상","상세공고 확인","상세공고 확인","상세공고 확인","상세공고 확인","https://job.alio.go.kr/recruitview.do?idx=304545"
"JA-217","JOB-ALIO","제주대학교병원","제주대학교병원 휴직대체 계약직(보건의료정보관리사, 업무지원_환경) 모집공고","제주","비정규직","상세공고 확인","상세공고 확인","2026.09.02","2026-09-09","진행중","기간제·비정규","세부조건 확인","제한 문구 미탐지","포털 목록 확인","정상","상세공고 확인","상세공고 확인","상세공고 확인","상세공고 확인","https://job.alio.go.kr/recruitview.do?idx=304543"
"JA-216","JOB-ALIO","제주대학교병원","제주대학교병원 원무직(업무보조) 모집공고","제주","정규직","상세공고 확인","상세공고 확인","2026.09.02","2026-09-09","진행중","정규직(세부 확인)","세부조건 확인","제한 문구 미탐지","포털 목록 확인","정상","상세공고 확인","상세공고 확인","상세공고 확인","상세공고 확인","https://job.alio.go.kr/recruitview.do?idx=304542"
"JA-215","JOB-ALIO","한국학중앙연구원","교원 초빙 공고","경기","정규직","상세공고 확인","상세공고 확인","2026.09.02","2026-09-17","진행중","정규직(세부 확인)","세부조건 확인","제한 문구 미탐지","포털 목록 확인","정상","상세공고 확인","상세공고 확인","상세공고 확인","상세공고 확인","https://job.alio.go.kr/recruitview.do?idx=304540"
"JA-214","JOB-ALIO","대한적십자사","2026년도 제9차 혈액관리본부 소속기관 의무직 신규채용 공고(중앙혈액검사센터)","서울","비정규직","상세공고 확인","상세공고 확인","2026.09.02","2026-09-17","진행중","기간제·비정규","세부조건 확인","제한 문구 미탐지","포털 목록 확인","정상","상세공고 확인","상세공고 확인","상세공고 확인","상세공고 확인","https://job.alio.go.kr/recruitview.do?idx=304539"
"JA-213","JOB-ALIO","한국콘텐츠진흥원","2026년 4분기 한국콘텐츠진흥원 기간제 계약직원 채용 공고","서울","비정규직","상세공고 확인","상세공고 확인","2026.09.02","2026-09-16","진행중","기간제·비정규","세부조건 확인","제한 문구 미탐지","포털 목록 확인","정상","상세공고 확인","상세공고 확인","상세공고 확인","상세공고 확인","https://job.alio.go.kr/recruitview.do?idx=304538"
"JA-212","JOB-ALIO","대한적십자사","2026년도 제4차 혈액관리본부 소속기관 원장 신규채용 공고(중부혈액검사센터)","대전","비정규직","상세공고 확인","상세공고 확인","2026.09.02","2026-09-17","진행중","경력·전문직","경력·전문 우선","제한 문구 미탐지","포털 목록 확인","정상","상세공고 확인","상세공고 확인","상세공고 확인","상세공고 확인","https://job.alio.go.kr/recruitview.do?idx=304536"
"JA-211","JOB-ALIO","한국콘텐츠진흥원","2026년 4분기 한국콘텐츠진흥원 경력직원 채용 공고","전남광주","무기계약직","상세공고 확인","상세공고 확인","2026.09.02","2026-09-16","진행중","경력·전문직","경력·전문 우선","제한 문구 미탐지","포털 목록 확인","정상","상세공고 확인","상세공고 확인","상세공고 확인","상세공고 확인","https://job.alio.go.kr/recruitview.do?idx=304535"
"JA-210","JOB-ALIO","한국장애인고용공단","[경기남부직업능력개발원] 기간제근로자(전산관리원 대체인력) 공개경쟁 채용","경기","비정규직","상세공고 확인","상세공고 확인","2026.09.02","2026-09-14","진행중","기간제·비정규","세부조건 확인","제한 문구 미탐지","포털 목록 확인","정상","상세공고 확인","상세공고 확인","상세공고 확인","상세공고 확인","https://job.alio.go.kr/recruitview.do?idx=304534"
"JA-209","JOB-ALIO","한국학중앙연구원","비정규직(휴직 대체인력) 채용 공고","경기","비정규직","상세공고 확인","상세공고 확인","2026.09.02","2026-09-17","진행중","기간제·비정규","세부조건 확인","제한 문구 미탐지","포털 목록 확인","정상","상세공고 확인","상세공고 확인","상세공고 확인","상세공고 확인","https://job.alio.go.kr/recruitview.do?idx=304533"
"JA-208","JOB-ALIO","대한적십자사","상주적십자병원 직원(정규직 간호사, 정규직 간호조무사, 정규직 기술직_운전원, 비정규직 사무보조원, 비정규직 임상병리사) 모집 공고","경북","비정규직 외 1","상세공고 확인","상세공고 확인","2026.09.02","2026-09-18","진행중","경력·전문직","경력·전문 우선","제한 문구 미탐지","포털 목록 확인","정상","상세공고 확인","상세공고 확인","상세공고 확인","상세공고 확인","https://job.alio.go.kr/recruitview.do?idx=304532"
"JA-207","JOB-ALIO","한국장애인고용공단","[경기남부직업능력개발원] 특정업무직(운영지원직) 시설정비원(주간) 채용","경기","무기계약직 외 1","상세공고 확인","상세공고 확인","2026.09.02","2026-09-14","진행중","무기계약·공무직","세부조건 확인","제한 문구 미탐지","포털 목록 확인","정상","상세공고 확인","상세공고 확인","상세공고 확인","상세공고 확인","https://job.alio.go.kr/recruitview.do?idx=304531"
"JA-206","JOB-ALIO","한국콘텐츠진흥원","(수정) 2026년 4분기 한국콘텐츠진흥원 공무직원(환경미화(보훈), 조리) 채용 공고","서울 외 1","무기계약직","상세공고 확인","상세공고 확인","2026.09.02","2026-09-16","진행중","제한경쟁·조건부","조건 충족자만","보훈 관련 제한경쟁","포털 목록 확인","정상","상세공고 확인","상세공고 확인","상세공고 확인","상세공고 확인","https://job.alio.go.kr/recruitview.do?idx=304724"
"JA-205","JOB-ALIO","한식진흥원","2026년 제4차 한식진흥원 공개채용 공고","서울 외 1","정규직","신입+경력","상세공고 확인","2026.09.02","2026-09-18","진행중","정규직(세부 확인)","검토","제한 문구 미탐지","상세 페이지 확인","정상","(공통) 1. 임용일 기준 개인사업, 타 기관, 기업에 재직하는 등 겸직 사실이 없는 자 2. 만 18세 이상이고, 접수마감일 기준 정년(만60세) 이하인 자 3. 채용 확정 후 즉시 근무가 가능한 자(임용 예정일 변경 및 유예 불가) * 채용직무별 자격사항은 첨부된 채용공고문 참고","ㅁ 전형절차 : 서류전형, 필기전형, 면접전형, 최종합격 ㅇ 서류전형 - 평가기준 : 정량평가 및 정성평가 - 합격자 배수 : 12배수 이내 ㅇ 필기전형 - 평가과목 : 직무별 상이 - 합격자 배수 : 6배수 이내 ㅇ 면접전형 - 평가방법 : 직무별 상이 - 합격자배수 : 1배수 이내 ㅇ 이의제기 신청 기간 - 신청기간 : 10.16. ~ 10.22. 14시 - 신청방법 : 필수 기재항목(성명, 이메일, 연락처, 이의제기 상세이유)을 작성하여 이메일(recruit@hansik.or.kr)로 신청 - 결과회신 : 10.27. 회신 예정(개별 이메일 회신) ㅇ 최종합격 - 제출서류 등 검증 ※ 보다 자세한 사항은 첨부된 채용공고문 참조","ㅁ 전형절차 : 서류전형, 필기전형, 면접전형, 최종합격 ㅇ 서류전형 - 평가기준 : 정량평가 및 정성평가 - 합격자 배수 : 12배수 이내 ㅇ 필기전형 - 평가과목 : 직무별 상이 - 합격자 배수 : 6배수 이내 ㅇ 면접전형 - 평가방법 : 직무별 상이 - 합격자배수 : 1배수 이내 ㅇ 이의제기 신청 기간 - 신청기간 : 10","상세공고 확인","https://job.alio.go.kr/recruitview.do?idx=304529"
"JA-204","JOB-ALIO","한국콘텐츠진흥원","2026년 4분기 한국콘텐츠진흥원 신입직원 채용 공고","전남광주","정규직","신입","상세공고 확인","2026.09.02","2026-09-28","진행중","신입·정규직","우선검토","제한 문구 미탐지","상세 페이지 확인","정상","- 연령, 성별, 학력, 전공 제한 없음 (단, 입사예정일 기준 우리원 정년(만 60세)에 도달하는 자는 지원 불가 - 병역법 제 76조에서 정한 병역의무 불이행 사실이 없는 자 - 직무기술서에 따른 업무가 가능한 자 - 입사일 즉시 근무 가능한 자 - 콘진원 인사규정 제 8조의 결격사유에 해당하지 않는 자","- 서류전형: 20배수 이내 합격 - 필기전형(NCS 및 인성검사): 5배수 이내 합격 - 역량면접: 2.5배수 이내 합격 - 인성면접: 1배수 이내 합격 (채용전형 종료 후 대상자에게 신체검사 및 서류검증 진행)","- 서류전형: 20배수 이내 합격 - 필기전형(NCS 및 인성검사): 5배수 이내 합격 - 역량면접: 2 / 5배수 이내 합격 - 인성면접: 1배수 이내 합격 (채용전형 종료 후 대상자에게 신체검사 및 서류검증 진행)","상세공고 확인","https://job.alio.go.kr/recruitview.do?idx=304527"
"JA-203","JOB-ALIO","한국학중앙연구원","사서직 채용 공고","경기","정규직","상세공고 확인","상세공고 확인","2026.09.02","2026-09-17","진행중","정규직(세부 확인)","세부조건 확인","제한 문구 미탐지","포털 목록 확인","정상","상세공고 확인","상세공고 확인","상세공고 확인","상세공고 확인","https://job.alio.go.kr/recruitview.do?idx=304526"
"JA-202","JOB-ALIO","국립공원공단","[한려동부] 2026년 한려해상국립공원동부사무소 한시인력(국립공원지킴이) 직원 채용","경남","비정규직","상세공고 확인","상세공고 확인","2026.09.02","2026-09-16","진행중","기간제·비정규","세부조건 확인","제한 문구 미탐지","포털 목록 확인","정상","상세공고 확인","상세공고 확인","상세공고 확인","상세공고 확인","https://job.alio.go.kr/recruitview.do?idx=304525"
"JA-201","JOB-ALIO","(재)우체국물류지원단","우체국물류지원단 서울지사 동서울물류사업소 추석 특별소통 단기 기간제(일용직_우편물구분) 채용 공고","서울","비정규직","상세공고 확인","상세공고 확인","2026.09.02","2026-09-11","진행중","기간제·비정규","세부조건 확인","제한 문구 미탐지","포털 목록 확인","정상","상세공고 확인","상세공고 확인","상세공고 확인","상세공고 확인","https://job.alio.go.kr/recruitview.do?idx=304524"
"JA-200","JOB-ALIO","한국수자원공사","[한국수자원공사] 영·섬유역협력단 진안현대화사업소 '26년 노후 상수관망 정비사업 특수직(기술관리_건설사업) 채용 공고","전북","비정규직","상세공고 확인","상세공고 확인","2026.09.02","2026-09-16","진행중","기간제·비정규","세부조건 확인","제한 문구 미탐지","포털 목록 확인","정상","상세공고 확인","상세공고 확인","상세공고 확인","상세공고 확인","https://job.alio.go.kr/recruitview.do?idx=304522"
"JA-199","JOB-ALIO","한국수자원공사","[한국수자원공사] 영·섬유역협력단 김제현대화사업소 '26년 노후 상수관망 정비사업 특수직(기술관리_건설사업) 채용 공고","전북","비정규직","상세공고 확인","상세공고 확인","2026.09.02","2026-09-16","진행중","기간제·비정규","세부조건 확인","제한 문구 미탐지","포털 목록 확인","정상","상세공고 확인","상세공고 확인","상세공고 확인","상세공고 확인","https://job.alio.go.kr/recruitview.do?idx=304521"
"JA-198","JOB-ALIO","한국수자원공사","[한국수자원공사] 영·섬유역협력단 익산현대화사업소 '26년 노후 상수관망 정비사업 특수직(기술관리_건설사업) 채용 공고","전북","비정규직","상세공고 확인","상세공고 확인","2026.09.02","2026-09-16","진행중","기간제·비정규","세부조건 확인","제한 문구 미탐지","포털 목록 확인","정상","상세공고 확인","상세공고 확인","상세공고 확인","상세공고 확인","https://job.alio.go.kr/recruitview.do?idx=304519"
"JA-197","JOB-ALIO","한국수자원공사","[한국수자원공사] 영·섬유역협력단 남원현대화사업소 노후 상수관망 정비사업 특수직(기술관리_건설사업) 채용 공고","전북","비정규직","상세공고 확인","상세공고 확인","2026.09.02","2026-09-16","진행중","기간제·비정규","세부조건 확인","제한 문구 미탐지","포털 목록 확인","정상","상세공고 확인","상세공고 확인","상세공고 확인","상세공고 확인","https://job.alio.go.kr/recruitview.do?idx=304518"
"JA-196","JOB-ALIO","한국학중앙연구원","전문직(상담) 채용 공고","경기","정규직","상세공고 확인","상세공고 확인","2026.09.02","2026-09-17","진행중","정규직(세부 확인)","세부조건 확인","제한 문구 미탐지","포털 목록 확인","정상","상세공고 확인","상세공고 확인","상세공고 확인","상세공고 확인","https://job.alio.go.kr/recruitview.do?idx=304517"
"JA-195","JOB-ALIO","한국수자원공사","[한국수자원공사] (재공고) 전남북부권지사 실무직(사무관리_고객관리) 채용 공고","전남광주","무기계약직","상세공고 확인","상세공고 확인","2026.09.02","2026-09-16","진행중","무기계약·공무직","세부조건 확인","제한 문구 미탐지","포털 목록 확인","정상","상세공고 확인","상세공고 확인","상세공고 확인","상세공고 확인","https://job.alio.go.kr/recruitview.do?idx=304515"
"JA-194","JOB-ALIO","근로복지공단","[동해병원] 기간제 의사(산부인과) 채용 공고","강원","비정규직","상세공고 확인","상세공고 확인","2026.09.02","2026-09-09","진행중","기간제·비정규","세부조건 확인","제한 문구 미탐지","포털 목록 확인","정상","상세공고 확인","상세공고 확인","상세공고 확인","상세공고 확인","https://job.alio.go.kr/recruitview.do?idx=304514"
"JA-193","JOB-ALIO","한국학중앙연구원","행정직 채용 공고","경기","정규직","상세공고 확인","상세공고 확인","2026.09.02","2026-09-17","진행중","정규직(세부 확인)","세부조건 확인","제한 문구 미탐지","포털 목록 확인","정상","상세공고 확인","상세공고 확인","상세공고 확인","상세공고 확인","https://job.alio.go.kr/recruitview.do?idx=304513"
"JA-192","JOB-ALIO","국립공원공단","[지리산경남] 지리산국립공원경남사무소 2026년 하반기 국립공원지킴이 채용 공고","경남","비정규직","상세공고 확인","상세공고 확인","2026.09.02","2026-09-16","진행중","기간제·비정규","세부조건 확인","제한 문구 미탐지","포털 목록 확인","정상","상세공고 확인","상세공고 확인","상세공고 확인","상세공고 확인","https://job.alio.go.kr/recruitview.do?idx=304512"
"JA-191","JOB-ALIO","영화진흥위원회","2026년 대체인력(일반사무)-2 공개채용 공고","부산","비정규직","상세공고 확인","상세공고 확인","2026.09.02","2026-09-17","진행중","기간제·비정규","세부조건 확인","제한 문구 미탐지","포털 목록 확인","정상","상세공고 확인","상세공고 확인","상세공고 확인","상세공고 확인","https://job.alio.go.kr/recruitview.do?idx=304511"
"JA-190","JOB-ALIO","영화진흥위원회","2026년 대체인력(일반사무)-1 공개채용 공고","부산","비정규직","상세공고 확인","상세공고 확인","2026.09.02","2026-09-17","진행중","기간제·비정규","세부조건 확인","제한 문구 미탐지","포털 목록 확인","정상","상세공고 확인","상세공고 확인","상세공고 확인","상세공고 확인","https://job.alio.go.kr/recruitview.do?idx=304510"
"JA-189","JOB-ALIO","근로복지공단","[동해병원] 기간제 의사(응급실전담의) 채용 공고","강원","비정규직","상세공고 확인","상세공고 확인","2026.09.02","2026-09-09","진행중","기간제·비정규","세부조건 확인","제한 문구 미탐지","포털 목록 확인","정상","상세공고 확인","상세공고 확인","상세공고 확인","상세공고 확인","https://job.alio.go.kr/recruitview.do?idx=304509"
"JA-188","JOB-ALIO","한국마사회","한국마사회 경마지원직 채용공고(영천경마공원)","경북","무기계약직","상세공고 확인","상세공고 확인","2026.09.02","2026-09-16","진행중","무기계약·공무직","세부조건 확인","제한 문구 미탐지","포털 목록 확인","정상","상세공고 확인","상세공고 확인","상세공고 확인","상세공고 확인","https://job.alio.go.kr/recruitview.do?idx=304507"
"JA-187","JOB-ALIO","한국장애인고용공단","[한국장애인고용공단 전남지사]2026년 체험형 청년인턴(대체근로자) 채용","전남광주","비정규직 외 1","상세공고 확인","상세공고 확인","2026.09.02","2026-09-10","진행중","체험형·청년인턴","세부조건 확인","제한 문구 미탐지","포털 목록 확인","정상","상세공고 확인","상세공고 확인","상세공고 확인","상세공고 확인","https://job.alio.go.kr/recruitview.do?idx=304505"
"JA-186","JOB-ALIO","한전KDN","한전KDN(주) 울산지사 AMI 유지보수 일용근로자 모집공고","울산","비정규직","상세공고 확인","상세공고 확인","2026.09.02","2026-09-16","진행중","기간제·비정규","세부조건 확인","제한 문구 미탐지","포털 목록 확인","정상","상세공고 확인","상세공고 확인","상세공고 확인","상세공고 확인","https://job.alio.go.kr/recruitview.do?idx=304500"
"JA-185","JOB-ALIO","서울올림픽기념국민체육진흥공단","서울올림픽기념국민체육진흥공단 파크텔 지원직(호텔지원(식음서비스)) 채용 공고","서울","무기계약직","상세공고 확인","상세공고 확인","2026.09.02","2026-09-16","진행중","무기계약·공무직","세부조건 확인","제한 문구 미탐지","포털 목록 확인","정상","상세공고 확인","상세공고 확인","상세공고 확인","상세공고 확인","https://job.alio.go.kr/recruitview.do?idx=304486"
"JA-184","JOB-ALIO","한국수자원공사","[한국수자원공사] (재공고) 거제권지사 단기계약근로자(수돗물 안심서비스 운영관리) 채용 공고","경남","비정규직","상세공고 확인","상세공고 확인","2026.09.02","2026-09-16","진행중","기간제·비정규","세부조건 확인","제한 문구 미탐지","포털 목록 확인","정상","상세공고 확인","상세공고 확인","상세공고 확인","상세공고 확인","https://job.alio.go.kr/recruitview.do?idx=304476"
"JA-183","JOB-ALIO","한국조폐공사","2026년도 제 2차 한국조폐공사 제지본부 기간제근로자 채용공고","충남","비정규직","상세공고 확인","상세공고 확인","2026.09.02","2026-09-16","진행중","기간제·비정규","세부조건 확인","제한 문구 미탐지","포털 목록 확인","정상","상세공고 확인","상세공고 확인","상세공고 확인","상세공고 확인","https://job.alio.go.kr/recruitview.do?idx=304446"
"JA-182","JOB-ALIO","신용보증기금","2026년도 하반기 신용보증기금 신입직원 채용","서울 외 15","정규직","신입","상세공고 확인","2026.09.02","2026-09-16","진행중","신입·정규직","우선검토","제한 문구 미탐지","상세 페이지 확인","정상","ㅁ 공통사항(지원자 전체) ㅇ 학력, 연령*, 성별 및 전공 : 제한 없음 * 단, 접수마감일 기준 신용보증기금 정년(만 60세)을 초과한 자는 지원 불가 ㅇ 채용확정 후('26년 12월 말 예정) 전일 근무 가능한 자(입사 유예 불가) ㅇ 채용제한 사유에 해당되지 않는 자(붙임1 참조) ㅇ 병역법 제76조에서 정한 병역의무 불이행 사실이 없는 자 * 채용확정일('26년 12월 말 예정) 이전 전역(예정)자 지원 가능 ※ 채용단위(정규직 5급(상경계, 비상경계, 인공지능, ICT, 보훈), 정규직6급(고교 경영금융, 고교 정보통신)별 자세한 내용은 첨부된 채용 공고를 참고해 주시기 바랍니다.","1. 입사지원 ㅇ 접수기간 : ’26.9.2.(수) ~ 9.16.(수) 16:00 (접수기간 내 24시간 접수 가능) ㅇ 접수방법 : 채용 홈페이지(http://kodit.saramin.co.kr)를 통한 온라인 접수 2. 서류전형 ㅇ 평가대상 : (1단계) 입사지원자 전원, (2단계) 1단계 평가 통과자 ㅇ 우대사항 : 최근 1년 이내 신용보증기금 최우수 인턴 수료자 서류전형 면제 - 자세한 내용 및 그 외 우대사항은 ‘7. 가점 및 우대사항’ 참조 3. 필기전형 ㅁ 공통사항 ㅇ 응시대상 : 서류전형 합격자 중 응시정보 등록자 ㅇ 응시일자 : ’26. 10. 17.(토) 예정 (1·2차 필기 동시 실시) ㅇ 응시장소 : 서울, 대구 예정 (보훈, 고교 경영금융, 고교 정보통신 채용단위는 일괄적으로 고사장을 지정하여 운영) ㅇ 우대사항 : ‘7. 가점 및 우대사항’ 참조 ㅇ 전형평가(상경계, 비상경계, 인공지능, ICT) : 1·2차 허들형 평가 ㅇ 전형평가(보 훈) : 1차 직업기초능력(NCS)과 2차 논술 필기 평가 합산 ㅇ 전형평가(고교 경영금융, 고교 정보통신) : 직업기초능력(NCS)과 직무전공 평가 합산 ㅇ 최종 합격자 선정배수 : 3배수(단, 고교 정보통신은 5배수) ㅇ 기타 유의사항 - 답안지 작성이 끝났더라도 시험 종료 시까지 퇴실할 수 없음 ㅁ 1차 객관식 필기 평가 ㅇ 평가대상 : 서류전형 합격자 중 응시정보 등록자 ㅇ 평가내용 - 직업기초능력 : 의사소통능력, 문제해결능력, 수리능력, 자원관리능력 - 직무전공 등 : 직무수행능력을 평가하기 위한 전공시험 등 □ 2차 논술 필기 평가 ㅇ 평가내용 : 직무분야 전공 및 직무수행과 연관된 주제 4. 면접전형 ㅇ 응시대상 : 필기전형 합격자 중 기한까지 자기소개서 작성(직무관련 교육사항 포함), 온라인 인성검사 및 관련…","면접전형 ㅇ 응시대상 : 필기전형 합격자 중 기한까지 자기소개서 작성(직무관련 교육사항 포함), 온라인 인성검사 및 관련 증빙서류 제출을 완료한 자 ㅇ 응시일자 : ’26 / 가점 및 우대사항’ 참조 ㅇ 평가내용 : 3단계 면접 실시 - 과제수행면접 : 조별 과제수행을 통해 문제해결력 및 협업능력 평가 - 실무면접 : 업무수행계획서와 교육 및 자격사항 등을 중심으로 직무수행역량 평가 - 심층면접 : 자기소개서 및 경력사항 등을 중심으로 기본역량 및 조직적합도 평가 ㅇ 과락 및 합격자 선정 : - (과락) 가점 적용 전 3단계 면접전형 평가점수(원점수)를 합산한 점수가 만점의 40% 미만 - (합격자 선정) 3단계 면접전형 평가점수(원점수)에 가점을 합산한 종합점수 고득점 순 (1배수) ㅇ 결원충원 : 입사포기자 발생 시 입사일 (’26년 12월 말 예정) 직전 최종 영업일 (18시)까지 채용단위별로 예비순번에 따라 추가합격 실시 - 지원자 미달, 과락 점수를 초과하는 득점자가 없는…","한국사, 정보보안기사, 정보처리기사, 빅데이터분석기사, 의사","https://job.alio.go.kr/recruitview.do?idx=304432"
"JA-181","JOB-ALIO","한국마사회","2026년 제2차 한국마사회 체험형 청년인턴 채용공고(장애인, 사회형평, 말산업 전문)","부산 외 2","청년인턴(체험형)","상세공고 확인","상세공고 확인","2026.09.02","2026-09-16","진행중","체험형·청년인턴","세부조건 확인","제한 문구 미탐지","포털 목록 확인","정상","상세공고 확인","상세공고 확인","상세공고 확인","상세공고 확인","https://job.alio.go.kr/recruitview.do?idx=304403"
"JA-180","JOB-ALIO","학교법인한국폴리텍","한국폴리텍대학 창원캠퍼스 무기계약직원(업무직 영선원) 보훈제한경쟁 채용 공고","경남","무기계약직","상세공고 확인","상세공고 확인","2026.09.02","2026-09-09","진행중","제한경쟁·조건부","조건 충족자만","보훈 관련 제한경쟁","포털 목록 확인","정상","상세공고 확인","상세공고 확인","상세공고 확인","상세공고 확인","https://job.alio.go.kr/recruitview.do?idx=304337"
"JA-179","JOB-ALIO","국립중앙의료원","업무지원직 청소-보훈제한경쟁(시설팀) 채용 공고","서울","무기계약직","상세공고 확인","상세공고 확인","2026.09.01","2026-09-16","진행중","제한경쟁·조건부","조건 충족자만","보훈 관련 제한경쟁","포털 목록 확인","정상","상세공고 확인","상세공고 확인","상세공고 확인","상세공고 확인","https://job.alio.go.kr/recruitview.do?idx=304498"
"JA-178","JOB-ALIO","국립중앙의료원","업무지원직 콜센터(원무팀) 채용 공고","서울","무기계약직","상세공고 확인","상세공고 확인","2026.09.01","2026-09-16","진행중","무기계약·공무직","세부조건 확인","제한 문구 미탐지","포털 목록 확인","정상","상세공고 확인","상세공고 확인","상세공고 확인","상세공고 확인","https://job.alio.go.kr/recruitview.do?idx=304497"
"JA-177","JOB-ALIO","국립중앙의료원","업무지원직 콜센터 매니저(원무팀) 채용 공고","서울","무기계약직","상세공고 확인","상세공고 확인","2026.09.01","2026-09-16","진행중","무기계약·공무직","세부조건 확인","제한 문구 미탐지","포털 목록 확인","정상","상세공고 확인","상세공고 확인","상세공고 확인","상세공고 확인","https://job.alio.go.kr/recruitview.do?idx=304496"
"JA-176","JOB-ALIO","국립중앙의료원","무기계약직 간호사(간호부) 채용 공고","서울","무기계약직","상세공고 확인","상세공고 확인","2026.09.01","2026-09-16","진행중","경력·전문직","경력·전문 우선","제한 문구 미탐지","포털 목록 확인","정상","상세공고 확인","상세공고 확인","상세공고 확인","상세공고 확인","https://job.alio.go.kr/recruitview.do?idx=304495"
"JA-175","JOB-ALIO","국립중앙의료원","무기계약직 간호조무사(간호부) 채용 공고","서울","무기계약직","상세공고 확인","상세공고 확인","2026.09.01","2026-09-16","진행중","무기계약·공무직","세부조건 확인","제한 문구 미탐지","포털 목록 확인","정상","상세공고 확인","상세공고 확인","상세공고 확인","상세공고 확인","https://job.alio.go.kr/recruitview.do?idx=304494"
"JA-174","JOB-ALIO","한국직업능력연구원","[한국직업능력연구원] (재공고) 2026년도 제3차 청년인턴(보훈) 채용 공고","세종","청년인턴(체험형)","상세공고 확인","상세공고 확인","2026.09.01","2026-09-16","진행중","제한경쟁·조건부","조건 충족자만","보훈 관련 제한경쟁","포털 목록 확인","정상","상세공고 확인","상세공고 확인","상세공고 확인","상세공고 확인","https://job.alio.go.kr/recruitview.do?idx=304493"
"JA-173","JOB-ALIO","인천국제공항공사","2026년 신입직원(일반직, 안전보안직) 채용 공고","인천","정규직","신입","상세공고 확인","2026.09.01","2026-09-15","진행중","제한경쟁·조건부","조건 충족자만","장애 관련 제한경쟁","상세 페이지 확인","정상","[공통사항] ㅇ학력, 전공, 연령, 성별, 경력 제한 없음 (단, 연령의 경우 채용예정일 기준 공사 규정에 따른 정년 이내여야 하며 안전보안직의 경우 자격기준에서 임용조건으로 규정하는 연령 경력 조건을 충족하여야 함) ㅇ공사 인사규정 제20조에 따른 임용 결격사유에 해당하지 않는 자 ㅇ최종합격자 발표 이후 즉시 근무 가능한 자 [일반직 사무 및 기술분야] ㅇ공통사항에 해당하는 응시자격을 모두 갖추고 아래의 응시 자격을 모두 충족하는 자에 한해 지원가능 (1) 남자의 경우 채용예정일 기준 군필 또는 면제자 (2) 공인어학성적 : 아래 어학성적기준 중 하나를 충족하는 자 - (영어) TOEIC 800점 이상 또는 TOEFL-IBT 91점 이상 또는 TEPS 309점 이상 - (일본어) JPT 800점 이상 - (중국어) HSK 5급 210점 이상 [일반직 전문 및 사회형평분야] ㅇ일반직 사무 및 기술에 해당하는 응시자격을 모두 갖추고 아래 자격기준에 해당하는 자 (1) 전문분야(관제) : 항공교통관제사 자격증 소지자로서 항공영어구술능력증명 4등급 이상인자 (2) 사회형평(보훈) : 보훈 관계 법령에 의한 취업지원대상자 (3) 사회형평(장애) : 장애인 고용촉진 및 직업재활법 제2조에 의한 장애인 ※ 전문분야(관제)의 경우, 1차면접 당일 유효한 항공신체검사증명서(3종)를 제출하여야 함 ※ 장애분야에 지원한 장애인의 경우 시험별로 TOEIC 650점, TOEFL-IBT 74점, TEPS 245점, JPT 650점, HSK 4급 255점 이상의 기준을 적용 ※ ‘청력을 잃은 장애의 정도가 심한 청각장애인’인 응시자의 어학성적은 붙임5 파일에 규정된 각 어학성적별 ‘어학성적 인정점수’와 ‘제출 원점수’ 중 유리한 점수 적용 [안전보안직] ㅇ공통사항에 해당하는 응시자격을 모두 갖추고 아래의 응…","[일반직(사무,기술,전문,사회형평)] ㅇ서류전형 : 20~50배수 - 공인어학성적 및 우대사항(100), 응시자격 충족여부(적/부) ㅇ필기전형 : 3~4배수 - 직업기초능력평가(NCS)(50), 직무수행능력평가(전공시험)(50) * 전문분야(관제)는 전공시험 미시행(NCS 100%) ㅇ1차면접 : 1.5~2배수 - 직무면접(직무PT, 직무상황대처, 영어)(100) - 평가기준 : 문제해결능력, 직무지식, 의사소통능력 등 ㅇ2차면접 : 1배수 - 종합면접(입사지원서 및 인재상 기반 종합 질의응답)(100) - 평가기준 : 의사소통능력, 대인관계능력, 열정, 인성 등 ㅇ결격조회 : 서류 진위확인, 신원조사, 신체검사 등 결격사유 확인(적/부) [안전보안직] ㅇ서류전형 : 30배수 - 공인어학성적 및 우대사항(100), 응시자격 충족여부(적/부) ㅇ필기전형 : 4배수 - 직업기초능력평가(NCS)(100) ㅇ1차면접 : 2배수 - 직무면접(직무PT, 직무상황대처)(100) - 평가기준 : 문제해결능력, 직무지식, 의사소통능력 등 ㅇ2차면접 : 1배수 - 종합면접(입사지원서 및 인재상 기반 종합 질의응답)(100) - 평가기준 : 의사소통능력, 대인관계능력, 열정, 인성 등 ㅇ결격조회 : 서류 진위확인, 신원조사, 신체검사 등 결격사유 확인(적/부)","[일반직(사무,기술,전문,사회형평)] ㅇ서류전형 : 20~50배수 - 공인어학성적 및 우대사항(100), 응시자격 충족여부(적/부) ㅇ필기전형 : 3~4배수 - 직업기초능력평가(NCS)(50), 직무수행능력평가(전공시험)(50) * 전문분야(관제)는 전공시험 미시행(NCS 100%) ㅇ1차면접 : 1 / 5~2배수 - 직무면접(직무PT, 직무상황대처, 영어)(100) - 평가기준 : 문제해결능력, 직무지식, 의사소통능력 등 ㅇ2차면접 : 1배수 - 종합면접(입사지원서 및 인재상 기반 종합 질의응답)(100) - 평가기준 : 의사소통능력, 대인관계능력, 열정, 인성 등 ㅇ결격조회 : 서류 진위확인, 신원조사, 신체검사 등 결격사유 확인(적/부) [안전보안직] ㅇ서류전형 : 30배수 - 공인어학성적 및 우대사항(100), 응시자격 충족여부(적/부) ㅇ필기전형 : 4배수 - 직업기초능력평가(NCS)(100) ㅇ1차면접 : 2배수 - 직무면접(직무PT, 직무상황대처)(100) - 평가기준…","어학, TOEIC, 의사","https://job.alio.go.kr/recruitview.do?idx=304492"
"JA-172","JOB-ALIO","건축공간연구원","건축공간연구원 위촉직 모집","세종","비정규직","상세공고 확인","상세공고 확인","2026.09.01","2026-09-16","진행중","기간제·비정규","세부조건 확인","제한 문구 미탐지","포털 목록 확인","정상","상세공고 확인","상세공고 확인","상세공고 확인","상세공고 확인","https://job.alio.go.kr/recruitview.do?idx=304491"
"JA-171","JOB-ALIO","한국장학재단","한국장학재단 2026년 하반기 종합직 채용 공고(일반행정, IT 개발운영, 시설관리(경력))","대구","정규직","상세공고 확인","상세공고 확인","2026.09.01","2026-09-15","진행중","정규직(세부 확인)","세부조건 확인","제한 문구 미탐지","포털 목록 확인","정상","상세공고 확인","상세공고 확인","상세공고 확인","상세공고 확인","https://job.alio.go.kr/recruitview.do?idx=304490"
"JA-170","JOB-ALIO","한국가스공사","2026년 하반기 일반직(신입, 경력), 연구직 및 별정직 채용공고","서울 외 14","정규직","신입+경력","상세공고 확인","2026.09.01","2026-09-15","진행중","제한경쟁·조건부","조건 충족자만","장애 관련 제한경쟁","상세 페이지 확인","정상","<일반직 신입> □ 학력, 전공, 연령 제한 없음(단, 공사 임금피크제도에 따라 만 58세 미만인 자), 유효 어학성적 보유자 □ 『병역법』제76조에서 정한 병역의무 불이행 사실이 없는 자에 한함 <일반직 사회형평(장애)> □ 학력, 전공, 연령 제한 없음(단, 공사 임금피크제도에 따라 만 58세 미만인 자), 유효 어학성적 보유자 □ 장애인고용촉진 및 직업재활법 시행령에 따른 장애인 기준에 해당하는 자 □ 『병역법』제76조에서 정한 병역의무 불이행 사실이 없는 자에 한함 <일반직 사회형평(보훈)> □ 학력, 전공, 연령 제한 없음(단, 공사 임금피크제도에 따라 만 58세 미만인 자), 유효 어학성적 보유자 □ 국가유공자법에 따른 취업지원대상자 □ 『병역법』제76조에서 정한 병역의무 불이행 사실이 없는 자에 한함 <일반직 경력> □ 학력, 전공, 연령 제한없음(단, 공사 임금피크제도에 따라 만 58세 미만인 자), 관련 자격 및 경력 보유자(상세내역은 공고문 참조) □ 『병역법』제76조에서 정한 병역의무 불이행 사실이 없는 자에 한함 <연구직> □ 연령 제한없음(단, 공사 임금피크제도에 따라 만 58세 미만인 자), 유효 어학성적 보유자, 관련 학위 보유자(상세내역은 공고문 참조) □ 『병역법』제76조에서 정한 병역의무 불이행 사실이 없는 자에 한함 <별정직> □ 학력, 전공, 연령 제한없음(단, 공사 임금피크제도에 따라 만 58세 미만인 자), 관련 자격 및 경력 보유자(상세내역은 공고문 참조) □ 『병역법』제76조에서 정한 병역의무 불이행 사실이 없는 자에 한함 ○ 보다 자세한 사항은 첨부파일의 공고문을 참조","<일반직 신입, 사회형평(장애, 보훈)> □ 서류전형 : 사무 50배수, 기술 30배수 선발 □ 필기전형 : 2~3배수 선발 / 인성검사 적합자 중 NCS직업기초능력(50%), 직무수행능력(50%) 및 가점합산 □ 면접전형 : 1배수 선발 / 직무면접(50%), 직업기초면접(50%) 및 가점합산 <일반직 경력> □ 서류전형 : 적격자 전원 선발 □ 필기전형 : 5배수 선발 / 인성검사 적합자 중 NCS직업기초능력 및 가점합산 □ 면접전형 : 1배수 선발 / 직무면접(50%), 직업기초면접(50%) 및 가점합산 <연구직> □ 서류전형 : 5배수 선발 / 지원자격 적합자 중 학위점수(60%), 연구역량기술서(40%) 및 가점합산 □ 인성검사 및 논문심사 : 3배수 선발 / 인성검사 적합자 중 논문심사(논문검토(50%) + 논문발표(50%)) 및 가점합산 □ 면접전형 : 1배수 선발 / 논문심사점수(50%), 직업기초면접(50%) 및 가점합산 <별정직> □ 서류전형 : 적격자 전원선발 □ 필기전형 : 3~5배수 선발 / 인성검사 적합자 중 NCS직업기초능력 및 가점합산 □ 면접전형 : 1배수 선발 / 직무면접(50%), 직업기초면접(50%) 및 가점합산 ○ 보다 자세한 사항은 첨부파일의 공고문을 참조","<일반직 신입, 사회형평(장애, 보훈)> □ 서류전형 : 사무 50배수, 기술 30배수 선발 □ 필기전형 : 2~3배수 선발 / 인성검사 적합자 중 NCS직업기초능력(50%), 직무수행능력(50%) 및 가점합산 □ 면접전형 : 1배수 선발 / 직무면접(50%), 직업기초면접(50%) 및 가점합산 <일반직 경력> □ 서류전형 : 적격자 전원 선발 □ 필기전형 : 5배수 선발 / 인성검사 적합자 중 NCS직업기초능력 및 가점합산 □ 면접전형 : 1배수 선발 / 직무면접(50%), 직업기초면접(50%) 및 가점합산 <연구직> □ 서류전형 : 5배수 선발 / 지원자격 적합자 중 학위점수(60%), 연구역량기술서(40%) 및 가점합산 □ 인성검사 및 논문심사 : 3배수 선발 / 인성검사 적합자 중 논문심사(논문검토(50%) + 논문발표(50%)) 및 가점합산 □ 면접전형 : 1배수 선발 / 논문심사점수(50%), 직업기초면접(50%) 및 가점합산 <별정직> □ 서류전형 : 적격자 전원선발 …","어학","https://job.alio.go.kr/recruitview.do?idx=304489"
"JA-169","JOB-ALIO","국립공원공단","국립공원공단 자원보전·AI 직무 체험형 청년인턴 채용","대전 외 4","청년인턴(체험형)","상세공고 확인","상세공고 확인","2026.09.01","2026-09-10","진행중","체험형·청년인턴","우선검토","제한 문구 미탐지","포털 목록 확인","정상","상세공고 확인","상세공고 확인","상세공고 확인","상세공고 확인","https://job.alio.go.kr/recruitview.do?idx=304488"
"JA-168","JOB-ALIO","한국국제협력단","2026년 2차 KOICA 코디네이터 모집 선발 공고","해외","비정규직","상세공고 확인","상세공고 확인","2026.09.01","2026-09-16","진행중","기간제·비정규","세부조건 확인","제한 문구 미탐지","포털 목록 확인","정상","상세공고 확인","상세공고 확인","상세공고 확인","상세공고 확인","https://job.alio.go.kr/recruitview.do?idx=304487"
"JA-167","JOB-ALIO","한국등산·트레킹지원센터","2026년도 한국등산트레킹지원센터 기간제근로자(보훈 제한경쟁) 채용 공고","대전","비정규직","상세공고 확인","상세공고 확인","2026.09.01","2026-09-15","진행중","제한경쟁·조건부","조건 충족자만","보훈 관련 제한경쟁","포털 목록 확인","정상","상세공고 확인","상세공고 확인","상세공고 확인","상세공고 확인","https://job.alio.go.kr/recruitview.do?idx=304485"
"JA-166","JOB-ALIO","한국보훈복지의료공단","[광주보훈병원] 계약직 보건직(임상심리사) - 휴직대체 직원 채용 공고","전남광주","비정규직","상세공고 확인","상세공고 확인","2026.09.01","2026-09-11","진행중","기간제·비정규","세부조건 확인","제한 문구 미탐지","포털 목록 확인","정상","상세공고 확인","상세공고 확인","상세공고 확인","상세공고 확인","https://job.alio.go.kr/recruitview.do?idx=304484"
"JA-165","JOB-ALIO","한국보훈복지의료공단","[중앙보훈병원] 업무지원직 직원 채용 공고(9월)","서울","무기계약직","상세공고 확인","상세공고 확인","2026.09.01","2026-09-15","진행중","무기계약·공무직","세부조건 확인","제한 문구 미탐지","포털 목록 확인","정상","상세공고 확인","상세공고 확인","상세공고 확인","상세공고 확인","https://job.alio.go.kr/recruitview.do?idx=304483"
"JA-164","JOB-ALIO","한국보훈복지의료공단","[중앙보훈병원] 기간제 직원 채용 공고(9월)","서울","비정규직","상세공고 확인","상세공고 확인","2026.09.01","2026-09-15","진행중","기간제·비정규","세부조건 확인","제한 문구 미탐지","포털 목록 확인","정상","상세공고 확인","상세공고 확인","상세공고 확인","상세공고 확인","https://job.alio.go.kr/recruitview.do?idx=304482"
"JA-163","JOB-ALIO","국립중앙의료원","계약직 주말약사(약제부) 재공고","서울","비정규직","상세공고 확인","상세공고 확인","2026.09.01","2026-09-16","진행중","경력·전문직","경력·전문 우선","제한 문구 미탐지","포털 목록 확인","정상","상세공고 확인","상세공고 확인","상세공고 확인","상세공고 확인","https://job.alio.go.kr/recruitview.do?idx=304481"
"JA-162","JOB-ALIO","국립중앙의료원","계약직 단시간근로자-간호조무사(소화기내과 내시경실) 재공고","서울","비정규직","상세공고 확인","상세공고 확인","2026.09.01","2026-09-16","진행중","기간제·비정규","세부조건 확인","제한 문구 미탐지","포털 목록 확인","정상","상세공고 확인","상세공고 확인","상세공고 확인","상세공고 확인","https://job.alio.go.kr/recruitview.do?idx=304480"
"JA-161","JOB-ALIO","국립중앙의료원","계약직 병동지원(간호부-순환기내과) 재공고","서울","비정규직","상세공고 확인","상세공고 확인","2026.09.01","2026-09-16","진행중","기간제·비정규","세부조건 확인","제한 문구 미탐지","포털 목록 확인","정상","상세공고 확인","상세공고 확인","상세공고 확인","상세공고 확인","https://job.alio.go.kr/recruitview.do?idx=304479"
"JA-160","JOB-ALIO","(재)우체국물류지원단","우체국물류지원단 경인지사 안양,부평물류사업소 기간제(일용직_우편물구분) 채용 공고","인천 외 1","비정규직","상세공고 확인","상세공고 확인","2026.09.01","2026-09-30","진행중","기간제·비정규","세부조건 확인","제한 문구 미탐지","포털 목록 확인","정상","상세공고 확인","상세공고 확인","상세공고 확인","상세공고 확인","https://job.alio.go.kr/recruitview.do?idx=304477"
"JA-159","JOB-ALIO","(재)우체국물류지원단","우체국물류지원단 서울지사 동서울물류사업소 기간제(일용직_우편물구분) 채용 공고","서울","비정규직","상세공고 확인","상세공고 확인","2026.09.01","2026-09-30","진행중","기간제·비정규","세부조건 확인","제한 문구 미탐지","포털 목록 확인","정상","상세공고 확인","상세공고 확인","상세공고 확인","상세공고 확인","https://job.alio.go.kr/recruitview.do?idx=304475"
"JA-158","JOB-ALIO","국립중앙의료원","계약직 연구원(감염병사업지원팀, 모자의료지원팀, 인력지원교육팀, 책임의료기관지원팀, 치매정책기획팀) 채용 공고","서울","비정규직","상세공고 확인","상세공고 확인","2026.09.01","2026-09-16","진행중","기간제·비정규","세부조건 확인","제한 문구 미탐지","포털 목록 확인","정상","상세공고 확인","상세공고 확인","상세공고 확인","상세공고 확인","https://job.alio.go.kr/recruitview.do?idx=304474"
"JA-157","JOB-ALIO","국립중앙의료원","계약직 단시간근로자-임상병리사(진단검사의학과) 채용 공고","서울","비정규직","상세공고 확인","상세공고 확인","2026.09.01","2026-09-16","진행중","기간제·비정규","세부조건 확인","제한 문구 미탐지","포털 목록 확인","정상","상세공고 확인","상세공고 확인","상세공고 확인","상세공고 확인","https://job.alio.go.kr/recruitview.do?idx=304473"
"JA-156","JOB-ALIO","국립중앙의료원","계약직 보건의료정보관리사-휴직대체(의무기록팀) 채용 공고","서울","비정규직","상세공고 확인","상세공고 확인","2026.09.01","2026-09-16","진행중","기간제·비정규","세부조건 확인","제한 문구 미탐지","포털 목록 확인","정상","상세공고 확인","상세공고 확인","상세공고 확인","상세공고 확인","https://job.alio.go.kr/recruitview.do?idx=304471"
"JA-155","JOB-ALIO","국립중앙의료원","계약직 전산행정-휴직대체(공공의료정보운영팀) 채용 공고","서울","비정규직","상세공고 확인","상세공고 확인","2026.09.01","2026-09-16","진행중","기간제·비정규","세부조건 확인","제한 문구 미탐지","포털 목록 확인","정상","상세공고 확인","상세공고 확인","상세공고 확인","상세공고 확인","https://job.alio.go.kr/recruitview.do?idx=304470"
"JA-154","JOB-ALIO","국립중앙의료원","계약직 간호사-휴직대체(진료행정팀) 채용 공고","서울","비정규직","상세공고 확인","상세공고 확인","2026.09.01","2026-09-16","진행중","경력·전문직","경력·전문 우선","제한 문구 미탐지","포털 목록 확인","정상","상세공고 확인","상세공고 확인","상세공고 확인","상세공고 확인","https://job.alio.go.kr/recruitview.do?idx=304469"
"JA-153","JOB-ALIO","국립중앙의료원","계약직 간호사(간호부, 외상센터) 채용 공고","서울","비정규직","상세공고 확인","상세공고 확인","2026.09.01","2026-09-16","진행중","경력·전문직","경력·전문 우선","제한 문구 미탐지","포털 목록 확인","정상","상세공고 확인","상세공고 확인","상세공고 확인","상세공고 확인","https://job.alio.go.kr/recruitview.do?idx=304468"
"JA-152","JOB-ALIO","소상공인시장진흥공단","2026년 소상공인시장진흥공단 하반기 청년인턴(2차) 채용 공고","대전","청년인턴(체험형)","상세공고 확인","상세공고 확인","2026.09.01","2026-09-15","진행중","체험형·청년인턴","우선검토","제한 문구 미탐지","포털 목록 확인","정상","상세공고 확인","상세공고 확인","상세공고 확인","상세공고 확인","https://job.alio.go.kr/recruitview.do?idx=304464"
"JA-151","JOB-ALIO","한전KDN","한전KDN(주) 서울본부 강북지사 전력통신팀 OA설비 유지보수 및 단순정비 일용근로자 모집 공고","서울","비정규직","상세공고 확인","상세공고 확인","2026.09.01","2026-09-15","진행중","기간제·비정규","세부조건 확인","제한 문구 미탐지","포털 목록 확인","정상","상세공고 확인","상세공고 확인","상세공고 확인","상세공고 확인","https://job.alio.go.kr/recruitview.do?idx=304463"
"JA-150","JOB-ALIO","국립공원공단","[한려동부] 2026년 한려해상국립공원동부사무소 한시인력(수익시설) 직원 채용","경남","비정규직","상세공고 확인","상세공고 확인","2026.09.01","2026-09-15","진행중","기간제·비정규","세부조건 확인","제한 문구 미탐지","포털 목록 확인","정상","상세공고 확인","상세공고 확인","상세공고 확인","상세공고 확인","https://job.alio.go.kr/recruitview.do?idx=304460"
"JA-149","JOB-ALIO","국립공원공단","[무등산] 2026년 무등산국립공원 한시인력(국립공원지킴이) 4차 채용공고","전남광주","비정규직","상세공고 확인","상세공고 확인","2026.09.01","2026-09-11","진행중","기간제·비정규","세부조건 확인","제한 문구 미탐지","포털 목록 확인","정상","상세공고 확인","상세공고 확인","상세공고 확인","상세공고 확인","https://job.alio.go.kr/recruitview.do?idx=304457"
"JA-148","JOB-ALIO","정보통신정책연구원","정보통신정책연구원 정규직 직원(연구책임자) 채용 재공고","충북","정규직","상세공고 확인","상세공고 확인","2026.09.01","2026-09-16","진행중","정규직(세부 확인)","세부조건 확인","제한 문구 미탐지","포털 목록 확인","정상","상세공고 확인","상세공고 확인","상세공고 확인","상세공고 확인","https://job.alio.go.kr/recruitview.do?idx=304456"
"JA-147","JOB-ALIO","한국원자력의학원","별정직 직원모집 공고(건강증진센터)_채용완료시 공고종료","서울","비정규직","상세공고 확인","상세공고 확인","2026.09.01","2026-12-31","진행중","기간제·비정규","세부조건 확인","제한 문구 미탐지","포털 목록 확인","정상","상세공고 확인","상세공고 확인","상세공고 확인","상세공고 확인","https://job.alio.go.kr/recruitview.do?idx=304455"
"JA-146","JOB-ALIO","한국원자력의학원","제2026-5기 한국원자력의학원 별정직 정기공개채용","서울","비정규직","상세공고 확인","상세공고 확인","2026.09.01","2026-09-16","진행중","기간제·비정규","세부조건 확인","제한 문구 미탐지","포털 목록 확인","정상","상세공고 확인","상세공고 확인","상세공고 확인","상세공고 확인","https://job.alio.go.kr/recruitview.do?idx=304453"
"JA-145","JOB-ALIO","한국환경보전원","대외환경협력처 기후변화대응팀 기간제(육아휴직 대체) 직원 채용공고","서울","비정규직","상세공고 확인","상세공고 확인","2026.09.01","2026-09-16","진행중","기간제·비정규","세부조건 확인","제한 문구 미탐지","포털 목록 확인","정상","상세공고 확인","상세공고 확인","상세공고 확인","상세공고 확인","https://job.alio.go.kr/recruitview.do?idx=304452"
"JA-144","JOB-ALIO","소프트웨어정책연구소","소프트웨어정책연구소 정규직(연구직) 및 무기계약직(연구직) 채용","경기","무기계약직 외 1","상세공고 확인","상세공고 확인","2026.09.01","2026-09-16","진행중","무기계약·공무직","세부조건 확인","제한 문구 미탐지","포털 목록 확인","정상","상세공고 확인","상세공고 확인","상세공고 확인","상세공고 확인","https://job.alio.go.kr/recruitview.do?idx=304451"
"JA-143","JOB-ALIO","한국해양진흥공사","한국해양진흥공사 하반기 정규직(신입사원) 채용","부산","정규직","신입","상세공고 확인","2026.09.01","2026-09-15","진행중","제한경쟁·조건부","조건 충족자만","보훈 관련 제한경쟁","상세 페이지 확인","정상","(공통자격) · 성별·연령별 제한 없음(단, 임용예정일 기준 공사 정년(만60세) 미만인자) · 남성의 경우 병역필 또는 면제자 · 「국가공무원법」 제33조 각 호의 어느 하나에 해당하지 않는 자 · 한국해양진흥공사 「인사규정」 제7조(결격사유)에 해당되지 않는 자 · 해외여행에 결격사유가 없으며, 채용 확정 후 즉시 업무 종사가 가능한 자 · 일정 수준의 어학능력 보유자 - TOEIC 700점 이상, NEW TEPS 340점 이상, TOEFL iBT 79점 이상, TOEIC-S IM2 이상, IELTS 5.5 이상, 오픽(영어) IM2 중 하나에 해당하는 자 (채용분야별 자격기준) 1. 일반(공통) 및 정보기술(IT) · 공통자격 기준을 모두 충족하는 자 · 경력 무관. 단, 일정 수준의 어학능력 보유자 2. 일반(보훈) · 공통자격 기준을 모두 충족하는 자 · 경력 무관. 단, 일정 수준의 어학능력 보유자 · 취업지원대상자에 해당하는 자(증명서 발급이 가능한 자)","1. 1차(서류전형): 50배수 / 응시기준을 충족하는 지원자 중 평가 고득점 순으로 합격자 선발 2. 2차(필기전형): 6배수 / 직업기초능력평가, 직무수행능력평가 3. 3차(1차 면접전형): 3배수 / 온라인 인성검사 응시 후 실무면접 4. 4차(2차 면접전형): 1배수 / 심층면접 5. 5차(결격사유조회 및 신체검사): 적부 판단","3차(1차 면접전형): 3배수 / 온라인 인성검사 응시 후 실무면접 4 / 4차(2차 면접전형): 1배수 / 심층면접 5","어학, TOEIC","https://job.alio.go.kr/recruitview.do?idx=304450"
"JA-142","JOB-ALIO","국가과학기술인력개발원","[국가과학기술인력개발원] 2026년 제4회 정규직 및 위촉직 채용","대전 외 1","비정규직 외 1","상세공고 확인","상세공고 확인","2026.09.01","2026-09-16","진행중","기간제·비정규","세부조건 확인","제한 문구 미탐지","포털 목록 확인","정상","상세공고 확인","상세공고 확인","상세공고 확인","상세공고 확인","https://job.alio.go.kr/recruitview.do?idx=304449"
"JA-141","JOB-ALIO","정보통신정책연구원","2026년 계약직연구원 공개채용(지능정보사회 정책연구)","충북","비정규직","상세공고 확인","상세공고 확인","2026.09.01","2026-09-16","진행중","기간제·비정규","세부조건 확인","제한 문구 미탐지","포털 목록 확인","정상","상세공고 확인","상세공고 확인","상세공고 확인","상세공고 확인","https://job.alio.go.kr/recruitview.do?idx=304448"
"JA-140","JOB-ALIO","충북대학교병원","2026년 9월 충북대학교병원 기간제근무자 모집 공고","충북","비정규직","상세공고 확인","상세공고 확인","2026.09.01","2026-09-15","진행중","기간제·비정규","세부조건 확인","제한 문구 미탐지","포털 목록 확인","정상","상세공고 확인","상세공고 확인","상세공고 확인","상세공고 확인","https://job.alio.go.kr/recruitview.do?idx=304445"
"JA-139","JOB-ALIO","한국농어촌공사","한국농어촌공사 전문계약직(건축사) 채용 공고","전남광주","비정규직","상세공고 확인","상세공고 확인","2026.09.01","2026-09-16","진행중","기간제·비정규","세부조건 확인","제한 문구 미탐지","포털 목록 확인","정상","상세공고 확인","상세공고 확인","상세공고 확인","상세공고 확인","https://job.alio.go.kr/recruitview.do?idx=304444"
"JA-138","JOB-ALIO","학교법인한국폴리텍","한국폴리텍 다솜고등학교 업무직(대학운영직_조리원)채용 공고(7차)","충북","무기계약직","상세공고 확인","상세공고 확인","2026.09.01","2026-09-10","진행중","무기계약·공무직","세부조건 확인","제한 문구 미탐지","포털 목록 확인","정상","상세공고 확인","상세공고 확인","상세공고 확인","상세공고 확인","https://job.alio.go.kr/recruitview.do?idx=304443"
"JA-137","JOB-ALIO","국립중앙의료원","의사직 및 계약직 전문의 채용 공고(응급의학과, 정신건강의학과)","서울","비정규직 외 1","상세공고 확인","상세공고 확인","2026.09.01","2026-09-16","진행중","경력·전문직","경력·전문 우선","제한 문구 미탐지","포털 목록 확인","정상","상세공고 확인","상세공고 확인","상세공고 확인","상세공고 확인","https://job.alio.go.kr/recruitview.do?idx=304436"
"JA-136","JOB-ALIO","동남권원자력의학원","2026년 제1차 동남권원자력의학원 직원채용 공고","부산","비정규직","상세공고 확인","상세공고 확인","2026.09.01","2026-09-14","진행중","기간제·비정규","세부조건 확인","제한 문구 미탐지","포털 목록 확인","정상","상세공고 확인","상세공고 확인","상세공고 확인","상세공고 확인","https://job.alio.go.kr/recruitview.do?idx=304435"
"JA-135","JOB-ALIO","기초과학연구원","2026-3 Recruitment Announce for Senior Researcher and Postdoctoral Research Associate Positions at the Center for Exotic Nuclear Studies","대전","비정규직","상세공고 확인","상세공고 확인","2026.09.01","2026-09-16","진행중","기간제·비정규","세부조건 확인","제한 문구 미탐지","포털 목록 확인","정상","상세공고 확인","상세공고 확인","상세공고 확인","상세공고 확인","https://job.alio.go.kr/recruitview.do?idx=304418"
"JA-134","JOB-ALIO","한전KDN","한전KDN(주) 광주전남본부 AMI분야 비정규직 모집공고","전남광주","비정규직","상세공고 확인","상세공고 확인","2026.09.01","2026-09-15","진행중","기간제·비정규","세부조건 확인","제한 문구 미탐지","포털 목록 확인","정상","상세공고 확인","상세공고 확인","상세공고 확인","상세공고 확인","https://job.alio.go.kr/recruitview.do?idx=304414"
"JA-133","JOB-ALIO","한국법무보호복지공단","2026년 한국법무보호복지공단 울산지부 심리상담직(육아휴직대체직) 경력경쟁채용시험 공고","울산","비정규직","상세공고 확인","상세공고 확인","2026.09.01","2026-09-16","진행중","제한경쟁·조건부","조건 충족자만","제한경쟁","포털 목록 확인","정상","상세공고 확인","상세공고 확인","상세공고 확인","상세공고 확인","https://job.alio.go.kr/recruitview.do?idx=304409"
"JA-132","JOB-ALIO","한국법무보호복지공단","2026년 한국법무보호복지공단 광주지부 육아휴직대체직(취업지원직) 경력경쟁채용 시험 공고","전남광주","비정규직","상세공고 확인","상세공고 확인","2026.09.01","2026-09-16","진행중","제한경쟁·조건부","조건 충족자만","제한경쟁","포털 목록 확인","정상","상세공고 확인","상세공고 확인","상세공고 확인","상세공고 확인","https://job.alio.go.kr/recruitview.do?idx=304408"
"JA-131","JOB-ALIO","한국의료기기안전정보원","2026년 제3차 한국의료기기안전정보원 직원(기간제 근로자) 채용공고","서울","비정규직","상세공고 확인","상세공고 확인","2026.09.01","2026-09-16","진행중","기간제·비정규","세부조건 확인","제한 문구 미탐지","포털 목록 확인","정상","상세공고 확인","상세공고 확인","상세공고 확인","상세공고 확인","https://job.alio.go.kr/recruitview.do?idx=304387"
"JA-130","JOB-ALIO","한국수력원자력(주)","2026년도 무주양수발전소 기간제근로자(영양사) 채용","전북","비정규직","상세공고 확인","상세공고 확인","2026.09.01","2026-09-16","진행중","기간제·비정규","세부조건 확인","제한 문구 미탐지","포털 목록 확인","정상","상세공고 확인","상세공고 확인","상세공고 확인","상세공고 확인","https://job.alio.go.kr/recruitview.do?idx=304358"
"JA-129","JOB-ALIO","한국중부발전(주)","2026년도 3차 체험형 인턴 채용공고","서울 외 5","청년인턴(체험형)","상세공고 확인","상세공고 확인","2026.09.01","2026-09-16","진행중","체험형·청년인턴","우선검토","제한 문구 미탐지","포털 목록 확인","정상","상세공고 확인","상세공고 확인","상세공고 확인","상세공고 확인","https://job.alio.go.kr/recruitview.do?idx=304055"
"JA-128","JOB-ALIO","(재)우체국물류지원단","우체국물류지원단 서울지사 동서울·의정부·성남·원주·강릉 사업소 추석 특별소통 단기 기간제(운전직, 운송직) 채용 공고","서울 외 2","비정규직","상세공고 확인","상세공고 확인","2026.08.31","2026-09-10","진행중","기간제·비정규","세부조건 확인","제한 문구 미탐지","포털 목록 확인","정상","상세공고 확인","상세공고 확인","상세공고 확인","상세공고 확인","https://job.alio.go.kr/recruitview.do?idx=304442"
"JA-127","JOB-ALIO","한국로봇산업진흥원","2026년 제2차 한국로봇산업진흥원 신규직원 채용","대구","무기계약직 외 3","신입","상세공고 확인","2026.08.31","2026-09-15","진행중","무기계약·공무직","검토","제한 문구 미탐지","상세 페이지 확인","정상","ㅇ 학력 : 무관 ㅇ 전공 : 무관 ㅇ 경력 : 무관 ㅇ 연령 : 진흥원의 정년에 의거 만 60세 미만인 자 - 상근계약직(공무직) 경비의 경우 만 65세 미만인 자 ㅇ 병역 : 군필 또는 면제자(현역의 경우 최종합격자 발표일 이전에 전역 가능한 자)","ㅇ일반직/무기계약직 - 서류심사 : 적/부 - 필기평가 : NCS + 온라인 인성검사(적/부) - 면접시험 : 1차 직무 역량 면접, 2차 심층 역량 면접 ㅇ 계약직 - 서류심사 : 경험/경력 기술서 및 자기소개서(100점) - 필기평가 : 온라인 인성검사(적/부) - 면접시험 : 심층 역량 면접","ㅇ일반직/무기계약직 - 서류심사 : 적/부 - 필기평가 : NCS + 온라인 인성검사(적/부) - 면접시험 : 1차 직무 역량 면접, 2차 심층 역량 면접 ㅇ 계약직 - 서류심사 : 경험/경력 기술서 및 자기소개서(100점) - 필기평가 : 온라인 인성검사(적/부) - 면접시험 : 심층 역량 면접","어학","https://job.alio.go.kr/recruitview.do?idx=304439"
"JA-126","JOB-ALIO","한국교육과정평가원","2026년 10월 한국교육과정평가원 비정규직원 모집 공고","충북","비정규직","상세공고 확인","상세공고 확인","2026.08.31","2026-09-10","진행중","기간제·비정규","세부조건 확인","제한 문구 미탐지","포털 목록 확인","정상","상세공고 확인","상세공고 확인","상세공고 확인","상세공고 확인","https://job.alio.go.kr/recruitview.do?idx=304434"
"JA-125","JOB-ALIO","한국소방산업기술원","2026년 제2차 한국소방산업기술원 체험형 청년인턴 채용","경기 외 1","청년인턴(체험형)","상세공고 확인","상세공고 확인","2026.08.31","2026-09-14","진행중","체험형·청년인턴","우선검토","제한 문구 미탐지","포털 목록 확인","정상","상세공고 확인","상세공고 확인","상세공고 확인","상세공고 확인","https://job.alio.go.kr/recruitview.do?idx=304433"
"JA-124","JOB-ALIO","근로복지공단","[태백병원] 의료직(약사) 4급 채용 공고","강원","정규직","상세공고 확인","상세공고 확인","2026.08.31","2026-09-10","진행중","경력·전문직","경력·전문 우선","제한 문구 미탐지","포털 목록 확인","정상","상세공고 확인","상세공고 확인","상세공고 확인","상세공고 확인","https://job.alio.go.kr/recruitview.do?idx=304430"
"JA-123","JOB-ALIO","한국전력공사","2026년도 1차 연구직 채용공고","대전 외 1","정규직","상세공고 확인","상세공고 확인","2026.08.31","2026-09-14","진행중","정규직(세부 확인)","세부조건 확인","제한 문구 미탐지","포털 목록 확인","정상","상세공고 확인","상세공고 확인","상세공고 확인","상세공고 확인","https://job.alio.go.kr/recruitview.do?idx=304429"
"JA-122","JOB-ALIO","한국체육산업개발(주)","한국체육산업개발(주) 지원직 채용공고","서울 외 4","무기계약직","상세공고 확인","상세공고 확인","2026.08.31","2026-09-14","진행중","무기계약·공무직","세부조건 확인","제한 문구 미탐지","포털 목록 확인","정상","상세공고 확인","상세공고 확인","상세공고 확인","상세공고 확인","https://job.alio.go.kr/recruitview.do?idx=304428"
"JA-121","JOB-ALIO","한국체육산업개발(주)","한국체육산업개발(주) 전임직 채용공고","서울 외 1","무기계약직","상세공고 확인","상세공고 확인","2026.08.31","2026-09-14","진행중","무기계약·공무직","세부조건 확인","제한 문구 미탐지","포털 목록 확인","정상","상세공고 확인","상세공고 확인","상세공고 확인","상세공고 확인","https://job.alio.go.kr/recruitview.do?idx=304426"
"JA-120","JOB-ALIO","한전KDN","한전KDN(주) 보안관제 프로젝트 계약근로자 채용공고","충남","비정규직","상세공고 확인","상세공고 확인","2026.08.31","2026-09-15","진행중","기간제·비정규","세부조건 확인","제한 문구 미탐지","포털 목록 확인","정상","상세공고 확인","상세공고 확인","상세공고 확인","상세공고 확인","https://job.alio.go.kr/recruitview.do?idx=304425"
"JA-119","JOB-ALIO","한국해양과학기술원","[제26-03-06호]한국해양과학기술원 2026년 3차 직원(육아휴직 대체인력) 공개채용","경남 외 1","비정규직","상세공고 확인","상세공고 확인","2026.08.31","2026-09-15","진행중","기간제·비정규","세부조건 확인","제한 문구 미탐지","포털 목록 확인","정상","상세공고 확인","상세공고 확인","상세공고 확인","상세공고 확인","https://job.alio.go.kr/recruitview.do?idx=304424"
"JA-118","JOB-ALIO","(재)우체국물류지원단","우체국물류지원단 경인지사 부천,고양,안양,수원사업소 추석 특별소통 단기 기간제(운전직, 운송직) 채용 공고","경기","비정규직","상세공고 확인","상세공고 확인","2026.08.31","2026-09-10","진행중","기간제·비정규","세부조건 확인","제한 문구 미탐지","포털 목록 확인","정상","상세공고 확인","상세공고 확인","상세공고 확인","상세공고 확인","https://job.alio.go.kr/recruitview.do?idx=304423"
"JA-117","JOB-ALIO","경북대학교병원","2026년 제5차 단기 결원 대체인력풀(POOL) 모집 공고","대구","비정규직","상세공고 확인","상세공고 확인","2026.08.31","2026-09-15","진행중","기간제·비정규","세부조건 확인","제한 문구 미탐지","포털 목록 확인","정상","상세공고 확인","상세공고 확인","상세공고 확인","상세공고 확인","https://job.alio.go.kr/recruitview.do?idx=304422"
"JA-116","JOB-ALIO","국립공원공단","[북한산] 북한산국립공원사무소 기간제(환경관리) 직원 채용 공고","서울 외 1","비정규직","상세공고 확인","상세공고 확인","2026.08.31","2026-09-14","진행중","기간제·비정규","세부조건 확인","제한 문구 미탐지","포털 목록 확인","정상","상세공고 확인","상세공고 확인","상세공고 확인","상세공고 확인","https://job.alio.go.kr/recruitview.do?idx=304421"
"JA-115","JOB-ALIO","국립공원공단","[경주] 경주국립공원사무소 2026년 국립공원지킴이 3차(한시인력) 채용 공고","경북","비정규직","상세공고 확인","상세공고 확인","2026.08.31","2026-09-10","진행중","기간제·비정규","세부조건 확인","제한 문구 미탐지","포털 목록 확인","정상","상세공고 확인","상세공고 확인","상세공고 확인","상세공고 확인","https://job.alio.go.kr/recruitview.do?idx=304419"
"JA-114","JOB-ALIO","한국조세재정연구원","[한국조세재정연구원] 연구위원급(Research Fellow) 채용","세종","정규직","상세공고 확인","상세공고 확인","2026.08.31","2026-09-16","진행중","경력·전문직","경력·전문 우선","제한 문구 미탐지","포털 목록 확인","정상","상세공고 확인","상세공고 확인","상세공고 확인","상세공고 확인","https://job.alio.go.kr/recruitview.do?idx=304417"
"JA-113","JOB-ALIO","한국전력기술주식회사","2026년도 장애인 별도직무(DDCC 문서관리) 기간제 근로자 채용공고","경북","비정규직","상세공고 확인","상세공고 확인","2026.08.31","2026-09-15","진행중","기간제·비정규","세부조건 확인","제한 문구 미탐지","포털 목록 확인","정상","상세공고 확인","상세공고 확인","상세공고 확인","상세공고 확인","https://job.alio.go.kr/recruitview.do?idx=304416"
"JA-112","JOB-ALIO","국토연구원","국토연구원 2026년 제3차 청년인턴 공개채용(장애인제한경쟁, 일반경쟁)","세종","청년인턴(체험형)","상세공고 확인","상세공고 확인","2026.08.31","2026-09-14","진행중","제한경쟁·조건부","조건 충족자만","장애 관련 제한경쟁","포털 목록 확인","정상","상세공고 확인","상세공고 확인","상세공고 확인","상세공고 확인","https://job.alio.go.kr/recruitview.do?idx=304413"
"JA-111","JOB-ALIO","서울대학교치과병원","서울대학교치과병원 단시간근무자(장애인 제한경쟁) 채용 공고","서울","비정규직","상세공고 확인","상세공고 확인","2026.08.31","2026-09-14","진행중","제한경쟁·조건부","조건 충족자만","장애 관련 제한경쟁","포털 목록 확인","정상","상세공고 확인","상세공고 확인","상세공고 확인","상세공고 확인","https://job.alio.go.kr/recruitview.do?idx=304412"
"JA-110","JOB-ALIO","서울대학교치과병원","서울대학교치과병원 단시간근무자(간호조무사) 채용 공고","서울","비정규직","상세공고 확인","상세공고 확인","2026.08.31","2026-09-14","진행중","기간제·비정규","세부조건 확인","제한 문구 미탐지","포털 목록 확인","정상","상세공고 확인","상세공고 확인","상세공고 확인","상세공고 확인","https://job.alio.go.kr/recruitview.do?idx=304411"
"JA-109","JOB-ALIO","서울대학교치과병원","서울대학교치과병원 단시간근무자(치과위생사) 채용 공고","서울","비정규직","상세공고 확인","상세공고 확인","2026.08.31","2026-09-14","진행중","기간제·비정규","세부조건 확인","제한 문구 미탐지","포털 목록 확인","정상","상세공고 확인","상세공고 확인","상세공고 확인","상세공고 확인","https://job.alio.go.kr/recruitview.do?idx=304410"
"JA-108","JOB-ALIO","한국수자원공사","[한국수자원공사] (2차 재공고) 한강경영처 사회형평적 인재 단기계약근로자(시설관리) 채용 공고(장애인 제한채용)","경기","비정규직","상세공고 확인","상세공고 확인","2026.08.31","2026-09-14","진행중","제한경쟁·조건부","조건 충족자만","장애 관련 제한경쟁","포털 목록 확인","정상","상세공고 확인","상세공고 확인","상세공고 확인","상세공고 확인","https://job.alio.go.kr/recruitview.do?idx=304406"
"JA-107","JOB-ALIO","한국지능정보사회진흥원","2026년 한국지능정보사회진흥원 하반기 정규직 및 무기계약직(일반직) 채용공고","대구 외 1","무기계약직 외 1","신입+경력","상세공고 확인","2026.08.31","2026-09-14","진행중","무기계약·공무직","검토","제한 문구 미탐지","상세 페이지 확인","정상","- 블라인드 채용에 따른 학력, 전공, 성별, 어학성적 등 제한없음(단, 지원분야별 조건 상이) [NIA의 일반직 정년(만 60세)을 초과한 자는 지원 불가] - 해외여행에 결격사유가 없는 자 - 채용 즉시 근무가 가능한 자, 전일근무 가능자 - 한국지능정보사회진흥원 인사규정 제6조(결격사유)에 해당하지 않는 자 분야별 자격요건 관련 자세한 내용은 첨부파일의 채용공고문을 참조바람.","모집분야별 전형절차 및 방법은 첨부파일의 채용공고문을 참조","상세공고 확인","어학","https://job.alio.go.kr/recruitview.do?idx=304405"
"JA-106","JOB-ALIO","한국마사회","2026년도 한국마사회 위촉직(비서) 채용공고","부산 외 1","비정규직","상세공고 확인","상세공고 확인","2026.08.31","2026-09-14","진행중","기간제·비정규","세부조건 확인","제한 문구 미탐지","포털 목록 확인","정상","상세공고 확인","상세공고 확인","상세공고 확인","상세공고 확인","https://job.alio.go.kr/recruitview.do?idx=304404"
"JA-105","JOB-ALIO","한국산업은행","한국산업은행 2027년 5급 신입행원(변호사) 채용공고","서울 외 15","정규직","상세공고 확인","상세공고 확인","2026.08.31","2026-09-14","진행중","경력·전문직","경력·전문 우선","제한 문구 미탐지","포털 목록 확인","정상","상세공고 확인","상세공고 확인","상세공고 확인","상세공고 확인","https://job.alio.go.kr/recruitview.do?idx=304399"
"JA-104","JOB-ALIO","한국산업은행","한국산업은행 2027년 5급 신입행원(일반) 채용공고","서울 외 15","정규직","신입","상세공고 확인","2026.08.31","2026-09-14","진행중","신입·정규직","우선검토","제한 문구 미탐지","상세 페이지 확인","정상","○ 연령, 학력 및 전공 : 제한없음 * 단, 접수마감일 기준 만 60세 이상인 자 제외 ○ 병역의무를 필한 자 또는 면제받은 자 * 2026. 11. 30. 까지 전역 가능한 자 포함 ○ 채용확정(12월말 예정) 후 전일 근무 가능한 자 * 졸업, 재학, 이직절차, 군 전역 등의 사유로 입행 유예 불가 ○ 은행 인사내규상 결격사유에 해당되지 않는 자 ○「부패방지 및 국민권익위원회의 설치와 운영에 관한 법률」제82조 “비위면직자 등”에 해당되지 않는 자 ○ 접수기간중 공고되는 산업은행의 모든 채용공고 및 채용분야에 중복지원 불가 * 단,「2026년 3차 청년인턴 채용공고」와 중복지원 가능","[서류심사] ○ 선발인원 ① (경영, 경제, IT, AI) 채용예정인원의 15배수 내외 ② (로봇·기계, 토목·건축, 바이오) 채용예정인원의 20배수 내외 * 동점자 처리기준에 의거 추가선발하거나, 적격자가 없는 경우 선발규모를 축소할 수 있음 ○ 지원동기 및 입행후 계획, 역량개발노력, 자기소개 등 ○ 어학성적 : 어학성적 충족여부 평가 - 지원서 작성시 기준점수 충족여부만 입력 - 기준점수 : TOEIC 750, NEW TEPS 358, TOEFL(iBT) 72, HSK 5급, JPT 800 (기타 어학성적 불인정) * 기준점수를 충족하지 못하는 경우에도 “미충족” 선택하여 지원 가능 ** ’26.1.21자 TOEFL(iBT) 점수체계 개정 기준 4점 ○ 합격자 발표 : 2026.9.29.(화) < 어학성적 유효기간 (① 또는 ②) > ① 국가공무원 채용시스템(gongmuwon.gosi.kr)에 사전등록하지 않은 어학성적 - `25. 1. 1자 이후 응시하여 지원서 접수마감일 기준 유효한 성적에 한하여 인정 ② 국가공무원 채용시스템(gongmuwon.gosi.kr)에 사전등록한 어학성적 - ‘21. 1. 1자 이후 응시하여 지원서 접수마감일까지 점수(등급)가 발표된 시험으로, 해당시험 유효기간 만료 전 국가공무원 채용 시스템을 통해 사전등록을 한 경우에 한하여 인정 ※ 사유불문하고 진위여부 검증이 되지 않을 경우 합격(채용)이 취소될 수 있음 [필기시험] ○ 선발인원 ① (경영, 경제, IT, AI) 채용예정인원의 3배수 내외 ② (로봇·기계, 토목·건축, 바이오) 채용예정인원의 4배수 내외 * 동점자 처리기준에 의거 추가선발하거나, 적격자가 없는 경우 선발규모를 축소할 수 있음 ○ 채용분야별 응시과목 ① (경영, 경제) 직무지식시험(경영학, 경제학 중 택1), 일반시사논술, N…","1자 이후 응시하여 지원서 접수마감일까지 점수(등급)가 발표된 시험으로, 해당시험 유효기간 만료 전 국가공무원 채용 시스템을 통해 사전등록을 한 경우에 한하여 인정 ※ 사유불문하고 진위여부 검증이 되지 않을 경우 합격(채용)이 취소될 수 있음 [필기시험] ○ 선발인원 ① (경영, 경제, IT, AI) 채용예정인원의 3배수 내외 ② (로봇·기계, 토목·건축, 바이오) 채용예정인원의 4배수 내외 * 동점자 처리기준에 의거 추가선발하거나, 적격자가 없는 경우 선발규모를 축소할 수 있음 ○ 채용분야별 응시과목 ① (경영, 경제) 직무지식시험(경영학, 경제학 중 택1), 일반시사논술, NCS직업공통능력평가(의사소통, 수리, 문제해결, 디지털) ② (IT, AI, 로봇·기계, 토목·건축, 바이오) 직무지식시험(IT, AI(인공지능공학), 로봇·기계공학, 토목·건축공학, 생명공학 중 1과목 선택), NCS직업공통능력평가(의사소통, 수리, 문제해결, 디지털) ○ 필기시험 합격자 대상 온라인 방식…","한국사, 어학, TOEIC, 의사","https://job.alio.go.kr/recruitview.do?idx=304398"
"JA-103","JOB-ALIO","한국산업은행","한국산업은행 장애인 전문직원(사무관리) 채용공고","서울 외 15","무기계약직","상세공고 확인","상세공고 확인","2026.08.31","2026-09-14","진행중","경력·전문직","경력·전문 우선","제한 문구 미탐지","포털 목록 확인","정상","상세공고 확인","상세공고 확인","상세공고 확인","상세공고 확인","https://job.alio.go.kr/recruitview.do?idx=304369"
"JA-102","JOB-ALIO","한전KDN","한전KDN(주) 강원사업처 강릉지사 AMI분야 비정규직(장애인) 모집공고","강원","비정규직","상세공고 확인","상세공고 확인","2026.08.31","2026-09-14","진행중","기간제·비정규","세부조건 확인","제한 문구 미탐지","포털 목록 확인","정상","상세공고 확인","상세공고 확인","상세공고 확인","상세공고 확인","https://job.alio.go.kr/recruitview.do?idx=304361"
"JA-101","JOB-ALIO","기초과학연구원","2026-5회 광과학 연구클러스터 연구직 채용 공고","전남광주","비정규직","상세공고 확인","상세공고 확인","2026.08.31","2026-09-15","진행중","기간제·비정규","세부조건 확인","제한 문구 미탐지","포털 목록 확인","정상","상세공고 확인","상세공고 확인","상세공고 확인","상세공고 확인","https://job.alio.go.kr/recruitview.do?idx=304356"
"JA-100","JOB-ALIO","기초과학연구원","제2026-6회 기초과학연구원 원자제어 저차원 전자계 연구단 박사후연구원 채용 공고","경북","비정규직","상세공고 확인","상세공고 확인","2026.08.31","2026-09-15","진행중","경력·전문직","경력·전문 우선","제한 문구 미탐지","포털 목록 확인","정상","상세공고 확인","상세공고 확인","상세공고 확인","상세공고 확인","https://job.alio.go.kr/recruitview.do?idx=304355"
"JA-99","JOB-ALIO","(주)강원랜드","㈜강원랜드 2026년 1차 촉탁직(임원운전기사) 채용 공고","강원","비정규직","상세공고 확인","상세공고 확인","2026.08.31","2026-09-14","진행중","경력·전문직","경력·전문 우선","제한 문구 미탐지","포털 목록 확인","정상","상세공고 확인","상세공고 확인","상세공고 확인","상세공고 확인","https://job.alio.go.kr/recruitview.do?idx=304336"
"JA-98","JOB-ALIO","한전KDN","한전KDN(주) 대전충남본부 천안지사 AMI분야 작업원 모집공고","충남","비정규직","상세공고 확인","상세공고 확인","2026.08.31","2026-09-14","진행중","기간제·비정규","세부조건 확인","제한 문구 미탐지","포털 목록 확인","정상","상세공고 확인","상세공고 확인","상세공고 확인","상세공고 확인","https://job.alio.go.kr/recruitview.do?idx=304326"
"JA-97","JOB-ALIO","한국수산자원공단","한국수산자원공단 2026년 개방직위(어업혁신본부장) 공개 모집(재공고)","부산","비정규직","상세공고 확인","상세공고 확인","2026.08.28","2026-09-14","진행중","기간제·비정규","세부조건 확인","제한 문구 미탐지","포털 목록 확인","정상","상세공고 확인","상세공고 확인","상세공고 확인","상세공고 확인","https://job.alio.go.kr/recruitview.do?idx=304402"
"JA-96","JOB-ALIO","예금보험공사","2026년도 예금보험공사 신입직원 채용안내","서울","정규직","신입","상세공고 확인","2026.08.28","2026-09-11","진행중","신입·정규직","우선검토","제한 문구 미탐지","상세 페이지 확인","정상","<공통> ① 학력, 연령, 전공 제한 없음 ※ 단 ,입사예정일(’26.12.28.)기준 공사 정년(만 60세) 미만인 자 ② 군필자(’26.12.27일 이전 전역이 가능한 자) 또는 면제자 - 고졸(일반행정) 분야의 경우 해당하지 않음 ③ 공사 내규상 채용 결격사유에 해당하지 않는 자 ④ 채용 확정 후 즉시 근무 가능한 자 ⑤ 채용 분야별 중복지원은 불가 <고졸> ㅇ 다음 조건을 모두 충족하는 자 ① 2027년초 특성화고(마이스터고 등도 포함*) 졸업예정자 * 특성화고·마이스터고 포털 사이트(www.hifive.go.kr)에 등록된 학교 기준 ② 학교장의 추천을 받은 자(학교별 1명*) * 학교별 1명만 추천 가능하며, 2명 이상 추천 시 해당 학교 지원자 모두 불합격 처리","ㅇ 전형절차 : 지원서접수 → 서류전형 → 필기전형 → 1차 면접전형 → 2차 면접전형 → 신체검사 및 신원조사 ㅇ 평가방법(금융일반, 디지털) - 1차(서류전형) : 25배수, 직무관련 교육·자격(100), 직무능력소개서 및 자기소개서(적·부*) * 회사명 오기재, 자기소개서 항목(직무능력소개서 포함) 미입력·분량미달(1개 항목이라도 허용 글자 수의 50% 미만 작성 항목이 있을 경우), 무의미한 동일어구 반복 등 불성실 기재 시 불합격 처리 - 2차(필기전형) : 3배수, NCS 직업기초능력평가(45), 직무수행능력평가(255) - 3차(1차 면접전형) : 1.5배수, 1차 면접전형 결과(75), 필기전형 결과(25) - 4차(2차 면접전형) : 1배수, 2차 면접전형 결과(100) - 최종(신체검사, 신원조사) : 채용결격사유 확인(적·부) ㅇ 평가방법(고졸(일반행정) 분야) - 1차(서류전형) : 직무능력소개서 및 자기소개서(적·부*) * 회사명 오기재, 자기소개서 항목(직무능력소개서 포함) 미입력·분량미달(1개 항목이라도 허용 글자 수의 50% 미만 작성 항목이 있을 경우), 무의미한 동일어구 반복 등 불성실 기재 시 불합격 처리 - 2차(필기전형) : 4배수, NCS 직업기초능력평가(100) - 3차(1차 면접전형) : 2배수, 1차 면접전형 결과(75), 필기전형 결과(25) - 4차(2차 면접전형) : 1배수, 2차 면접전형 결과(100) - 최종(신체검사, 신원조사) : 채용결격사유 확인(적·부) ※ 보다 자세한 사항은 첨부파일의 채용공고문 참조","ㅇ 전형절차 : 지원서접수 → 서류전형 → 필기전형 → 1차 면접전형 → 2차 면접전형 → 신체검사 및 신원조사 ㅇ 평가방법(금융일반, 디지털) - 1차(서류전형) : 25배수, 직무관련 교육·자격(100), 직무능력소개서 및 자기소개서(적·부*) * 회사명 오기재, 자기소개서 항목(직무능력소개서 포함) 미입력·분량미달(1개 항목이라도 허용 글자 수의 50% 미만 작성 항목이 있을 경우), 무의미한 동일어구 반복 등 불성실 기재 시 불합격 처리 - 2차(필기전형) : 3배수, NCS 직업기초능력평가(45), 직무수행능력평가(255) - 3차(1차 면접전형) : 1 / 5배수, 1차 면접전형 결과(75), 필기전형 결과(25) - 4차(2차 면접전형) : 1배수, 2차 면접전형 결과(100) - 최종(신체검사, 신원조사) : 채용결격사유 확인(적·부) ㅇ 평가방법(고졸(일반행정) 분야) - 1차(서류전형) : 직무능력소개서 및 자기소개서(적·부*) * 회사명 오기재, 자기소개서 항목…","의사","https://job.alio.go.kr/recruitview.do?idx=304400"
"JA-95","JOB-ALIO","한국환경연구원","[한국환경연구원] 임시직(기후위기 적응) 채용 공고(0828)","세종","비정규직","상세공고 확인","상세공고 확인","2026.08.28","2026-09-14","진행중","기간제·비정규","세부조건 확인","제한 문구 미탐지","포털 목록 확인","정상","상세공고 확인","상세공고 확인","상세공고 확인","상세공고 확인","https://job.alio.go.kr/recruitview.do?idx=304397"
"JA-94","JOB-ALIO","한국환경연구원","[한국환경연구원] 임시직(공공기관 적응대책) 채용공고(0828)","세종","비정규직","상세공고 확인","상세공고 확인","2026.08.28","2026-09-14","진행중","기간제·비정규","세부조건 확인","제한 문구 미탐지","포털 목록 확인","정상","상세공고 확인","상세공고 확인","상세공고 확인","상세공고 확인","https://job.alio.go.kr/recruitview.do?idx=304396"
"JA-93","JOB-ALIO","국립중앙의료원","계약직 전문의 채용 공고(외과)","서울","비정규직","상세공고 확인","상세공고 확인","2026.08.28","2026-09-14","진행중","경력·전문직","경력·전문 우선","제한 문구 미탐지","포털 목록 확인","정상","상세공고 확인","상세공고 확인","상세공고 확인","상세공고 확인","https://job.alio.go.kr/recruitview.do?idx=304393"
"JA-92","JOB-ALIO","한국해양수산연수원","한국해양수산연수원 2026년도 개방형계약직(감사실장) 채용 공고","부산","비정규직","상세공고 확인","상세공고 확인","2026.08.28","2026-09-11","진행중","기간제·비정규","세부조건 확인","제한 문구 미탐지","포털 목록 확인","정상","상세공고 확인","상세공고 확인","상세공고 확인","상세공고 확인","https://job.alio.go.kr/recruitview.do?idx=304391"
"JA-91","JOB-ALIO","분당서울대학교병원","2026년도 분당서울대학교병원 임상강사(Fellow) 4차 추가초빙","경기","정규직","상세공고 확인","상세공고 확인","2026.08.28","2026-09-10","진행중","정규직(세부 확인)","세부조건 확인","제한 문구 미탐지","포털 목록 확인","정상","상세공고 확인","상세공고 확인","상세공고 확인","상세공고 확인","https://job.alio.go.kr/recruitview.do?idx=304386"
"JA-90","JOB-ALIO","대한적십자사","[영주적십자병원] 정규직(보험심사, 조리사), 계약직(취사원(고령), 간호사(상근직), 간호조무사(상근직), 사무보조원(장애)), 육아휴직대체 사무보조원 공개채용 공고","경북","비정규직 외 1","상세공고 확인","상세공고 확인","2026.08.28","2026-09-13","진행중","제한경쟁·조건부","조건 충족자만","장애 관련 제한경쟁","포털 목록 확인","정상","상세공고 확인","상세공고 확인","상세공고 확인","상세공고 확인","https://job.alio.go.kr/recruitview.do?idx=304383"
"JA-89","JOB-ALIO","경상국립대학교병원","2026년 전문직1등급(촉탁의) 채용 공고","경남","비정규직","상세공고 확인","상세공고 확인","2026.08.28","2026-12-31","진행중","기간제·비정규","세부조건 확인","제한 문구 미탐지","포털 목록 확인","정상","상세공고 확인","상세공고 확인","상세공고 확인","상세공고 확인","https://job.alio.go.kr/recruitview.do?idx=304382"
"JA-88","JOB-ALIO","경상국립대학교병원","2026년 전문직1등급(촉탁의, 영상의학과) 채용 공고","경남","비정규직","상세공고 확인","상세공고 확인","2026.08.28","2026-12-31","진행중","기간제·비정규","세부조건 확인","제한 문구 미탐지","포털 목록 확인","정상","상세공고 확인","상세공고 확인","상세공고 확인","상세공고 확인","https://job.alio.go.kr/recruitview.do?idx=304381"
"JA-87","JOB-ALIO","한국수자원공사","[한국수자원공사] 2026년 전문직, 시설운영직(경력) 제한경쟁 채용공고","경기","정규직","상세공고 확인","상세공고 확인","2026.08.28","2026-09-11","진행중","제한경쟁·조건부","조건 충족자만","제한경쟁","포털 목록 확인","정상","상세공고 확인","상세공고 확인","상세공고 확인","상세공고 확인","https://job.alio.go.kr/recruitview.do?idx=304367"
"JA-86","JOB-ALIO","서울대학교치과병원","서울대학교치과병원 촉탁간호직(병동, 수술장) 채용 공고","서울","비정규직","상세공고 확인","상세공고 확인","2026.08.28","2026-09-11","진행중","기간제·비정규","세부조건 확인","제한 문구 미탐지","포털 목록 확인","정상","상세공고 확인","상세공고 확인","상세공고 확인","상세공고 확인","https://job.alio.go.kr/recruitview.do?idx=304360"
"JA-85","JOB-ALIO","중앙사회서비스원","2026년 제4차 중앙사회서비스원 직원(개방형 직위, 기간제) 채용 공고","서울","비정규직 외 1","상세공고 확인","상세공고 확인","2026.08.28","2026-09-14","진행중","기간제·비정규","세부조건 확인","제한 문구 미탐지","포털 목록 확인","정상","상세공고 확인","상세공고 확인","상세공고 확인","상세공고 확인","https://job.alio.go.kr/recruitview.do?idx=304354"
"JA-84","JOB-ALIO","국토연구원","2026년 제2차 시설직(미화원·기술원·방호원) 공개채용","세종","무기계약직","상세공고 확인","상세공고 확인","2026.08.28","2026-09-11","진행중","무기계약·공무직","세부조건 확인","제한 문구 미탐지","포털 목록 확인","정상","상세공고 확인","상세공고 확인","상세공고 확인","상세공고 확인","https://job.alio.go.kr/recruitview.do?idx=304350"
"JA-83","JOB-ALIO","한국승강기안전공단","한국승강기안전공단 2026년 대체인력 채용 및 체험형인턴 재채용","서울 외 7","비정규직 외 1","상세공고 확인","상세공고 확인","2026.08.28","2026-09-11","진행중","기간제·비정규","세부조건 확인","제한 문구 미탐지","포털 목록 확인","정상","상세공고 확인","상세공고 확인","상세공고 확인","상세공고 확인","https://job.alio.go.kr/recruitview.do?idx=304349"
"JA-82","JOB-ALIO","중소기업은행","2026년 하반기 IBK기업은행 신입행원 채용공고","서울 외 16","정규직","신입","상세공고 확인","2026.08.28","2026-09-14","진행중","신입·정규직","우선검토","제한 문구 미탐지","상세 페이지 확인","정상","ㅇ 금융일반, 디지털, IT 분야 - 학력, 연령, 성별 등 제한사항 없음 - 남성의 경우 병역필* 또는 면제자* * 2026. 11. 30. 이전 전역 가능한 자 포함. 고졸인재 분야 지원자는 해당 없음 - 채용 확정(12월 초·중순 예정) 후 전일 근무 가능한 자* * 졸업, 재학, 이직 절차, 군 전역 등의 사유로 입행 유예 불가 - 당행 인사규정 「채용의 제한」 대상자 등(공고문 內 “유의사항” 참조)이 아닌 자 ※ 지역인재의 경우, 공고문 참조 ㅇ 고졸인재 분야 - 고등학교 졸업 예정자 (졸업 예정월：’27년 2월) - 채용 확정(12월 초·중순 예정) 후 전일 근무 가능한 자* * 졸업, 재학, 이직 절차, 군 전역 등의 사유로 입행 유예 불가 - 당행 인사규정 「채용의 제한」 대상자 등(공고문 內 “유의사항” 참조)이 아닌 자","◆ 전형절차 및 방법 지원서접수 > 서류심사(1차) > 필기시험(2차) > 실기시험(3차) > 면접시험(최종) 1. 지원서접수 - 접수기간 : 2026.8.28.(금) ~ 9.14.(월), 10시 - 접수방법 : IBK홈페이지 또는 채용전용 홈페이지(http://ibk.incruit.com)에 지원서 작성 및 접수등록 ※ 면접시험을 제외한 全 전형은 제로베이스 평가 (前단계 평가점수 누적 합산되지 않음) ※ 각 절차별 동점자 발생 시 동점자 처리기준에 따라 합격자 결정 2. 서류심사(1차) - 합격인원 : 적부심사 통과자 전원 - 합격발표 : ’26. 9월말 예정 - 평가방법 : 적부심사(채용분야별 입행지원서 내용의 불량·불성실* 검증) * 은행명 오류, 표절, 무관·반복·부족한 답변, 블라인드 저촉 등 3. 필기시험(2차) - 일정/장소 : ’26.10.17.(토) 예정 / 전국 5개 지역 ※ 일정, 장소 변동가능 - 합격인원 : 분야별 채용예정인원의 7배수(디지털, IT 분야 限 8배수) ※ 분야별 고득점 順 (단, 만점의 40% 미만 득점자는 제외) - 합격발표 : ’26. 10월 중순 이후 예정 - 시험시간 : 10시 ~ 12시(120분) / 고졸인재 분야 10시 ~ 11시(60분) - 평가항목 : (구)직업기초능력, 직무수행능력 ※ 배점(100점) 1) 금융일반, 디지털, IT : 1.5점(직업기초), 1점(직무수행 객관식), 2점(직무수행 주관식) 2) 고졸인재 : 2.5점(직업기초) 4. 실기시험(3차) - 일정/장소 : ’26. 10월말 ~ 11월 초·중순 예정 / 기업은행 기흥연수원(당일) ※ 일정, 장소 변동가능 - 합격인원 : 분야별 채용 예정 인원의 약 1.7배수(분야별 고득점 順) - 합격발표 : ’26.11월 중순 이후 예정 - 평가방법 : 공통 및 개별 프…","◆ 전형절차 및 방법 지원서접수 > 서류심사(1차) > 필기시험(2차) > 실기시험(3차) > 면접시험(최종) 1 / com)에 지원서 작성 및 접수등록 ※ 면접시험을 제외한 全 전형은 제로베이스 평가 (前단계 평가점수 누적 합산되지 않음) ※ 각 절차별 동점자 발생 시 동점자 처리기준에 따라 합격자 결정 2 / 면접시험(최종) - 일정/장소 : ’26 / 11월 중·하순 예정 / 기업은행 본점 ※ 일정, 장소 변동가능 - 합격인원 : 175명(분야별 고득점* 順) * 분야별 최종합격자는 면접시험 점수(70%)와 실기시험 점수(30%)를 합산하여 결정 - 합격발표 : ’26","의사","https://job.alio.go.kr/recruitview.do?idx=304338"
"JA-81","JOB-ALIO","서울올림픽기념국민체육진흥공단","한국스포츠과학원 분석연구원(가·나급) 채용 공고-2026년 국가대표 현장밀착형 스포츠과학지원","충북","비정규직","상세공고 확인","상세공고 확인","2026.08.28","2026-09-11","진행중","기간제·비정규","세부조건 확인","제한 문구 미탐지","포털 목록 확인","정상","상세공고 확인","상세공고 확인","상세공고 확인","상세공고 확인","https://job.alio.go.kr/recruitview.do?idx=304317"
"JA-80","JOB-ALIO","한국투자공사","한국투자공사 2026년 신입직원 채용","서울","정규직","신입","상세공고 확인","2026.08.27","2026-09-18","진행중","신입·정규직","우선검토","제한 문구 미탐지","상세 페이지 확인","정상","- 학력, 연령, 성별 등에 관계없이 지원 가능(채용 확정 후 즉시 근무 가능한 자) - 남자의 경우 병역 기피 사실이 없는 자 - 국가공무원법 제33조 각호 및 공사 인사규정에 명시된 채용 결격사유에 해당되지 않는 자 - 해외투자 전문기관인 공사의 직무수행에 필수적인 아래의 어학요건을 최소 1개 이상 충족하는 등 모집부문별 자격요건을 만족하는 자 * 투자분야 : TOEIC 900점(또는 New TEPS 370점, TOEFL(IBT) 105점, TOEIC Speaking 160점(AL), OPIc (IH)) 이상 * 리스크분야/경영분야/IT분야 : TOEIC 850점(또는 New TEPS 336점, TOEFL(IBT) 98점, TOEIC Speaking 140점(IH), OPIc (IM3)) 이상","○ 전형절차 : 서류전형 > 필기전형 > 온라인 인성검사 > 1차 면접전형 > 2차 면접전형 > 최종합격자 발표 ○ 서류전형 - 선발인원: 모집부문별 채용인원의 30배수 - 선발방법: 응시자격을 충족한 적격 지원자를 대상으로 서류평가 - 동점자 처리기준: 전원 합격 처리 ○ 필기전형 - 선발인원: 모집부문별 채용인원의 10배수 - 평가방법: 직무능력평가(200점) - 평가기준: 모집부문별 상위 득점자 순으로 선발 - 동점자 처리기준: 취업지원대상자(보훈), 직무능력평가 고득점자 순으로 선발하되, 동점자 중 취업지원대상자가 없고 직무능력평가가 동점일 경우에는 동점자 전원 1차 면접기회 부여(동 기준에 한하여 선발인원 초과 가능) ※ 필기전형 합격자를 대상으로 온라인 인성검사 실시 ○ 1차 면접전형 - 선발인원: 모집부문별 채용인원의 3배수 - 평가방법 및 기준: 실무자 직무역량 면접 실시(PT면접, 코딩역량평가 포함) * 투자 : 실무자면접(70) + 영어 PT면접(30) * 리스크 : 실무자면접(70) + PT면접(30) * 경영 : 실무자면접(70) + PT면접(30) * IT : 실무자면접(60) + PT면접(20) + 코딩역량평가(20) - 동점자 처리기준: 모집부문별 동점자 전원에게 2차 면접기회 부여(동 기준에 한해 선발인원 가능) - 모집부문별 적격자가 없다고 판단되는 경우, 선발인원 미만으로 선발하거나 미선발 가능 ○ 2차 면접전형 - 선발인원: 모집부문별 채용인원의 1배수 - 평가방법: 임원 면접 실시 - 평가기준: 지원자의 인성, 역량 등 조직적합성에 대해 종합적으로 평가 - 동점자 처리기준: 취업지원대상자(보훈), 1차 면접 고득점자, 필기전형 고득점자 순으로 선발 - 모집부문별 적격자가 없다고 판단되는 경우, 1배수 미만으로 선발하거나 미선발 가능 ○ 고용형태 :…","○ 전형절차 : 서류전형 > 필기전형 > 온라인 인성검사 > 1차 면접전형 > 2차 면접전형 > 최종합격자 발표 ○ 서류전형 - 선발인원: 모집부문별 채용인원의 30배수 - 선발방법: 응시자격을 충족한 적격 지원자를 대상으로 서류평가 - 동점자 처리기준: 전원 합격 처리 ○ 필기전형 - 선발인원: 모집부문별 채용인원의 10배수 - 평가방법: 직무능력평가(200점) - 평가기준: 모집부문별 상위 득점자 순으로 선발 - 동점자 처리기준: 취업지원대상자(보훈), 직무능력평가 고득점자 순으로 선발하되, 동점자 중 취업지원대상자가 없고 직무능력평가가 동점일 경우에는 동점자 전원 1차 면접기회 부여(동 기준에 한하여 선발인원 초과 가능) ※ 필기전형 합격자를 대상으로 온라인 인성검사 실시 ○ 1차 면접전형 - 선발인원: 모집부문별 채용인원의 3배수 - 평가방법 및 기준: 실무자 직무역량 면접 실시(PT면접, 코딩역량평가 포함) * 투자 : 실무자면접(70) + 영어 PT면접(30) * 리스크…","어학, TOEIC","https://job.alio.go.kr/recruitview.do?idx=304335"
"JA-79","JOB-ALIO","기초과학연구원","제2026-3회 중이온가속기연구소 별정직 직원 채용 공고","대전","비정규직","상세공고 확인","상세공고 확인","2026.08.27","2026-09-11","진행중","기간제·비정규","세부조건 확인","제한 문구 미탐지","포털 목록 확인","정상","상세공고 확인","상세공고 확인","상세공고 확인","상세공고 확인","https://job.alio.go.kr/recruitview.do?idx=304334"
"JA-78","JOB-ALIO","전북대학교병원","2026년 임상교수요원(임상교수) 채용 공고","전북","정규직","상세공고 확인","상세공고 확인","2026.08.27","2026-09-09","진행중","경력·전문직","경력·전문 우선","제한 문구 미탐지","포털 목록 확인","정상","상세공고 확인","상세공고 확인","상세공고 확인","상세공고 확인","https://job.alio.go.kr/recruitview.do?idx=304333"
"JA-77","JOB-ALIO","한국전력공사","2026년도 제1차 전문·사무직원 채용공고","서울 외 5","정규직","상세공고 확인","상세공고 확인","2026.08.27","2026-09-10","진행중","정규직(세부 확인)","세부조건 확인","제한 문구 미탐지","포털 목록 확인","정상","상세공고 확인","상세공고 확인","상세공고 확인","상세공고 확인","https://job.alio.go.kr/recruitview.do?idx=304332"
"JA-76","JOB-ALIO","한국여성인권진흥원","2026년 한국여성인권진흥원 제5차 채용 공고","서울","무기계약직 외 2","상세공고 확인","상세공고 확인","2026.08.27","2026-09-10","진행중","무기계약·공무직","세부조건 확인","제한 문구 미탐지","포털 목록 확인","정상","상세공고 확인","상세공고 확인","상세공고 확인","상세공고 확인","https://job.alio.go.kr/recruitview.do?idx=304330"
"JA-75","JOB-ALIO","한국환경공단","2026년도 한국환경공단 하반기 개방형 직위(정선수도사업소장) 공개모집 공고","강원","비정규직","상세공고 확인","상세공고 확인","2026.08.27","2026-09-10","진행중","기간제·비정규","세부조건 확인","제한 문구 미탐지","포털 목록 확인","정상","상세공고 확인","상세공고 확인","상세공고 확인","상세공고 확인","https://job.alio.go.kr/recruitview.do?idx=304324"
"JA-74","JOB-ALIO","한국장애인고용공단","[한국장애인고용공단 서울지역본부·강원지사] 기간제근로자 통합채용 공고","서울 외 1","비정규직 외 1","상세공고 확인","상세공고 확인","2026.08.27","2026-09-09","진행중","기간제·비정규","세부조건 확인","제한 문구 미탐지","포털 목록 확인","정상","상세공고 확인","상세공고 확인","상세공고 확인","상세공고 확인","https://job.alio.go.kr/recruitview.do?idx=304323"
"JA-73","JOB-ALIO","한국조세재정연구원","[한국조세재정연구원] 2026년도 제3차 체험형 청년인턴 신규채용","서울 외 1","청년인턴(체험형)","상세공고 확인","상세공고 확인","2026.08.27","2026-09-10","진행중","체험형·청년인턴","우선검토","제한 문구 미탐지","포털 목록 확인","정상","상세공고 확인","상세공고 확인","상세공고 확인","상세공고 확인","https://job.alio.go.kr/recruitview.do?idx=304319"
"JA-72","JOB-ALIO","한국조세재정연구원","[한국조세재정연구원] 2026년도 제5차 위촉직 직원모집","서울 외 1","비정규직","상세공고 확인","상세공고 확인","2026.08.27","2026-09-10","진행중","기간제·비정규","세부조건 확인","제한 문구 미탐지","포털 목록 확인","정상","상세공고 확인","상세공고 확인","상세공고 확인","상세공고 확인","https://job.alio.go.kr/recruitview.do?idx=304318"
"JA-71","JOB-ALIO","국립호남권생물자원관","국립호남권생물자원관 기간제근로자(육아휴직 대체) 채용공고","전남광주","비정규직","상세공고 확인","상세공고 확인","2026.08.27","2026-09-11","진행중","기간제·비정규","세부조건 확인","제한 문구 미탐지","포털 목록 확인","정상","상세공고 확인","상세공고 확인","상세공고 확인","상세공고 확인","https://job.alio.go.kr/recruitview.do?idx=304300"
"JA-70","JOB-ALIO","한국보훈복지의료공단","[본사] 한국보훈복지의료공단 대전보훈병원장(별정직) 공개모집 공고","대전","정규직","상세공고 확인","상세공고 확인","2026.08.27","2026-09-10","진행중","경력·전문직","경력·전문 우선","제한 문구 미탐지","포털 목록 확인","정상","상세공고 확인","상세공고 확인","상세공고 확인","상세공고 확인","https://job.alio.go.kr/recruitview.do?idx=304299"
"JA-69","JOB-ALIO","한국방송통신전파진흥원","한국방송통신전파진흥원 체험형 청년인턴 채용 공고","전남광주","청년인턴(체험형)","상세공고 확인","상세공고 확인","2026.08.27","2026-09-10","진행중","체험형·청년인턴","우선검토","제한 문구 미탐지","포털 목록 확인","정상","상세공고 확인","상세공고 확인","상세공고 확인","상세공고 확인","https://job.alio.go.kr/recruitview.do?idx=304282"
"JA-68","JOB-ALIO","한국방송통신전파진흥원","한국방송통신전파진흥원 휴직 대체인력(대체인력뱅크) 채용 공고","전남광주","비정규직","상세공고 확인","상세공고 확인","2026.08.27","2026-09-10","진행중","기간제·비정규","세부조건 확인","제한 문구 미탐지","포털 목록 확인","정상","상세공고 확인","상세공고 확인","상세공고 확인","상세공고 확인","https://job.alio.go.kr/recruitview.do?idx=304281"
"JA-67","JOB-ALIO","한국방송통신전파진흥원","한국방송통신전파진흥원 경력·신입 직원 채용 공고","대구 외 2","무기계약직 외 1","신입+경력","상세공고 확인","2026.08.27","2026-09-10","진행중","제한경쟁·조건부","조건 충족자만","보훈 관련 제한경쟁","상세 페이지 확인","정상","□응시자격 ○ 공통사항 - KCA 인사규정 ""[별표 1] 직원채용 공통자격기준"" 적용 - 성별, 병역 제한 없으며, 임용일 기준 근무가능자 - 임용일 기준 정년 만 60세 미만. 단, 미화(공무직)는 정년 만 65세 미만 - KCA 인사규정 제12조(결격사유)에 해당되지 않는 자 ○ 시설관리(기계) - 기계설비유지관리자(고급) 이상 자격을 보유한 자 ○ 미화(보훈) - 「국가유공자 등 예우 및 지원에 관한 법률」 등 보훈관련 법령에 따라 취업지원대상자 증명서 발급이 가능한 자 ※ 세부내용 채용공고문 참조","□ 전형방법 ○ 6급, 7급 : 서류·AI전형 → 면접전형 - (서류·AI전형) 평가항목별로 평가한 서류전형 평균점수와 AI전형을 합산한 점수에 가점을 적용하여 채용예정 인원의 5배수 내에서 고득점자 순으로 선발 - (면접전형) 채용분야별 면접 평가 후 평균점수에 가점을 적용하여 70점 이상자 중 고득점자 순으로 최종 합격자 선발 * 동점자 발생 시 취업지원대상자, 서류·AI 전형, AI역량검사 고득점자 순 선발 ○ 공무직 : 서류전형 → 면접전형 - (서류전형) 평가항목별로 평가한 서류전형 평균점수에 가점을 적용하여 70점 이상자 중 채용예정 인원의 10배수 내에서 고득점자 순으로 선발 - (면접전형) 채용분야별 면접 평가 후 평균점수에 가점을 적용하여 70점 이상자 중 고득점자 순으로 최종 합격자 선발 * 동점자 발생 시 취업지원대상자, 서류전형 고득점자 순 선발 ※ 세부내용 채용공고문 참조 □ 전형일정 ○ 채용공고 및 접수(AI 역량검사 병행) : '26. 8. 27.(목) ~ '26. 9. 10.(목) / 홈페이지, 알리오 / 접수처 : https://kcarecruit.kr ○ 1차 전형(서류·AI 전형, 공무직은 서류) 인재선발시험위원회 : '26. 9. 15.(화) ~ '26. 9. 17.(목) / 나주 ○ 1차 전형(서류·AI 전형, 공무직은 서류) 합격자 발표 : '26. 9. 22.(화) / 홈페이지, 이메일, 개별문자 ○ 입사지원서 증빙서류 제출 : '26. 9. 22.(화) ~ '26. 9. 27.(일) / 나주 ○ 2차 전형(면접) 인재선발시험위원회 : '26. 9. 30.(수) ~ '26. 10. 2.(금) / 나주 ○ 2차 전형(면접) 합격자 발표 : '26. 10. 8.(목) / 홈페이지, 이메일, 개별문자 ○ 채용 구비서류 제출 : '26. 10. 8.…","□ 전형방법 ○ 6급, 7급 : 서류·AI전형 → 면접전형 - (서류·AI전형) 평가항목별로 평가한 서류전형 평균점수와 AI전형을 합산한 점수에 가점을 적용하여 채용예정 인원의 5배수 내에서 고득점자 순으로 선발 - (면접전형) 채용분야별 면접 평가 후 평균점수에 가점을 적용하여 70점 이상자 중 고득점자 순으로 최종 합격자 선발 * 동점자 발생 시 취업지원대상자, 서류·AI 전형, AI역량검사 고득점자 순 선발 ○ 공무직 : 서류전형 → 면접전형 - (서류전형) 평가항목별로 평가한 서류전형 평균점수에 가점을 적용하여 70점 이상자 중 채용예정 인원의 10배수 내에서 고득점자 순으로 선발 - (면접전형) 채용분야별 면접 평가 후 평균점수에 가점을 적용하여 70점 이상자 중 고득점자 순으로 최종 합격자 선발 * 동점자 발생 시 취업지원대상자, 서류전형 고득점자 순 선발 ※ 세부내용 채용공고문 참조 □ 전형일정 ○ 채용공고 및 접수(AI 역량검사 병행) : '26 / (일) / 나주 …","한국사","https://job.alio.go.kr/recruitview.do?idx=304279"
"JA-66","JOB-ALIO","새만금개발공사","2026년 새만금개발공사 수시채용","전북","정규직","상세공고 확인","상세공고 확인","2026.08.27","2026-09-11","진행중","정규직(세부 확인)","세부조건 확인","제한 문구 미탐지","포털 목록 확인","정상","상세공고 확인","상세공고 확인","상세공고 확인","상세공고 확인","https://job.alio.go.kr/recruitview.do?idx=304268"
"JA-65","JOB-ALIO","한국토지주택공사","한국토지주택공사 사내변호사 채용 공고","경기 외 1","비정규직","상세공고 확인","상세공고 확인","2026.08.27","2026-09-11","진행중","경력·전문직","경력·전문 우선","제한 문구 미탐지","포털 목록 확인","정상","상세공고 확인","상세공고 확인","상세공고 확인","상세공고 확인","https://job.alio.go.kr/recruitview.do?idx=304252"
"JA-64","JOB-ALIO","한국법무보호복지공단","2026년 한국법무보호복지공단 경기남부지부 보호직(육아휴직대체직) 공개경쟁채용시험 공고","경기","비정규직","상세공고 확인","상세공고 확인","2026.08.27","2026-09-11","진행중","기간제·비정규","세부조건 확인","제한 문구 미탐지","포털 목록 확인","정상","상세공고 확인","상세공고 확인","상세공고 확인","상세공고 확인","https://job.alio.go.kr/recruitview.do?idx=304229"
"JA-63","JOB-ALIO","국립생태원","2026년 제1차 국립생태원 기간제근로자(육아휴직 대체) 채용 공고","충남 외 3","비정규직","상세공고 확인","상세공고 확인","2026.08.27","2026-09-11","진행중","기간제·비정규","세부조건 확인","제한 문구 미탐지","포털 목록 확인","정상","상세공고 확인","상세공고 확인","상세공고 확인","상세공고 확인","https://job.alio.go.kr/recruitview.do?idx=304219"
"JA-62","JOB-ALIO","대한적십자사","(경남혈액원) 비정규직 초단시간 헌혈권장원 채용 공고","경남","비정규직","상세공고 확인","상세공고 확인","2026.08.26","2026-09-10","진행중","기간제·비정규","세부조건 확인","제한 문구 미탐지","포털 목록 확인","정상","상세공고 확인","상세공고 확인","상세공고 확인","상세공고 확인","https://job.alio.go.kr/recruitview.do?idx=304347"
"JA-61","JOB-ALIO","대한적십자사","(경남혈액원) 비정규직 기간제(한시적) 임상병리사 채용 공고","경남","비정규직","상세공고 확인","상세공고 확인","2026.08.26","2026-09-10","진행중","기간제·비정규","세부조건 확인","제한 문구 미탐지","포털 목록 확인","정상","상세공고 확인","상세공고 확인","상세공고 확인","상세공고 확인","https://job.alio.go.kr/recruitview.do?idx=304346"
"JA-60","JOB-ALIO","한국항공우주연구원","(수정) 한국항공우주연구원 2026년도 하반기 정규직 채용공고","대전","정규직","상세공고 확인","상세공고 확인","2026.08.26","2026-09-10","진행중","정규직(세부 확인)","세부조건 확인","제한 문구 미탐지","포털 목록 확인","정상","상세공고 확인","상세공고 확인","상세공고 확인","상세공고 확인","https://job.alio.go.kr/recruitview.do?idx=304298"
"JA-59","JOB-ALIO","충남대학교병원","[대전] 충남대학교병원 2026년 9월 보조금직원 채용공고","대전","비정규직","상세공고 확인","상세공고 확인","2026.08.26","2026-09-09","진행중","기간제·비정규","세부조건 확인","제한 문구 미탐지","포털 목록 확인","정상","상세공고 확인","상세공고 확인","상세공고 확인","상세공고 확인","https://job.alio.go.kr/recruitview.do?idx=304296"
"JA-58","JOB-ALIO","충남대학교병원","[대전] 충남대학교병원 2026년 9월 업무지원계약직 직원 채용공고","대전","비정규직","상세공고 확인","상세공고 확인","2026.08.26","2026-09-09","진행중","기간제·비정규","세부조건 확인","제한 문구 미탐지","포털 목록 확인","정상","상세공고 확인","상세공고 확인","상세공고 확인","상세공고 확인","https://job.alio.go.kr/recruitview.do?idx=304295"
"JA-57","JOB-ALIO","충남대학교병원","[대전] 충남대학교병원 2026년 9월 계약직 직원 채용공고","대전","비정규직","상세공고 확인","상세공고 확인","2026.08.26","2026-09-09","진행중","기간제·비정규","세부조건 확인","제한 문구 미탐지","포털 목록 확인","정상","상세공고 확인","상세공고 확인","상세공고 확인","상세공고 확인","https://job.alio.go.kr/recruitview.do?idx=304294"
"JA-56","JOB-ALIO","충남대학교병원","[대전] 충남대학교병원 2026년 9월 공무직 직원 채용공고","대전","무기계약직","상세공고 확인","상세공고 확인","2026.08.26","2026-09-09","진행중","무기계약·공무직","세부조건 확인","제한 문구 미탐지","포털 목록 확인","정상","상세공고 확인","상세공고 확인","상세공고 확인","상세공고 확인","https://job.alio.go.kr/recruitview.do?idx=304293"
"JA-55","JOB-ALIO","한국보훈복지의료공단","[대구보훈요양원] 2026년 계약직 물리치료사(복지기능직) 공개채용 공고","대구","비정규직","상세공고 확인","상세공고 확인","2026.08.26","2026-09-09","진행중","기간제·비정규","세부조건 확인","제한 문구 미탐지","포털 목록 확인","정상","상세공고 확인","상세공고 확인","상세공고 확인","상세공고 확인","https://job.alio.go.kr/recruitview.do?idx=304289"
"JA-54","JOB-ALIO","한국보훈복지의료공단","[대구보훈요양원] 2026년 제3차 업무지원직(청소) 공개채용 공고","대구","무기계약직","상세공고 확인","상세공고 확인","2026.08.26","2026-09-09","진행중","무기계약·공무직","세부조건 확인","제한 문구 미탐지","포털 목록 확인","정상","상세공고 확인","상세공고 확인","상세공고 확인","상세공고 확인","https://job.alio.go.kr/recruitview.do?idx=304288"
"JA-53","JOB-ALIO","한국보훈복지의료공단","[대구보훈요양원] 2026년 제6차 정규직 요양보호직 공개채용 공고","대구","정규직","상세공고 확인","상세공고 확인","2026.08.26","2026-09-09","진행중","정규직(세부 확인)","세부조건 확인","제한 문구 미탐지","포털 목록 확인","정상","상세공고 확인","상세공고 확인","상세공고 확인","상세공고 확인","https://job.alio.go.kr/recruitview.do?idx=304286"
"JA-52","JOB-ALIO","한국노인인력개발원","2026년 한국노인인력개발원 3분기 기간제 근로자(홍보) 채용 공고","경기","비정규직","상세공고 확인","상세공고 확인","2026.08.26","2026-09-09","진행중","기간제·비정규","세부조건 확인","제한 문구 미탐지","포털 목록 확인","정상","상세공고 확인","상세공고 확인","상세공고 확인","상세공고 확인","https://job.alio.go.kr/recruitview.do?idx=304285"
"JA-51","JOB-ALIO","한국노인인력개발원","2026년 한국노인인력개발원 3분기 기간제 근로자(전산) 채용 공고","경기","비정규직","상세공고 확인","상세공고 확인","2026.08.26","2026-09-09","진행중","기간제·비정규","세부조건 확인","제한 문구 미탐지","포털 목록 확인","정상","상세공고 확인","상세공고 확인","상세공고 확인","상세공고 확인","https://job.alio.go.kr/recruitview.do?idx=304284"
"JA-50","JOB-ALIO","한국철도공사","한국철도공사 2026년 기간제근로자(운전담당원) 채용공고","서울 외 2","비정규직","상세공고 확인","상세공고 확인","2026.08.26","2026-09-09","진행중","기간제·비정규","세부조건 확인","제한 문구 미탐지","포털 목록 확인","정상","상세공고 확인","상세공고 확인","상세공고 확인","상세공고 확인","https://job.alio.go.kr/recruitview.do?idx=304283"
"JA-49","JOB-ALIO","한국원산지정보원","2026년 제2차 한국원산지정보원 직원 채용 공고","서울 외 2","정규직","상세공고 확인","상세공고 확인","2026.08.26","2026-09-10","진행중","정규직(세부 확인)","세부조건 확인","제한 문구 미탐지","포털 목록 확인","정상","상세공고 확인","상세공고 확인","상세공고 확인","상세공고 확인","https://job.alio.go.kr/recruitview.do?idx=304278"
"JA-48","JOB-ALIO","한국수자원공사","[한국수자원공사] 제주지역협력본부 한림·한경 및 대정·안덕 유수율 유지관리사업 특수직(기술관리_건설사업) 채용 공고","제주","비정규직","상세공고 확인","상세공고 확인","2026.08.26","2026-09-09","진행중","기간제·비정규","세부조건 확인","제한 문구 미탐지","포털 목록 확인","정상","상세공고 확인","상세공고 확인","상세공고 확인","상세공고 확인","https://job.alio.go.kr/recruitview.do?idx=304276"
"JA-47","JOB-ALIO","한국보훈복지의료공단","[인천보훈병원] 2026-13차 직원 보훈특별고용 채용","인천","무기계약직","상세공고 확인","상세공고 확인","2026.08.26","2026-09-09","진행중","제한경쟁·조건부","조건 충족자만","보훈 관련 제한경쟁","포털 목록 확인","정상","상세공고 확인","상세공고 확인","상세공고 확인","상세공고 확인","https://job.alio.go.kr/recruitview.do?idx=304275"
"JA-46","JOB-ALIO","한국장애인개발원","[제2026-94호] 2026년도 경영지원부 사회형평적(장애인) 청년인턴 채용 공고","서울","청년인턴(체험형)","상세공고 확인","상세공고 확인","2026.08.26","2026-09-09","진행중","체험형·청년인턴","세부조건 확인","제한 문구 미탐지","포털 목록 확인","정상","상세공고 확인","상세공고 확인","상세공고 확인","상세공고 확인","https://job.alio.go.kr/recruitview.do?idx=304273"
"JA-45","JOB-ALIO","한국원자력의학원","별정직 직원모집 공고(입원의학과)_채용완료시 공고종료","서울","비정규직","상세공고 확인","상세공고 확인","2026.08.26","2026-12-31","진행중","기간제·비정규","세부조건 확인","제한 문구 미탐지","포털 목록 확인","정상","상세공고 확인","상세공고 확인","상세공고 확인","상세공고 확인","https://job.alio.go.kr/recruitview.do?idx=304271"
"JA-44","JOB-ALIO","한국동서발전(주)","한국동서발전(주) 2026년 사회형평 신입직원(대졸수준(보훈/장애)) 선발","울산 외 6","정규직","상세공고 확인","상세공고 확인","2026.08.26","2026-09-09","진행중","신입·정규직","우선검토","제한 문구 미탐지","포털 목록 확인","정상","상세공고 확인","상세공고 확인","상세공고 확인","상세공고 확인","https://job.alio.go.kr/recruitview.do?idx=304267"
"JA-43","JOB-ALIO","한국전력공사","기간제근로자(대체인력) 채용공고 [대전세종충남본부, 서대전지사, 공주청양지사]","대전 외 1","비정규직","상세공고 확인","상세공고 확인","2026.08.26","2026-09-09","진행중","기간제·비정규","세부조건 확인","제한 문구 미탐지","포털 목록 확인","정상","상세공고 확인","상세공고 확인","상세공고 확인","상세공고 확인","https://job.alio.go.kr/recruitview.do?idx=304266"
"JA-42","JOB-ALIO","국립공원공단","[북한산] 2026년 북한산국립공원사무소 국립공원지킴이 모집 공고(5차)","서울 외 1","비정규직","상세공고 확인","상세공고 확인","2026.08.26","2026-09-09","진행중","기간제·비정규","세부조건 확인","제한 문구 미탐지","포털 목록 확인","정상","상세공고 확인","상세공고 확인","상세공고 확인","상세공고 확인","https://job.alio.go.kr/recruitview.do?idx=304261"
"JA-41","JOB-ALIO","한국수자원공사","[한국수자원공사] 금강경영처 단기계약근로자(사무관리_서무보조, 비서 등) 채용 공고(육아휴직 대체인력)","전북","비정규직","상세공고 확인","상세공고 확인","2026.08.26","2026-09-09","진행중","기간제·비정규","세부조건 확인","제한 문구 미탐지","포털 목록 확인","정상","상세공고 확인","상세공고 확인","상세공고 확인","상세공고 확인","https://job.alio.go.kr/recruitview.do?idx=304259"
"JA-40","JOB-ALIO","충북대학교병원","충북대학교병원 계약직의사 채용 공고","충북","비정규직","상세공고 확인","상세공고 확인","2026.08.26","2026-09-09","진행중","기간제·비정규","세부조건 확인","제한 문구 미탐지","포털 목록 확인","정상","상세공고 확인","상세공고 확인","상세공고 확인","상세공고 확인","https://job.alio.go.kr/recruitview.do?idx=304257"
"JA-39","JOB-ALIO","한국해양수산개발원","2026년 한국해양수산개발원 제1차 공무직(안전관리자) 채용","부산","무기계약직","상세공고 확인","상세공고 확인","2026.08.26","2026-09-15","진행중","무기계약·공무직","세부조건 확인","제한 문구 미탐지","포털 목록 확인","정상","상세공고 확인","상세공고 확인","상세공고 확인","상세공고 확인","https://job.alio.go.kr/recruitview.do?idx=304256"
"JA-38","JOB-ALIO","한국해양수산개발원","2026년 한국해양수산개발원 제3차 정규직 연구직(석사) 채용 공고","부산","정규직","상세공고 확인","상세공고 확인","2026.08.26","2026-09-15","진행중","정규직(세부 확인)","세부조건 확인","제한 문구 미탐지","포털 목록 확인","정상","상세공고 확인","상세공고 확인","상세공고 확인","상세공고 확인","https://job.alio.go.kr/recruitview.do?idx=304255"
"JA-37","JOB-ALIO","한국해양수산개발원","2026년 한국해양수산개발원 제3차 정규직 연구직(박사) 채용 공고","부산","정규직","상세공고 확인","상세공고 확인","2026.08.26","2026-09-15","진행중","경력·전문직","경력·전문 우선","제한 문구 미탐지","포털 목록 확인","정상","상세공고 확인","상세공고 확인","상세공고 확인","상세공고 확인","https://job.alio.go.kr/recruitview.do?idx=304254"
"JA-36","JOB-ALIO","충북대학교병원","충북대학교병원 공공임상교수요원 채용 공고","충북","정규직","상세공고 확인","상세공고 확인","2026.08.26","2026-09-09","진행중","경력·전문직","경력·전문 우선","제한 문구 미탐지","포털 목록 확인","정상","상세공고 확인","상세공고 확인","상세공고 확인","상세공고 확인","https://job.alio.go.kr/recruitview.do?idx=304253"
"JA-35","JOB-ALIO","충남대학교병원","[세종] 2026년 약무직 직원 모집공고","세종","정규직","상세공고 확인","상세공고 확인","2026.08.26","2026-09-09","진행중","정규직(세부 확인)","세부조건 확인","제한 문구 미탐지","포털 목록 확인","정상","상세공고 확인","상세공고 확인","상세공고 확인","상세공고 확인","https://job.alio.go.kr/recruitview.do?idx=304251"
"JA-34","JOB-ALIO","대구경북첨단의료산업진흥재단","2026 제2차 대구경북첨단의료산업진흥재단 직원 채용공고(연구직)","대구","정규직","상세공고 확인","상세공고 확인","2026.08.26","2026-09-09","진행중","정규직(세부 확인)","세부조건 확인","제한 문구 미탐지","포털 목록 확인","정상","상세공고 확인","상세공고 확인","상세공고 확인","상세공고 확인","https://job.alio.go.kr/recruitview.do?idx=304238"
"JA-33","JOB-ALIO","극지연구소","2026년 대한민국 남극과학기지 월동연구대 채용 재공고(기계설비 분야)","해외","비정규직","상세공고 확인","상세공고 확인","2026.08.26","2026-09-09","진행중","기간제·비정규","세부조건 확인","제한 문구 미탐지","포털 목록 확인","정상","상세공고 확인","상세공고 확인","상세공고 확인","상세공고 확인","https://job.alio.go.kr/recruitview.do?idx=304233"
"JA-32","JOB-ALIO","중소벤처기업진흥공단","2026년 하반기 중소벤처기업진흥공단 일반직(신입·경력) 채용 공고","서울 외 16","정규직","신입+경력","상세공고 확인","2026.08.26","2026-09-10","진행중","제한경쟁·조건부","조건 충족자만","보훈 관련 제한경쟁","상세 페이지 확인","정상","ㅇ 학력, 전공, 연령, 성별 등에 제한없음 (단, 공고일 기준 만 60세 이상 지원 불가, 만 57세 이상 임금피크제 적용) ㅇ 임용(12월 30일 예정) 즉시 근무 가능한 자(사유불문 입사유예 불가) ㅇ 남성의 경우 병역필(임용예정일 이전 전역예정자 포함) 또는 면제자 ㅇ 「국가공무원법」 제33조(결격사유) 및 「중진공 인사규정」상 채용결격사유에 해당되지 않는 자 ※ 제한경쟁채용 응시자격 1) 준법지원(경력-변호사) : 「변호사법」 제4조에 따른 국내변호사 자격증 소지자로서, 직무경력 3년 이상인 자 2) 회계세무(경력-회계사) : 국내 공인회계사(KICPA) 자격증 소지자로서, 직무경력(회계감사, 세무회계 등) 2년 이상인 자 3) 취업지원대상자(보훈) : 「국가유공자 등 예우 및 지원에 관한 법률」 상 취업지원대상자 ※ 신입·경력 전체 모집분야 중 1개만 지원 가능(중복 지원 불가) ※ 자세한 사항은 채용 공고문 참조","[모집분야/인원] ※ 분야별 모집인원 채용 공고 참조 ㅇ 일반직 총 60명 (공개경쟁채용 47명, 제한경쟁채용 13명) 1) 공개경쟁 : 경영기획_전국 12명, 기업평가(경영)_전국 5명, 기업평가(경영)_강원권 1명, 기업평가(경영)_충청권 1명, 기업평가(경영)_호남권 1명, 기업평가(기술)_전국 8명, 기업평가(기술)_강원권 1명, 기업평가(기술)_충청권 1명, 기업평가(기술)_호남권 1명, 글로벌_전국 3명, 채권관리·준법지원_전국 4명, 통계금융공학_전국 2명, IT융합(IT전산) 5명, IT융합(빅데이터·AI) 2명 2) 제한경쟁 : 준법지원(경력-변호사)_대전 1명, 회계세무(경력-회계사)_전국 2명, 취업지원대상자(보훈)_전국 10명 [전형절차/일정] ※ 전형절차 및 일정·장소 등은 기관 내부사정 등에 따라 변동될 수 있음 1) 채용공고 (8.26.(수)) : 잡알리오, 중진공 누리집, 나라일터 등 2) 원서접수 (8.28.(금) 10:00~9.10.(목) 17:00) : 지원서 온라인 접수(https://kosmes.applyin.co.kr) 3) 서류전형 (9.11.(금)~10.1.(목), 30배수 선발) : 계량평가 50% + 비계량평가 50% 및 가점, 합산 점수 고득점 순 선발 * 계량(교육이수, 자격사항, 어학성적(영어)), 비계량(자기소개서, 직무수행계획서, 경력경험기술서) ** 제한경쟁채용(변호사·회계사)은 채용예정인원의 5배수 선발 및 필기 전형 면제 4) 필기전형 (10.10.(토), 5배수 선발) : 직업기초능력평가 60% + 전공지식평가 40%, 합산 점수 고득점 순 선발 * 직업기초능력평가(NCS문항, 객관식 50문항), 전공지식평가(선택과목 택1, 객관식 40문항) ** 과락기준 : 직업기초능력평가 50점 미만 또는 전공지식평가 40점 미만 과…","(토), 5배수 선발) : 직업기초능력평가 60% + 전공지식평가 40%, 합산 점수 고득점 순 선발 * 직업기초능력평가(NCS문항, 객관식 50문항), 전공지식평가(선택과목 택1, 객관식 40문항) ** 과락기준 : 직업기초능력평가 50점 미만 또는 전공지식평가 40점 미만 과락 처리 (장애·보훈 지원자는 각 과목별 40점 미만) *** 제한경쟁채용(변호사·회계사) 대상자는 필기전형 면제 5) 1차 면접 (10 / (수), 2~3배수 선발) : 직무과제수행면접 30% + 직무역량면접 70%, 합산 점수 고득점 순 선발 * 과락기준 : 합산 점수 60점 미만 과락 처리 ※ 1차면접 대상 인원 규모에 따라 면접 일정은 상기 기간 중 2일간 운영될 수 있음, 필기전형 합격자 발표 시, 합격자를 대상으로 세부 일정 및 응시 장소 별도 안내하며, 필기전형 합격자는 기한 내 1차면접 전형 응시 여부 응답 필수(미응답 시 응시 불가) 6) 2차 면접 (11 / (금), 최종 합격자 선발) :…","의사, 어학","https://job.alio.go.kr/recruitview.do?idx=304230"
"JA-31","JOB-ALIO","한국에너지기술평가원","2026년도 제2차 에너지기술 R&D PD(Program Director) 초빙 공고","서울","비정규직","상세공고 확인","상세공고 확인","2026.08.26","2026-09-10","진행중","기간제·비정규","세부조건 확인","제한 문구 미탐지","포털 목록 확인","정상","상세공고 확인","상세공고 확인","상세공고 확인","상세공고 확인","https://job.alio.go.kr/recruitview.do?idx=304193"
"JA-30","JOB-ALIO","한국에너지기술평가원","2026년도 제3차 신규직원 채용 공고","서울","비정규직 외 1","상세공고 확인","상세공고 확인","2026.08.26","2026-09-11","진행중","기간제·비정규","세부조건 확인","제한 문구 미탐지","포털 목록 확인","정상","상세공고 확인","상세공고 확인","상세공고 확인","상세공고 확인","https://job.alio.go.kr/recruitview.do?idx=304183"
"JA-29","JOB-ALIO","대한적십자사","2026년도 혈장분획센터 비정규직(육아휴직대체 / 연구원) 채용 공고","충북","비정규직","상세공고 확인","상세공고 확인","2026.08.26","2026-09-10","진행중","기간제·비정규","세부조건 확인","제한 문구 미탐지","포털 목록 확인","정상","상세공고 확인","상세공고 확인","상세공고 확인","상세공고 확인","https://job.alio.go.kr/recruitview.do?idx=304180"
"JA-28","JOB-ALIO","부산대학교병원","2026년도 계약직의사 상시모집(7차) 공개채용 모집 공고","경남","비정규직","상세공고 확인","상세공고 확인","2026.08.26","2026-12-31","진행중","기간제·비정규","세부조건 확인","제한 문구 미탐지","포털 목록 확인","정상","상세공고 확인","상세공고 확인","상세공고 확인","상세공고 확인","https://job.alio.go.kr/recruitview.do?idx=304165"
"JA-27","JOB-ALIO","기초과학연구원","제2026-5회 기초과학연구원 지하실험연구단 연구위원 채용 공고","대전","비정규직","상세공고 확인","상세공고 확인","2026.08.26","2026-09-30","진행중","경력·전문직","경력·전문 우선","제한 문구 미탐지","포털 목록 확인","정상","상세공고 확인","상세공고 확인","상세공고 확인","상세공고 확인","https://job.alio.go.kr/recruitview.do?idx=304103"
"JA-26","JOB-ALIO","한국한의학연구원","2026년 6차 육아휴직 대체인력(계약직) 공개채용 공고","대전","비정규직","상세공고 확인","상세공고 확인","2026.08.25","2026-09-09","진행중","기간제·비정규","세부조건 확인","제한 문구 미탐지","포털 목록 확인","정상","상세공고 확인","상세공고 확인","상세공고 확인","상세공고 확인","https://job.alio.go.kr/recruitview.do?idx=304415"
"JA-25","JOB-ALIO","국립암센터","국립암센터 정규직 사무직 채용공고","경기","정규직","상세공고 확인","상세공고 확인","2026.08.25","2026-09-11","진행중","정규직(세부 확인)","세부조건 확인","제한 문구 미탐지","포털 목록 확인","정상","상세공고 확인","상세공고 확인","상세공고 확인","상세공고 확인","https://job.alio.go.kr/recruitview.do?idx=304237"
"JA-24","JOB-ALIO","국립암센터","청년인턴 채용공고[260825]","경기","청년인턴(체험형)","상세공고 확인","상세공고 확인","2026.08.25","2026-09-09","진행중","체험형·청년인턴","우선검토","제한 문구 미탐지","포털 목록 확인","정상","상세공고 확인","상세공고 확인","상세공고 확인","상세공고 확인","https://job.alio.go.kr/recruitview.do?idx=304234"
"JA-23","JOB-ALIO","대한적십자사","2026년도 대한적십자사 충청북도지사 비정규직(육아휴직 대체인력) 사무보조원 채용공고","충북","비정규직","상세공고 확인","상세공고 확인","2026.08.25","2026-09-09","진행중","기간제·비정규","세부조건 확인","제한 문구 미탐지","포털 목록 확인","정상","상세공고 확인","상세공고 확인","상세공고 확인","상세공고 확인","https://job.alio.go.kr/recruitview.do?idx=304231"
"JA-22","JOB-ALIO","한국전력공사","2026년 제3차 장애인 체험형 인턴 채용공고 [경기북부본부]","경기","청년인턴(체험형)","상세공고 확인","상세공고 확인","2026.08.25","2026-09-09","진행중","체험형·청년인턴","세부조건 확인","제한 문구 미탐지","포털 목록 확인","정상","상세공고 확인","상세공고 확인","상세공고 확인","상세공고 확인","https://job.alio.go.kr/recruitview.do?idx=304225"
"JA-21","JOB-ALIO","한국전력공사","기간제 근로자(대체인력) 채용공고 [경기북부본부 남양주지사]","경기","비정규직","상세공고 확인","상세공고 확인","2026.08.25","2026-09-09","진행중","기간제·비정규","세부조건 확인","제한 문구 미탐지","포털 목록 확인","정상","상세공고 확인","상세공고 확인","상세공고 확인","상세공고 확인","https://job.alio.go.kr/recruitview.do?idx=304224"
"JA-20","JOB-ALIO","대한적십자사","[강원혈액원] 2026년 대체인력(사무보조) 채용 공고(2)","강원","비정규직","상세공고 확인","상세공고 확인","2026.08.25","2026-09-14","진행중","기간제·비정규","세부조건 확인","제한 문구 미탐지","포털 목록 확인","정상","상세공고 확인","상세공고 확인","상세공고 확인","상세공고 확인","https://job.alio.go.kr/recruitview.do?idx=304221"
"JA-19","JOB-ALIO","대한적십자사","[강원혈액원] 2026년 대체인력(사무보조) 채용 공고(1)","강원","비정규직","상세공고 확인","상세공고 확인","2026.08.25","2026-09-14","진행중","기간제·비정규","세부조건 확인","제한 문구 미탐지","포털 목록 확인","정상","상세공고 확인","상세공고 확인","상세공고 확인","상세공고 확인","https://job.alio.go.kr/recruitview.do?idx=304220"
"JA-18","JOB-ALIO","영화진흥위원회","2026년 공무직(시설관리) 공개채용 공고","부산","무기계약직","상세공고 확인","상세공고 확인","2026.08.25","2026-09-09","진행중","무기계약·공무직","세부조건 확인","제한 문구 미탐지","포털 목록 확인","정상","상세공고 확인","상세공고 확인","상세공고 확인","상세공고 확인","https://job.alio.go.kr/recruitview.do?idx=304215"
"JA-17","JOB-ALIO","영화진흥위원회","2026년 건축직(일반계약직) 공개채용 재공고","부산","비정규직","상세공고 확인","상세공고 확인","2026.08.25","2026-09-09","진행중","기간제·비정규","세부조건 확인","제한 문구 미탐지","포털 목록 확인","정상","상세공고 확인","상세공고 확인","상세공고 확인","상세공고 확인","https://job.alio.go.kr/recruitview.do?idx=304211"
"JA-16","JOB-ALIO","국립생태원","(수정) 2026년 국립생태원 신규직원 채용 공고","충남 외 2","무기계약직 외 2","상세공고 확인","상세공고 확인","2026.08.24","2026-09-09","진행중","무기계약·공무직","세부조건 확인","제한 문구 미탐지","포털 목록 확인","정상","상세공고 확인","상세공고 확인","상세공고 확인","상세공고 확인","https://job.alio.go.kr/recruitview.do?idx=304226"
"JA-15","JOB-ALIO","한국전력국제원자력대학원대학교","2026학년도 전임교원 초빙공고","울산","정규직","상세공고 확인","상세공고 확인","2026.08.18","2026-09-21","진행중","정규직(세부 확인)","세부조건 확인","제한 문구 미탐지","포털 목록 확인","정상","상세공고 확인","상세공고 확인","상세공고 확인","상세공고 확인","https://job.alio.go.kr/recruitview.do?idx=304031"
"JA-14","JOB-ALIO","건축공간연구원","건축공간연구원 정규직(부연구위원) 모집","세종","정규직","상세공고 확인","상세공고 확인","2026.08.18","2026-09-09","진행중","경력·전문직","경력·전문 우선","제한 문구 미탐지","포털 목록 확인","정상","상세공고 확인","상세공고 확인","상세공고 확인","상세공고 확인","https://job.alio.go.kr/recruitview.do?idx=303987"
"JA-13","JOB-ALIO","동남권원자력의학원","(수정) [직원채용] 동남권원자력의학원 박사후 연수연구원(첨단방사선종양연구팀) 공개 채용","부산","비정규직","상세공고 확인","상세공고 확인","2026.08.18","2026-09-10","진행중","경력·전문직","경력·전문 우선","제한 문구 미탐지","포털 목록 확인","정상","상세공고 확인","상세공고 확인","상세공고 확인","상세공고 확인","https://job.alio.go.kr/recruitview.do?idx=304454"
"JA-12","JOB-ALIO","충남대학교병원","[대전] 충남대학교병원 약사(시간제) 공개채용 공고(상시)","대전","비정규직","상세공고 확인","상세공고 확인","2026.08.12","2027-08-11","진행중","경력·전문직","경력·전문 우선","제한 문구 미탐지","포털 목록 확인","정상","상세공고 확인","상세공고 확인","상세공고 확인","상세공고 확인","https://job.alio.go.kr/recruitview.do?idx=303805"
"JA-11","JOB-ALIO","기초과학연구원","제2026-2회 기초과학연구원 행성대기 그룹 연구직 및 박사후연구원 채용 공고","대전","비정규직","상세공고 확인","상세공고 확인","2026.08.07","2026-09-17","진행중","경력·전문직","경력·전문 우선","제한 문구 미탐지","포털 목록 확인","정상","상세공고 확인","상세공고 확인","상세공고 확인","상세공고 확인","https://job.alio.go.kr/recruitview.do?idx=303306"
"JA-10","JOB-ALIO","제주대학교병원","제주대학교병원 휴직대체 계약직(약사_야간전담) 모집공고","제주","비정규직","상세공고 확인","상세공고 확인","2026.08.05","2026-12-31","진행중","경력·전문직","경력·전문 우선","제한 문구 미탐지","포털 목록 확인","정상","상세공고 확인","상세공고 확인","상세공고 확인","상세공고 확인","https://job.alio.go.kr/recruitview.do?idx=303520"
"JA-9","JOB-ALIO","충남대학교병원","[대전] 소아청소년과(소아응급전담전) 계약직 의사 공개채용 모집공고(상시)","대전","비정규직","상세공고 확인","상세공고 확인","2026.08.03","2027-06-30","진행중","기간제·비정규","세부조건 확인","제한 문구 미탐지","포털 목록 확인","정상","상세공고 확인","상세공고 확인","상세공고 확인","상세공고 확인","https://job.alio.go.kr/recruitview.do?idx=303398"
"JA-8","JOB-ALIO","제주대학교병원","「2026년도 블라인드 채용」 제주대학교병원 임상(진료)교수 모집공고(치과)","제주","정규직","상세공고 확인","상세공고 확인","2026.07.31","2026-12-31","진행중","경력·전문직","경력·전문 우선","제한 문구 미탐지","포털 목록 확인","정상","상세공고 확인","상세공고 확인","상세공고 확인","상세공고 확인","https://job.alio.go.kr/recruitview.do?idx=303324"
"JA-7","JOB-ALIO","경상국립대학교병원","[창원경상국립대학교병원] 약무직 채용 공고","경남","정규직","상세공고 확인","상세공고 확인","2026.07.31","2026-12-31","진행중","정규직(세부 확인)","세부조건 확인","제한 문구 미탐지","포털 목록 확인","정상","상세공고 확인","상세공고 확인","상세공고 확인","상세공고 확인","https://job.alio.go.kr/recruitview.do?idx=303321"
"JA-6","JOB-ALIO","부산대학교병원","권역호흡기전문질환센터 계약직의(예방의학과 전문의) 상시 모집","부산","비정규직","상세공고 확인","상세공고 확인","2026.07.30","2026-12-31","진행중","경력·전문직","경력·전문 우선","제한 문구 미탐지","포털 목록 확인","정상","상세공고 확인","상세공고 확인","상세공고 확인","상세공고 확인","https://job.alio.go.kr/recruitview.do?idx=303209"
"JA-5","JOB-ALIO","동남권원자력의학원","(수정) [직원채용] 동남권원자력의학원 박사후 연수연구원(첨단방사선AI융합연구팀) 공개 채용","부산","비정규직","상세공고 확인","상세공고 확인","2026.07.28","2026-09-09","진행중","경력·전문직","경력·전문 우선","제한 문구 미탐지","포털 목록 확인","정상","상세공고 확인","상세공고 확인","상세공고 확인","상세공고 확인","https://job.alio.go.kr/recruitview.do?idx=304303"
"JA-4","JOB-ALIO","충남대학교병원","[세종] 임상교수요원(류마티스내과) 공개채용 상시모집공고","세종","정규직","상세공고 확인","상세공고 확인","2026.07.27","2026-12-31","진행중","경력·전문직","경력·전문 우선","제한 문구 미탐지","포털 목록 확인","정상","상세공고 확인","상세공고 확인","상세공고 확인","상세공고 확인","https://job.alio.go.kr/recruitview.do?idx=303089"
"JA-3","JOB-ALIO","경상국립대학교병원","[창원경상국립대학교병원] 전문직1등급(촉탁의) 채용공고","경남","비정규직","상세공고 확인","상세공고 확인","2026.07.24","2026-12-31","진행중","기간제·비정규","세부조건 확인","제한 문구 미탐지","포털 목록 확인","정상","상세공고 확인","상세공고 확인","상세공고 확인","상세공고 확인","https://job.alio.go.kr/recruitview.do?idx=303058"
"JA-2","JOB-ALIO","부산대학교병원","2026년도 계약직의사 상시모집(6차) 공개채용 모집 공고","경남","비정규직","상세공고 확인","상세공고 확인","2026.07.22","2026-12-31","진행중","기간제·비정규","세부조건 확인","제한 문구 미탐지","포털 목록 확인","정상","상세공고 확인","상세공고 확인","상세공고 확인","상세공고 확인","https://job.alio.go.kr/recruitview.do?idx=302871"
"JA-1","JOB-ALIO","제주대학교병원","2026년도 블라인드 채용 제주대학교병원 진료교수 모집공고(영상의학과)","제주","정규직","상세공고 확인","상세공고 확인","2026.07.09","2026-12-31","진행중","경력·전문직","경력·전문 우선","제한 문구 미탐지","포털 목록 확인","정상","상세공고 확인","상세공고 확인","상세공고 확인","상세공고 확인","https://job.alio.go.kr/recruitview.do?idx=302536"
"CE-001","Cleaneye Job+","용인문화재단","2026년 (재)용인문화재단 6차 기간제근로자(휴직대체인력) 채용 공고","경기도","기간제","신입","명시 없음(원문 확인)","2026-09-09","2026-09-15","모집중","기간제·비정규","검토","제한 문구 미탐지","포털 목록 확인","정상","기관 공고 원문 확인","기관 공고 원문 확인","기관 공고 원문 확인","기관 공고 원문 확인","https://job.cleaneye.go.kr/user/ypRecruitment.do"
"CE-002","Cleaneye Job+","거제해양관광개발공사","2026년 제4차 기간제근로자 채용 공고","경상남도","기간제","신입+경력","경상남도 거제시","2026-09-09","2026-09-15","모집중","기간제·비정규","검토","제한 문구 미탐지","포털 목록 확인","정상","기관 공고 원문 확인","기관 공고 원문 확인","기관 공고 원문 확인","기관 공고 원문 확인","https://job.cleaneye.go.kr/user/ypRecruitment.do"
"CE-003","Cleaneye Job+","인천광역시서해구시설관리공단","2026년 환경사업 기간제근로자(사무보조) 블라인드 채용 공고","인천광역시","기간제","신입+경력","인천광역시","2026-09-09","2026-09-17","모집중","기간제·비정규","검토","제한 문구 미탐지","포털 목록 확인","정상","기관 공고 원문 확인","기관 공고 원문 확인","기관 공고 원문 확인","기관 공고 원문 확인","https://job.cleaneye.go.kr/user/ypRecruitment.do"
"CE-004","Cleaneye Job+","인천광역시부평구시설관리공단","2026년 제9회 기간제 근로자(사회체육강사) 공개경쟁 채용 공고","인천광역시","기간제","신입+경력","명시 없음(원문 확인)","2026-09-09","2026-09-14","모집중","기간제·비정규","검토","제한 문구 미탐지","포털 목록 확인","정상","기관 공고 원문 확인","기관 공고 원문 확인","기관 공고 원문 확인","기관 공고 원문 확인","https://job.cleaneye.go.kr/user/ypRecruitment.do"
"CE-005","Cleaneye Job+","울산광역시도시공사","울산도시공사 감사 공개모집 공고","울산광역시","비상임","경력","명시 없음(원문 확인)","2026-09-09","2026-09-23","모집중","경력·전문직","경력·전문 우선","제한 문구 미탐지","포털 목록 확인","정상","기관 공고 원문 확인","기관 공고 원문 확인","기관 공고 원문 확인","기관 공고 원문 확인","https://job.cleaneye.go.kr/user/ypRecruitment.do"
"CE-006","Cleaneye Job+","재단법인 전북특별자치도 사회서비스원","(재)전북특별자치도 사회서비스원 임원(비상임이사·감사) 모집 재공고","전북특별자치도","비상임","경력","명시 없음(원문 확인)","2026-09-09","2026-09-16","모집중","경력·전문직","경력·전문 우선","제한 문구 미탐지","포털 목록 확인","정상","기관 공고 원문 확인","기관 공고 원문 확인","기관 공고 원문 확인","기관 공고 원문 확인","https://job.cleaneye.go.kr/user/ypRecruitment.do"
"CE-007","Cleaneye Job+","재단법인 울산연구원","울산연구원장 공개모집 공고","울산광역시","일반정규직","신입+경력","명시 없음(원문 확인)","2026-09-09","2026-09-28","모집중","경력·전문직","경력·전문 우선","제한 문구 미탐지","포털 목록 확인","정상","기관 공고 원문 확인","기관 공고 원문 확인","기관 공고 원문 확인","기관 공고 원문 확인","https://job.cleaneye.go.kr/user/ypRecruitment.do"
"CE-008","Cleaneye Job+","부산여성가족과 평생교육진흥원","기간제 근로자(장애인 평생교육이용권 지원사업) 채용 공고","부산광역시","기간제","신입","명시 없음(원문 확인)","2026-09-08","2026-09-18","모집중","기간제·비정규","검토","제한 문구 미탐지","포털 목록 확인","정상","기관 공고 원문 확인","기관 공고 원문 확인","기관 공고 원문 확인","기관 공고 원문 확인","https://job.cleaneye.go.kr/user/ypRecruitment.do"
"CE-009","Cleaneye Job+","울진군의료원","울진군의료원 직원채용공고(간병인)","경상북도","기간제","신입+경력","명시 없음(원문 확인)","2026-09-08","2026-09-14","모집중","기간제·비정규","검토","제한 문구 미탐지","포털 목록 확인","정상","기관 공고 원문 확인","기관 공고 원문 확인","기관 공고 원문 확인","기관 공고 원문 확인","https://job.cleaneye.go.kr/user/ypRecruitment.do"
"CE-010","Cleaneye Job+","인천광역시계양구시설관리공단","2026년도 인천광역시계양구시설관리공단 계산노인문화센터장 공개경쟁채용 계획 공고","인천광역시","기간제","신입+경력","인천광역시","2026-09-08","2026-09-14","모집중","기간제·비정규","검토","제한 문구 미탐지","포털 목록 확인","정상","기관 공고 원문 확인","기관 공고 원문 확인","기관 공고 원문 확인","기관 공고 원문 확인","https://job.cleaneye.go.kr/user/ypRecruitment.do"
"CE-011","Cleaneye Job+","울진군의료원","울진군의료원 직원채용공고(간호조무사)","경상북도","무기계약직","신입+경력","명시 없음(원문 확인)","2026-09-08","2026-09-14","모집중","무기계약·공무직","검토","제한 문구 미탐지","포털 목록 확인","정상","기관 공고 원문 확인","기관 공고 원문 확인","기관 공고 원문 확인","기관 공고 원문 확인","https://job.cleaneye.go.kr/user/ypRecruitment.do"
"CE-012","Cleaneye Job+","안양시청소년재단","[공고]2026년 제4회 안양시일시청소년쉼터 직원 공개경쟁채용 공고","경기도","일반계약직","신입+경력","명시 없음(원문 확인)","2026-09-08","2026-09-14","모집중","기타 채용","검토","제한 문구 미탐지","포털 목록 확인","정상","기관 공고 원문 확인","기관 공고 원문 확인","기관 공고 원문 확인","기관 공고 원문 확인","https://job.cleaneye.go.kr/user/ypRecruitment.do"
"CE-013","Cleaneye Job+","재단법인 강릉시 미래인재육성재단","재단법인 강릉시미래인재육성재단 비상임 임원(이사) 공개모집","강원특별자치도","비상임","신입+경력","명시 없음(원문 확인)","2026-09-08","2026-09-15","모집중","경력·전문직","경력·전문 우선","제한 문구 미탐지","포털 목록 확인","정상","기관 공고 원문 확인","기관 공고 원문 확인","기관 공고 원문 확인","기관 공고 원문 확인","https://job.cleaneye.go.kr/user/ypRecruitment.do"
"CE-014","Cleaneye Job+","부산환경공단","부산환경공단 하수자원사업소 기간제근로자(대체인력) 채용공고","부산광역시","기간제","신입","부산광역시","2026-09-08","2026-09-15","모집중","기간제·비정규","검토","제한 문구 미탐지","포털 목록 확인","정상","기관 공고 원문 확인","기관 공고 원문 확인","기관 공고 원문 확인","기관 공고 원문 확인","https://job.cleaneye.go.kr/user/ypRecruitment.do"
"CE-015","Cleaneye Job+","재단법인 송파문화재단","(재)송파문화재단 도서관지원팀 2026년 5차 기간제근로자 채용 공고(공개경쟁)","서울특별시","기간제","신입+경력","명시 없음(원문 확인)","2026-09-08","2026-09-14","모집중","기간제·비정규","검토","제한 문구 미탐지","포털 목록 확인","정상","기관 공고 원문 확인","기관 공고 원문 확인","기관 공고 원문 확인","기관 공고 원문 확인","https://job.cleaneye.go.kr/user/ypRecruitment.do"
"CE-016","Cleaneye Job+","(주)경남무역","(주)경남무역 대표이사 공개 모집 공고","경상남도","일반계약직","경력","명시 없음(원문 확인)","2026-09-08","2026-09-22","모집중","기타 채용","세부조건 확인","제한 문구 미탐지","포털 목록 확인","정상","기관 공고 원문 확인","기관 공고 원문 확인","기관 공고 원문 확인","기관 공고 원문 확인","https://job.cleaneye.go.kr/user/ypRecruitment.do"
"CE-017","Cleaneye Job+","창원시설공단","- 우리누리청소년문화센터- 수영장 기간제(초단시간) 및 대체인력풀 경력경쟁채용 공고","경상남도","기간제","신입+경력","명시 없음(원문 확인)","2026-09-08","2026-09-24","모집중","제한경쟁·조건부","조건 충족자만","제한경쟁","포털 목록 확인","정상","기관 공고 원문 확인","기관 공고 원문 확인","기관 공고 원문 확인","기관 공고 원문 확인","https://job.cleaneye.go.kr/user/ypRecruitment.do"
"CE-018","Cleaneye Job+","충남역사문화연구원","2026년도 제6회 기간제근로자 공개모집 및 시험운영 계획","충청남도","기간제","경력","명시 없음(원문 확인)","2026-09-08","2026-09-14","모집중","기간제·비정규","세부조건 확인","제한 문구 미탐지","포털 목록 확인","정상","기관 공고 원문 확인","기관 공고 원문 확인","기관 공고 원문 확인","기관 공고 원문 확인","https://job.cleaneye.go.kr/user/ypRecruitment.do"
"CE-019","Cleaneye Job+","경북바이오산업연구원","2026년 제4차 직원채용","경상북도","일반정규직","신입+경력","명시 없음(원문 확인)","2026-09-08","2026-09-14","모집중","정규직(세부 확인)","검토","제한 문구 미탐지","포털 목록 확인","정상","기관 공고 원문 확인","기관 공고 원문 확인","기관 공고 원문 확인","기관 공고 원문 확인","https://job.cleaneye.go.kr/user/ypRecruitment.do"
"CE-020","Cleaneye Job+","경기연구원","경기연구원 계약직 행정원 모집(단시간근로자/장애인 제한)","경기도","일반계약직","신입+경력","명시 없음(원문 확인)","2026-09-08","2026-09-18","모집중","제한경쟁·조건부","조건 충족자만","장애 관련 제한경쟁","포털 목록 확인","정상","기관 공고 원문 확인","기관 공고 원문 확인","기관 공고 원문 확인","기관 공고 원문 확인","https://job.cleaneye.go.kr/user/ypRecruitment.do"
"CE-021","Cleaneye Job+","부산광역시기장군도시관리공단","기장군도시관리공단 정관아쿠아드림파크 수영 인력풀 모집 공고","부산광역시","기간제","신입+경력","명시 없음(원문 확인)","2026-09-08","2026-09-15","모집중","기간제·비정규","검토","제한 문구 미탐지","포털 목록 확인","정상","기관 공고 원문 확인","기관 공고 원문 확인","기관 공고 원문 확인","기관 공고 원문 확인","https://job.cleaneye.go.kr/user/ypRecruitment.do"
"CE-022","Cleaneye Job+","강남구도시관리공단","강남구립 야외체육시설 법정공휴일 비정규 대체직원 채용 공고","서울특별시","기간제","신입+경력","명시 없음(원문 확인)","2026-09-08","2026-09-14","모집중","기간제·비정규","검토","제한 문구 미탐지","포털 목록 확인","정상","기관 공고 원문 확인","기관 공고 원문 확인","기관 공고 원문 확인","기관 공고 원문 확인","https://job.cleaneye.go.kr/user/ypRecruitment.do"
"CE-023","Cleaneye Job+","경기도의료원","[2026-32-2호] 경기도의료원 수원병원 마취통증의학과 전문의(비정규직) 초빙 공고","경기도","일반계약직","신입+경력","명시 없음(원문 확인)","2026-09-08","2026-09-18","모집중","경력·전문직","경력·전문 우선","제한 문구 미탐지","포털 목록 확인","정상","기관 공고 원문 확인","기관 공고 원문 확인","기관 공고 원문 확인","기관 공고 원문 확인","https://job.cleaneye.go.kr/user/ypRecruitment.do"
"CE-024","Cleaneye Job+","화성시문화관광재단","(재)화성시문화관광재단 봉담와우도서관 2026년 제2회 주말 기간제근로자 채용공고","경기도","기간제","신입","명시 없음(원문 확인)","2026-09-08","2026-09-15","모집중","기간제·비정규","검토","제한 문구 미탐지","포털 목록 확인","정상","기관 공고 원문 확인","기관 공고 원문 확인","기관 공고 원문 확인","기관 공고 원문 확인","https://job.cleaneye.go.kr/user/ypRecruitment.do"
"CE-025","Cleaneye Job+","인천광역시계양구시설관리공단","2026년도 인천광역시계양구시설관리공단 체험형 청년 인턴 공개경쟁채용 계획 공고","인천광역시","인턴","신입","인천광역시 계양구","2026-09-08","2026-09-14","모집중","체험형·청년인턴","우선검토","제한 문구 미탐지","포털 목록 확인","정상","기관 공고 원문 확인","기관 공고 원문 확인","기관 공고 원문 확인","기관 공고 원문 확인","https://job.cleaneye.go.kr/user/ypRecruitment.do"
"CE-026","Cleaneye Job+","경상북도안동의료원","정규직 간호사 채용공고","경상북도","일반정규직","신입+경력","명시 없음(원문 확인)","2026-09-08","2026-09-18","모집중","경력·전문직","경력·전문 우선","제한 문구 미탐지","포털 목록 확인","정상","기관 공고 원문 확인","기관 공고 원문 확인","기관 공고 원문 확인","기관 공고 원문 확인","https://job.cleaneye.go.kr/user/ypRecruitment.do"
"CE-027","Cleaneye Job+","인천광역시연수구시설안전관리공단","2026년 제2회 경영혁신팀 기간제근로자 채용 공고","인천광역시","기간제","신입+경력","인천광역시","2026-09-08","2026-09-14","모집중","기간제·비정규","검토","제한 문구 미탐지","포털 목록 확인","정상","기관 공고 원문 확인","기관 공고 원문 확인","기관 공고 원문 확인","기관 공고 원문 확인","https://job.cleaneye.go.kr/user/ypRecruitment.do"
"CE-028","Cleaneye Job+","인천광역시계양구시설관리공단","2026년도 제7회 인천광역시계양구시설관리공단 직원(기간제근로자) 공개경쟁채용 계획 공고","인천광역시","기간제","신입+경력","인천광역시 계양구","2026-09-08","2026-09-14","모집중","기간제·비정규","검토","제한 문구 미탐지","포털 목록 확인","정상","기관 공고 원문 확인","기관 공고 원문 확인","기관 공고 원문 확인","기관 공고 원문 확인","https://job.cleaneye.go.kr/user/ypRecruitment.do"
"CE-029","Cleaneye Job+","부산여성가족과 평생교육진흥원","연구직(계약직·위촉연구원) 채용 공고","부산광역시","기간제","신입+경력","명시 없음(원문 확인)","2026-09-08","2026-09-18","모집중","기간제·비정규","검토","제한 문구 미탐지","포털 목록 확인","정상","기관 공고 원문 확인","기관 공고 원문 확인","기관 공고 원문 확인","기관 공고 원문 확인","https://job.cleaneye.go.kr/user/ypRecruitment.do"
"CE-030","Cleaneye Job+","대구공공시설관리공단","2026년 대구공공시설관리공단 기간제근로자 4차 공개채용 공고","대구광역시","기간제","신입+경력","대구광역시","2026-09-08","2026-09-15","모집중","기간제·비정규","검토","제한 문구 미탐지","포털 목록 확인","정상","기관 공고 원문 확인","기관 공고 원문 확인","기관 공고 원문 확인","기관 공고 원문 확인","https://job.cleaneye.go.kr/user/ypRecruitment.do"
"CE-031","Cleaneye Job+","울산광역시중구도시관리공단","2026년 제9회 기간제근로자 공개채용 공고","울산광역시","기간제","신입","명시 없음(원문 확인)","2026-09-08","2026-09-14","모집중","기간제·비정규","검토","제한 문구 미탐지","포털 목록 확인","정상","기관 공고 원문 확인","기관 공고 원문 확인","기관 공고 원문 확인","기관 공고 원문 확인","https://job.cleaneye.go.kr/user/ypRecruitment.do"
"CE-032","Cleaneye Job+","재단법인 안산시청소년재단","[2026-10] (재)안산시청소년재단 임원(선임직 이사) 공개 모집","경기도","비상임","신입+경력","명시 없음(원문 확인)","2026-09-08","2026-09-18","모집중","경력·전문직","경력·전문 우선","제한 문구 미탐지","포털 목록 확인","정상","기관 공고 원문 확인","기관 공고 원문 확인","기관 공고 원문 확인","기관 공고 원문 확인","https://job.cleaneye.go.kr/user/ypRecruitment.do"
"CE-033","Cleaneye Job+","성동미래일자리(주)","성동미래일자리(주) 현장근로자 채용 공고","서울특별시","기간제","신입+경력","명시 없음(원문 확인)","2026-09-08","2026-09-22","모집중","기간제·비정규","검토","제한 문구 미탐지","포털 목록 확인","정상","기관 공고 원문 확인","기관 공고 원문 확인","기관 공고 원문 확인","기관 공고 원문 확인","https://job.cleaneye.go.kr/user/ypRecruitment.do"
"CE-034","Cleaneye Job+","광주교통공사","광주교통공사 임원(상임이사) 후보 모집 공고","전남광주통합특별시","전문계약직","신입+경력","명시 없음(원문 확인)","2026-09-08","2026-09-23","모집중","경력·전문직","경력·전문 우선","제한 문구 미탐지","포털 목록 확인","정상","기관 공고 원문 확인","기관 공고 원문 확인","기관 공고 원문 확인","기관 공고 원문 확인","https://job.cleaneye.go.kr/user/ypRecruitment.do"
"CE-035","Cleaneye Job+","한국기후변화연구원","2026년 위촉직 채용(행정사무원-청사시설관리) 공고","강원특별자치도","기간제","신입+경력","명시 없음(원문 확인)","2026-09-08","2026-09-18","모집중","기간제·비정규","검토","제한 문구 미탐지","포털 목록 확인","정상","기관 공고 원문 확인","기관 공고 원문 확인","기관 공고 원문 확인","기관 공고 원문 확인","https://job.cleaneye.go.kr/user/ypRecruitment.do"
"CE-036","Cleaneye Job+","세미원","2026년도 (재)세미원 기간제근로자(환경교육센터) 채용 공고","경기도","기간제","신입+경력","명시 없음(원문 확인)","2026-09-08","2026-09-20","모집중","기간제·비정규","검토","제한 문구 미탐지","포털 목록 확인","정상","기관 공고 원문 확인","기관 공고 원문 확인","기관 공고 원문 확인","기관 공고 원문 확인","https://job.cleaneye.go.kr/user/ypRecruitment.do"
"CE-037","Cleaneye Job+","수성문화재단","2026년 제5차 범어도서관 기간제근로자 채용 공고","대구광역시","기간제","신입+경력","대구광역시 및 경상북도","2026-09-08","2026-09-15","모집중","기간제·비정규","검토","제한 문구 미탐지","포털 목록 확인","정상","기관 공고 원문 확인","기관 공고 원문 확인","기관 공고 원문 확인","기관 공고 원문 확인","https://job.cleaneye.go.kr/user/ypRecruitment.do"
"CE-038","Cleaneye Job+","제주연구원","(재공고) 제주연구원 제주지하수연구센터 계약직(3개분야) 직원 공개채용 공고","제주특별자치도","일반계약직","신입+경력","명시 없음(원문 확인)","2026-09-08","2026-09-18","모집중","기타 채용","검토","제한 문구 미탐지","포털 목록 확인","정상","기관 공고 원문 확인","기관 공고 원문 확인","기관 공고 원문 확인","기관 공고 원문 확인","https://job.cleaneye.go.kr/user/ypRecruitment.do"
"CE-039","Cleaneye Job+","재단법인 전라남도사회서비스원","2026년 제7차 직원(대체인력지원센터, 창의학교전남) 채용 재공고","전남광주통합특별시","기간제","신입+경력","명시 없음(원문 확인)","2026-09-07","2026-09-17","모집중","기간제·비정규","검토","제한 문구 미탐지","포털 목록 확인","정상","기관 공고 원문 확인","기관 공고 원문 확인","기관 공고 원문 확인","기관 공고 원문 확인","https://job.cleaneye.go.kr/user/ypRecruitment.do"
"CE-040","Cleaneye Job+","거창문화재단","2026년도 제1회 거창문화재단 전문직원(시설직) 채용 재공고","경상남도","전문계약직","신입+경력","명시 없음(원문 확인)","2026-09-07","2026-09-11","모집중","경력·전문직","경력·전문 우선","제한 문구 미탐지","포털 목록 확인","정상","기관 공고 원문 확인","기관 공고 원문 확인","기관 공고 원문 확인","기관 공고 원문 확인","https://job.cleaneye.go.kr/user/ypRecruitment.do"
"CE-041","Cleaneye Job+","서울관광재단","[2026-04] 서울관광재단 기간제근로자 채용공고(재공고)","서울특별시","기간제","경력","명시 없음(원문 확인)","2026-09-07","2026-09-17","모집중","기간제·비정규","세부조건 확인","제한 문구 미탐지","포털 목록 확인","정상","기관 공고 원문 확인","기관 공고 원문 확인","기관 공고 원문 확인","기관 공고 원문 확인","https://job.cleaneye.go.kr/user/ypRecruitment.do"
"CE-042","Cleaneye Job+","양산시복지재단","시나브로복지관 2026년 5차 직원 채용 공고","경상남도","기간제","신입+경력","명시 없음(원문 확인)","2026-09-07","2026-09-15","모집중","기간제·비정규","검토","제한 문구 미탐지","포털 목록 확인","정상","기관 공고 원문 확인","기관 공고 원문 확인","기관 공고 원문 확인","기관 공고 원문 확인","https://job.cleaneye.go.kr/user/ypRecruitment.do"
"CE-043","Cleaneye Job+","재단법인 중랑문화재단","(재)중랑문화재단 중랑숲어린이도서관 시간제근로자 채용 공고","서울특별시","기간제","신입+경력","명시 없음(원문 확인)","2026-09-07","2026-09-13","모집중","기간제·비정규","검토","제한 문구 미탐지","포털 목록 확인","정상","기관 공고 원문 확인","기관 공고 원문 확인","기관 공고 원문 확인","기관 공고 원문 확인","https://job.cleaneye.go.kr/user/ypRecruitment.do"
"CE-044","Cleaneye Job+","재단법인 전북특별자치도경제통상진흥원","2026년 하반기 2차 직원채용(전임계약직 가급) 공고","전북특별자치도","전문계약직","경력","명시 없음(원문 확인)","2026-09-07","2026-09-14","모집중","기타 채용","세부조건 확인","제한 문구 미탐지","포털 목록 확인","정상","기관 공고 원문 확인","기관 공고 원문 확인","기관 공고 원문 확인","기관 공고 원문 확인","https://job.cleaneye.go.kr/user/ypRecruitment.do"
"CE-045","Cleaneye Job+","인천연구원","2026년도 제3차 인천연구원 직원(연구직) 공개채용 공고","인천광역시","일반정규직","신입+경력","명시 없음(원문 확인)","2026-09-07","2026-09-22","모집중","정규직(세부 확인)","검토","제한 문구 미탐지","포털 목록 확인","정상","기관 공고 원문 확인","기관 공고 원문 확인","기관 공고 원문 확인","기관 공고 원문 확인","https://job.cleaneye.go.kr/user/ypRecruitment.do"
"CE-046","Cleaneye Job+","포항시시설관리공단","체육시설1팀 포항수영장 시간강사 등 모집","경상북도","기간제","신입","경상북도 포항시","2026-09-07","2026-09-09","모집중","기간제·비정규","검토","제한 문구 미탐지","포털 목록 확인","정상","기관 공고 원문 확인","기관 공고 원문 확인","기관 공고 원문 확인","기관 공고 원문 확인","https://job.cleaneye.go.kr/user/ypRecruitment.do"
"CE-047","Cleaneye Job+","재단법인 순천문화재단","2026년 (재)순천문화재단 직원(사무국장) 채용 공고","전남광주통합특별시","전문계약직","경력","명시 없음(원문 확인)","2026-09-07","2026-09-11","모집중","기타 채용","세부조건 확인","제한 문구 미탐지","포털 목록 확인","정상","기관 공고 원문 확인","기관 공고 원문 확인","기관 공고 원문 확인","기관 공고 원문 확인","https://job.cleaneye.go.kr/user/ypRecruitment.do"
"CE-048","Cleaneye Job+","용인시정연구원","2026년 제4회 용인시정연구원 공개채용(연구직) 재공고","경기도","일반정규직","신입+경력","명시 없음(원문 확인)","2026-09-07","2026-09-14","모집중","정규직(세부 확인)","검토","제한 문구 미탐지","포털 목록 확인","정상","기관 공고 원문 확인","기관 공고 원문 확인","기관 공고 원문 확인","기관 공고 원문 확인","https://job.cleaneye.go.kr/user/ypRecruitment.do"
"CE-049","Cleaneye Job+","수원도시공사","2026년 제2회 수원도시공사 계약직 직원채용 공고","경기도","일반계약직","경력","명시 없음(원문 확인)","2026-09-07","2026-09-11","모집중","기타 채용","세부조건 확인","제한 문구 미탐지","포털 목록 확인","정상","기관 공고 원문 확인","기관 공고 원문 확인","기관 공고 원문 확인","기관 공고 원문 확인","https://job.cleaneye.go.kr/user/ypRecruitment.do"
"CE-050","Cleaneye Job+","화성도시공사","2026년 제2회 전곡항마리나 기간제근로자 채용 공고","경기도","기간제","신입","명시 없음(원문 확인)","2026-09-07","2026-09-16","모집중","기간제·비정규","검토","제한 문구 미탐지","포털 목록 확인","정상","기관 공고 원문 확인","기관 공고 원문 확인","기관 공고 원문 확인","기관 공고 원문 확인","https://job.cleaneye.go.kr/user/ypRecruitment.do"
"CE-051","Cleaneye Job+","경기문화재단","2026년 경기문화재단 제10차 기간제 근로자 채용","경기도","기간제","신입","명시 없음(원문 확인)","2026-09-07","2026-09-14","모집중","기간제·비정규","검토","제한 문구 미탐지","포털 목록 확인","정상","기관 공고 원문 확인","기관 공고 원문 확인","기관 공고 원문 확인","기관 공고 원문 확인","https://job.cleaneye.go.kr/user/ypRecruitment.do"
"CE-052","Cleaneye Job+","인천연구원","2026년도 제3차 인천연구원 직원(연구지원직) 공개채용 공고","인천광역시","무기계약직","신입+경력","명시 없음(원문 확인)","2026-09-07","2026-09-22","모집중","무기계약·공무직","검토","제한 문구 미탐지","포털 목록 확인","정상","기관 공고 원문 확인","기관 공고 원문 확인","기관 공고 원문 확인","기관 공고 원문 확인","https://job.cleaneye.go.kr/user/ypRecruitment.do"
"CE-053","Cleaneye Job+","남양주도시공사","남양주도시공사 기간제근로자（환경락카, 육아휴직대체） 공개경쟁채용 재공고","경기도","기간제","신입+경력","명시 없음(원문 확인)","2026-09-07","2026-09-14","모집중","기간제·비정규","검토","제한 문구 미탐지","포털 목록 확인","정상","기관 공고 원문 확인","기관 공고 원문 확인","기관 공고 원문 확인","기관 공고 원문 확인","https://job.cleaneye.go.kr/user/ypRecruitment.do"
"CE-054","Cleaneye Job+","고양도시관리공사","고양어울림누리 기간제 직원 채용 공고","경기도","기간제","신입","서울시, 경기도, 인천시","2026-09-07","2026-09-11","모집중","기간제·비정규","검토","제한 문구 미탐지","포털 목록 확인","정상","기관 공고 원문 확인","기관 공고 원문 확인","기관 공고 원문 확인","기관 공고 원문 확인","https://job.cleaneye.go.kr/user/ypRecruitment.do"
"CE-055","Cleaneye Job+","경북행복재단","경상북도여성장애인복지관 계약직(경북사회복지공동모금회 전담인력) 채용 재공고(제2026-34호)","경상북도","일반계약직","신입+경력","명시 없음(원문 확인)","2026-09-07","2026-09-11","모집중","기타 채용","검토","제한 문구 미탐지","포털 목록 확인","정상","기관 공고 원문 확인","기관 공고 원문 확인","기관 공고 원문 확인","기관 공고 원문 확인","https://job.cleaneye.go.kr/user/ypRecruitment.do"
"CE-056","Cleaneye Job+","용인도시공사","2026년 제3회 청년 체험형 인턴 공개채용 공고","경기도","인턴","신입","명시 없음(원문 확인)","2026-09-07","2026-09-17","모집중","체험형·청년인턴","우선검토","제한 문구 미탐지","포털 목록 확인","정상","기관 공고 원문 확인","기관 공고 원문 확인","기관 공고 원문 확인","기관 공고 원문 확인","https://job.cleaneye.go.kr/user/ypRecruitment.do"
"CE-057","Cleaneye Job+","서울관광재단","[2026-04] 서울관광재단 전문직(정규직) 채용공고(재공고)","서울특별시","일반정규직","경력","명시 없음(원문 확인)","2026-09-07","2026-09-17","모집중","정규직(세부 확인)","세부조건 확인","제한 문구 미탐지","포털 목록 확인","정상","기관 공고 원문 확인","기관 공고 원문 확인","기관 공고 원문 확인","기관 공고 원문 확인","https://job.cleaneye.go.kr/user/ypRecruitment.do"
"CE-058","Cleaneye Job+","재단법인 전라남도사회서비스원","2026년 제4차 직원(본원 기간제) 채용 3회차 재공고","전남광주통합특별시","기간제","신입+경력","명시 없음(원문 확인)","2026-09-07","2026-09-17","모집중","기간제·비정규","검토","제한 문구 미탐지","포털 목록 확인","정상","기관 공고 원문 확인","기관 공고 원문 확인","기관 공고 원문 확인","기관 공고 원문 확인","https://job.cleaneye.go.kr/user/ypRecruitment.do"
"CE-059","Cleaneye Job+","창원시설공단","2026년 시민생활체육관 기간제(초단시간)근로자 채용공고문","경상남도","기간제","신입+경력","명시 없음(원문 확인)","2026-09-07","2026-09-11","모집중","기간제·비정규","검토","제한 문구 미탐지","포털 목록 확인","정상","기관 공고 원문 확인","기관 공고 원문 확인","기관 공고 원문 확인","기관 공고 원문 확인","https://job.cleaneye.go.kr/user/ypRecruitment.do"
"CE-060","Cleaneye Job+","재단법인 전라남도사회서비스원","2026년 제9차 직원(육아휴직자 대체 실무원) 채용","전남광주통합특별시","기간제","신입+경력","명시 없음(원문 확인)","2026-09-07","2026-09-17","모집중","기간제·비정규","검토","제한 문구 미탐지","포털 목록 확인","정상","기관 공고 원문 확인","기관 공고 원문 확인","기관 공고 원문 확인","기관 공고 원문 확인","https://job.cleaneye.go.kr/user/ypRecruitment.do"
"CE-061","Cleaneye Job+","재단법인 전라남도사회서비스원","2026년 제8차 직원(청년미래센터) 채용","전남광주통합특별시","기간제","신입+경력","명시 없음(원문 확인)","2026-09-07","2026-09-17","모집중","기간제·비정규","검토","제한 문구 미탐지","포털 목록 확인","정상","기관 공고 원문 확인","기관 공고 원문 확인","기관 공고 원문 확인","기관 공고 원문 확인","https://job.cleaneye.go.kr/user/ypRecruitment.do"
"CE-062","Cleaneye Job+","경기주택도시공사","2026년 하반기 경기주택도시공사 장애인 청년인턴사원 공개채용 공고","경기도","인턴","신입","명시 없음(원문 확인)","2026-09-07","2026-09-17","모집중","체험형·청년인턴","검토","제한 문구 미탐지","포털 목록 확인","정상","기관 공고 원문 확인","기관 공고 원문 확인","기관 공고 원문 확인","기관 공고 원문 확인","https://job.cleaneye.go.kr/user/ypRecruitment.do"
"CE-063","Cleaneye Job+","경기도경제과학진흥원","(2026-시설05호) 경기도경제과학진흥원 시설운영직 채용 공고","경기도","무기계약직","신입","명시 없음(원문 확인)","2026-09-07","2026-09-18","모집중","무기계약·공무직","검토","제한 문구 미탐지","포털 목록 확인","정상","기관 공고 원문 확인","기관 공고 원문 확인","기관 공고 원문 확인","기관 공고 원문 확인","https://job.cleaneye.go.kr/user/ypRecruitment.do"
"CE-064","Cleaneye Job+","경상북도문화관광공사","경상북도문화관광공사 경력직 직원 채용공고","경상북도","일반정규직","경력","명시 없음(원문 확인)","2026-09-07","2026-09-21","모집중","경력·전문직","경력·전문 우선","제한 문구 미탐지","포털 목록 확인","정상","기관 공고 원문 확인","기관 공고 원문 확인","기관 공고 원문 확인","기관 공고 원문 확인","https://job.cleaneye.go.kr/user/ypRecruitment.do"
"CE-065","Cleaneye Job+","경상북도경제진흥원","(재)경상북도경제진흥원 고졸기능인재 채용 공고","경상북도","일반정규직","신입","경상북도","2026-09-07","2026-09-23","모집중","정규직(세부 확인)","검토","제한 문구 미탐지","포털 목록 확인","정상","기관 공고 원문 확인","기관 공고 원문 확인","기관 공고 원문 확인","기관 공고 원문 확인","https://job.cleaneye.go.kr/user/ypRecruitment.do"
"CE-066","Cleaneye Job+","세종도시교통공사","[임원모집공고] 세종도시교통공사 임원(사장) 공개모집 공고","세종특별자치시","기간제","경력","명시 없음(원문 확인)","2026-09-07","2026-09-22","모집중","경력·전문직","경력·전문 우선","제한 문구 미탐지","포털 목록 확인","정상","기관 공고 원문 확인","기관 공고 원문 확인","기관 공고 원문 확인","기관 공고 원문 확인","https://job.cleaneye.go.kr/user/ypRecruitment.do"
"CE-067","Cleaneye Job+","전라남도 환경산업진흥원","(재)전라남도환경산업진흥원 2026년 제4차 기간제근로자 신규채용 공고","전남광주통합특별시","기간제","신입+경력","명시 없음(원문 확인)","2026-09-07","2026-09-14","모집중","기간제·비정규","검토","제한 문구 미탐지","포털 목록 확인","정상","기관 공고 원문 확인","기관 공고 원문 확인","기관 공고 원문 확인","기관 공고 원문 확인","https://job.cleaneye.go.kr/user/ypRecruitment.do"
"CE-068","Cleaneye Job+","재단법인 구리시청소년재단","구리시청소년재단 기간제 계약직 공개채용 공고(대체인력)","경기도","기간제","경력","명시 없음(원문 확인)","2026-09-07","2026-09-17","모집중","기간제·비정규","세부조건 확인","제한 문구 미탐지","포털 목록 확인","정상","기관 공고 원문 확인","기관 공고 원문 확인","기관 공고 원문 확인","기관 공고 원문 확인","https://job.cleaneye.go.kr/user/ypRecruitment.do"
"CE-069","Cleaneye Job+","대구의료원","대구의료원 신규직원 채용공고(간호사)","대구광역시","일반정규직","신입+경력","명시 없음(원문 확인)","2026-09-07","2026-09-17","모집중","경력·전문직","경력·전문 우선","제한 문구 미탐지","포털 목록 확인","정상","기관 공고 원문 확인","기관 공고 원문 확인","기관 공고 원문 확인","기관 공고 원문 확인","https://job.cleaneye.go.kr/user/ypRecruitment.do"
"CE-070","Cleaneye Job+","재단법인 한국학 호남진흥원","(재)한국학호남진흥원 기간제 근로자 채용 공고","전남광주통합특별시","기간제","신입","명시 없음(원문 확인)","2026-09-07","2026-09-18","모집중","기간제·비정규","검토","제한 문구 미탐지","포털 목록 확인","정상","기관 공고 원문 확인","기관 공고 원문 확인","기관 공고 원문 확인","기관 공고 원문 확인","https://job.cleaneye.go.kr/user/ypRecruitment.do"
"CE-071","Cleaneye Job+","창원시설공단","시민생활체육관 탁구 프로그램 도급강사 공개모집 공고","경상남도","기간제","신입+경력","명시 없음(원문 확인)","2026-09-07","2026-09-11","모집중","기간제·비정규","검토","제한 문구 미탐지","포털 목록 확인","정상","기관 공고 원문 확인","기관 공고 원문 확인","기관 공고 원문 확인","기관 공고 원문 확인","https://job.cleaneye.go.kr/user/ypRecruitment.do"
"CE-072","Cleaneye Job+","창원시설공단","시민생활체육관 종합안내실 기간제근로자 채용 공고문","경상남도","기간제","신입+경력","명시 없음(원문 확인)","2026-09-07","2026-09-11","모집중","기간제·비정규","검토","제한 문구 미탐지","포털 목록 확인","정상","기관 공고 원문 확인","기관 공고 원문 확인","기관 공고 원문 확인","기관 공고 원문 확인","https://job.cleaneye.go.kr/user/ypRecruitment.do"
"CE-073","Cleaneye Job+","대구의료원","대구의료원 신규직원 채용 공고(약사)","대구광역시","일반정규직","신입+경력","명시 없음(원문 확인)","2026-09-07","2026-09-17","모집중","경력·전문직","경력·전문 우선","제한 문구 미탐지","포털 목록 확인","정상","기관 공고 원문 확인","기관 공고 원문 확인","기관 공고 원문 확인","기관 공고 원문 확인","https://job.cleaneye.go.kr/user/ypRecruitment.do"
"CE-074","Cleaneye Job+","홍성의료원","계약직(육아휴직대체) 간호조무사","충청남도","일반계약직","신입+경력","명시 없음(원문 확인)","2026-09-07","2026-09-17","모집중","기타 채용","검토","제한 문구 미탐지","포털 목록 확인","정상","기관 공고 원문 확인","기관 공고 원문 확인","기관 공고 원문 확인","기관 공고 원문 확인","https://job.cleaneye.go.kr/user/ypRecruitment.do"
"CE-075","Cleaneye Job+","목포국제축구센터","재단법인 목포국제축구센터 직원 공개 채용 공고","전남광주통합특별시","전문계약직","신입+경력","명시 없음(원문 확인)","2026-09-07","2026-09-17","모집중","기타 채용","검토","제한 문구 미탐지","포털 목록 확인","정상","기관 공고 원문 확인","기관 공고 원문 확인","기관 공고 원문 확인","기관 공고 원문 확인","https://job.cleaneye.go.kr/user/ypRecruitment.do"
"CE-076","Cleaneye Job+","재단법인 청주시활성화재단","2026 재단법인 청주시활성화재단 기간제근로자 채용 재공고","충청북도","기간제","신입","청주시","2026-09-07","2026-09-17","모집중","기간제·비정규","검토","제한 문구 미탐지","포털 목록 확인","정상","기관 공고 원문 확인","기관 공고 원문 확인","기관 공고 원문 확인","기관 공고 원문 확인","https://job.cleaneye.go.kr/user/ypRecruitment.do"
"CE-077","Cleaneye Job+","(주)킨텍스","제2026-022호 킨텍스 임시직 직원 공개채용 공고","경기도","기간제","신입","명시 없음(원문 확인)","2026-09-07","2026-09-17","모집중","기간제·비정규","검토","제한 문구 미탐지","포털 목록 확인","정상","기관 공고 원문 확인","기관 공고 원문 확인","기관 공고 원문 확인","기관 공고 원문 확인","https://job.cleaneye.go.kr/user/ypRecruitment.do"
"CE-078","Cleaneye Job+","고양도시관리공사","고양도시관리공사 임원 공개모집 공고","경기도","전문계약직","경력","명시 없음(원문 확인)","2026-09-07","2026-09-22","모집중","경력·전문직","경력·전문 우선","제한 문구 미탐지","포털 목록 확인","정상","기관 공고 원문 확인","기관 공고 원문 확인","기관 공고 원문 확인","기관 공고 원문 확인","https://job.cleaneye.go.kr/user/ypRecruitment.do"
"CE-079","Cleaneye Job+","중랑구시설관리공단","중랑구시설관리공단(중랑문화체육팀) 시간강사(셔플댄스) 채용 공고","서울특별시","기간제","신입+경력","명시 없음(원문 확인)","2026-09-07","2026-09-11","모집중","기간제·비정규","검토","제한 문구 미탐지","포털 목록 확인","정상","기관 공고 원문 확인","기관 공고 원문 확인","기관 공고 원문 확인","기관 공고 원문 확인","https://job.cleaneye.go.kr/user/ypRecruitment.do"
"CE-080","Cleaneye Job+","부산경제진흥원","부산경제진흥원 직업능력개발훈련사업 임시직 채용 공고","부산광역시","일반계약직","신입","명시 없음(원문 확인)","2026-09-07","2026-09-17","모집중","기타 채용","검토","제한 문구 미탐지","포털 목록 확인","정상","기관 공고 원문 확인","기관 공고 원문 확인","기관 공고 원문 확인","기관 공고 원문 확인","https://job.cleaneye.go.kr/user/ypRecruitment.do"
"CE-081","Cleaneye Job+","부산광역시기장군도시관리공단","기장군도시관리공단 2026년 제5회 기간제근로자 공개채용 재공고","부산광역시","기간제","신입+경력","명시 없음(원문 확인)","2026-09-07","2026-09-17","모집중","기간제·비정규","검토","제한 문구 미탐지","포털 목록 확인","정상","기관 공고 원문 확인","기관 공고 원문 확인","기관 공고 원문 확인","기관 공고 원문 확인","https://job.cleaneye.go.kr/user/ypRecruitment.do"
"CE-082","Cleaneye Job+","대구중구도심재생문화재단","재) 대구광역시 중구 도심재생문화재단 2026년 소공인특화지원센터 공동인프라 장비운영 기간제근로자(매니저) 채용 공고","대구광역시","기간제","신입+경력","명시 없음(원문 확인)","2026-09-07","2026-09-21","모집중","기간제·비정규","검토","제한 문구 미탐지","포털 목록 확인","정상","기관 공고 원문 확인","기관 공고 원문 확인","기관 공고 원문 확인","기관 공고 원문 확인","https://job.cleaneye.go.kr/user/ypRecruitment.do"
"CE-083","Cleaneye Job+","의정부도시공사","2026년 제10회 생활체육처 기간제근로자 채용 공고","경기도","기간제","신입","명시 없음(원문 확인)","2026-09-07","2026-09-11","모집중","기간제·비정규","검토","제한 문구 미탐지","포털 목록 확인","정상","기관 공고 원문 확인","기관 공고 원문 확인","기관 공고 원문 확인","기관 공고 원문 확인","https://job.cleaneye.go.kr/user/ypRecruitment.do"
"CE-084","Cleaneye Job+","인천광역시연수구시설안전관리공단","2026년 제10회 체육사업팀 기간제근로자 채용 공고","인천광역시","기간제","신입+경력","명시 없음(원문 확인)","2026-09-07","2026-09-11","모집중","기간제·비정규","검토","제한 문구 미탐지","포털 목록 확인","정상","기관 공고 원문 확인","기관 공고 원문 확인","기관 공고 원문 확인","기관 공고 원문 확인","https://job.cleaneye.go.kr/user/ypRecruitment.do"
"CE-085","Cleaneye Job+","남양주도시공사","남양주도시공사 기간제근로자（시간강사） 공개경쟁채용 재공고","경기도","기간제","신입+경력","명시 없음(원문 확인)","2026-09-07","2026-09-14","모집중","기간제·비정규","검토","제한 문구 미탐지","포털 목록 확인","정상","기관 공고 원문 확인","기관 공고 원문 확인","기관 공고 원문 확인","기관 공고 원문 확인","https://job.cleaneye.go.kr/user/ypRecruitment.do"
"CE-086","Cleaneye Job+","재단법인 창녕양파앤마늘식품연구원","(재)창녕양파앤마늘식품연구원 2026년도 연구원 채용 공고","경상남도","일반정규직","신입+경력","명시 없음(원문 확인)","2026-09-07","2026-09-14","모집중","정규직(세부 확인)","검토","제한 문구 미탐지","포털 목록 확인","정상","기관 공고 원문 확인","기관 공고 원문 확인","기관 공고 원문 확인","기관 공고 원문 확인","https://job.cleaneye.go.kr/user/ypRecruitment.do"
"CE-087","Cleaneye Job+","재단법인 광주광역시 사회서비스원","2026년 제10차 소속시설 직원채용 공고","","일반정규직","신입+경력","명시 없음(원문 확인)","2026-09-07","2026-09-11","모집중","정규직(세부 확인)","검토","제한 문구 미탐지","포털 목록 확인","정상","기관 공고 원문 확인","기관 공고 원문 확인","기관 공고 원문 확인","기관 공고 원문 확인","https://job.cleaneye.go.kr/user/ypRecruitment.do"
"CE-088","Cleaneye Job+","인천시설공단","청사관리 기간제근로자 채용(26-03) 공고","인천광역시","기간제","신입","명시 없음(원문 확인)","2026-09-07","2026-09-11","모집중","기간제·비정규","검토","제한 문구 미탐지","포털 목록 확인","정상","기관 공고 원문 확인","기관 공고 원문 확인","기관 공고 원문 확인","기관 공고 원문 확인","https://job.cleaneye.go.kr/user/ypRecruitment.do"
"CE-089","Cleaneye Job+","재단법인 구리시상권활성화재단","구리시상권활성화재단 2026년 제3차 기간제(로컬테마상권 조성사업) 직원 채용 재공고","경기도","기간제","신입+경력","명시 없음(원문 확인)","2026-09-07","2026-09-11","모집중","기간제·비정규","검토","제한 문구 미탐지","포털 목록 확인","정상","기관 공고 원문 확인","기관 공고 원문 확인","기관 공고 원문 확인","기관 공고 원문 확인","https://job.cleaneye.go.kr/user/ypRecruitment.do"
"CE-090","Cleaneye Job+","태백시시설관리공단","태백시시설관리공단 이사장 공개모집","강원특별자치도","비상임","신입+경력","명시 없음(원문 확인)","2026-09-07","2026-09-16","모집중","기타 채용","세부조건 확인","제한 문구 미탐지","포털 목록 확인","정상","기관 공고 원문 확인","기관 공고 원문 확인","기관 공고 원문 확인","기관 공고 원문 확인","https://job.cleaneye.go.kr/user/ypRecruitment.do"
"CE-091","Cleaneye Job+","남양주도시공사","남양주도시공사 2026년도 제22회 기간제근로자 공개경쟁채용 공고","경기도","기간제","신입+경력","명시 없음(원문 확인)","2026-09-07","2026-09-14","모집중","기간제·비정규","검토","제한 문구 미탐지","포털 목록 확인","정상","기관 공고 원문 확인","기관 공고 원문 확인","기관 공고 원문 확인","기관 공고 원문 확인","https://job.cleaneye.go.kr/user/ypRecruitment.do"
"CE-092","Cleaneye Job+","울산시설공단","2026년 울산시설공단 공원운영팀 수영장안전관리 기간제(단시간)근로자 채용 공고","울산광역시","기간제","신입","울산광역시","2026-09-07","2026-09-11","모집중","기간제·비정규","검토","제한 문구 미탐지","포털 목록 확인","정상","기관 공고 원문 확인","기관 공고 원문 확인","기관 공고 원문 확인","기관 공고 원문 확인","https://job.cleaneye.go.kr/user/ypRecruitment.do"
"CE-093","Cleaneye Job+","재단법인 천안시청소년재단","천안시청소년재단 2026년 제5회 기간제·단시간 근로자 채용 공고","충청남도","기간제","신입+경력","명시 없음(원문 확인)","2026-09-07","2026-09-11","모집중","기간제·비정규","검토","제한 문구 미탐지","포털 목록 확인","정상","기관 공고 원문 확인","기관 공고 원문 확인","기관 공고 원문 확인","기관 공고 원문 확인","https://job.cleaneye.go.kr/user/ypRecruitment.do"
"CE-094","Cleaneye Job+","인천광역시연수구시설안전관리공단","2026년 제11회 송도체육센터 시간 강사 채용 공고","인천광역시","기간제","신입+경력","명시 없음(원문 확인)","2026-09-07","2026-09-11","모집중","기간제·비정규","검토","제한 문구 미탐지","포털 목록 확인","정상","기관 공고 원문 확인","기관 공고 원문 확인","기관 공고 원문 확인","기관 공고 원문 확인","https://job.cleaneye.go.kr/user/ypRecruitment.do"
"CE-095","Cleaneye Job+","강원특별자치도강릉의료원","공고2026-66호 기간제 물리치료사(육아휴직대체)","강원특별자치도","기간제","신입+경력","명시 없음(원문 확인)","2026-09-05","2026-09-14","모집중","기간제·비정규","검토","제한 문구 미탐지","포털 목록 확인","정상","기관 공고 원문 확인","기관 공고 원문 확인","기관 공고 원문 확인","기관 공고 원문 확인","https://job.cleaneye.go.kr/user/ypRecruitment.do"
"CE-096","Cleaneye Job+","강원특별자치도강릉의료원","공고2026-66호 기간제 간호사(육아휴직대체) 채용 공고","강원특별자치도","기간제","신입+경력","명시 없음(원문 확인)","2026-09-05","2026-09-14","모집중","경력·전문직","경력·전문 우선","제한 문구 미탐지","포털 목록 확인","정상","기관 공고 원문 확인","기관 공고 원문 확인","기관 공고 원문 확인","기관 공고 원문 확인","https://job.cleaneye.go.kr/user/ypRecruitment.do"
"CE-097","Cleaneye Job+","강원특별자치도강릉의료원","공고2026-66호 간호직 7급 간호사(수술 진료지원)","강원특별자치도","일반정규직","경력","명시 없음(원문 확인)","2026-09-05","2026-09-14","모집중","경력·전문직","경력·전문 우선","제한 문구 미탐지","포털 목록 확인","정상","기관 공고 원문 확인","기관 공고 원문 확인","기관 공고 원문 확인","기관 공고 원문 확인","https://job.cleaneye.go.kr/user/ypRecruitment.do"
"CE-098","Cleaneye Job+","경상북도포항의료원","경상북도포항의료원 간호사, 출산 및 육아휴직 대체 심사간호사 모집","경상북도","일반정규직","신입+경력","명시 없음(원문 확인)","2026-09-05","2026-09-14","모집중","경력·전문직","경력·전문 우선","제한 문구 미탐지","포털 목록 확인","정상","기관 공고 원문 확인","기관 공고 원문 확인","기관 공고 원문 확인","기관 공고 원문 확인","https://job.cleaneye.go.kr/user/ypRecruitment.do"
"CE-099","Cleaneye Job+","강원특별자치도강릉의료원","공고2026-66호 기간제 의료보조원(장애인 등록증 소지자)","강원특별자치도","기간제","신입+경력","명시 없음(원문 확인)","2026-09-05","2026-09-14","모집중","기간제·비정규","검토","제한 문구 미탐지","포털 목록 확인","정상","기관 공고 원문 확인","기관 공고 원문 확인","기관 공고 원문 확인","기관 공고 원문 확인","https://job.cleaneye.go.kr/user/ypRecruitment.do"
"CE-100","Cleaneye Job+","강원특별자치도강릉의료원","공고2026-65호 응급실 전담의 채용공고","강원특별자치도","일반정규직","신입+경력","명시 없음(원문 확인)","2026-09-05","2026-09-14","모집중","정규직(세부 확인)","검토","제한 문구 미탐지","포털 목록 확인","정상","기관 공고 원문 확인","기관 공고 원문 확인","기관 공고 원문 확인","기관 공고 원문 확인","https://job.cleaneye.go.kr/user/ypRecruitment.do"
"CE-101","Cleaneye Job+","강원특별자치도강릉의료원","공고2026-65호 내과 전문의","강원특별자치도","일반정규직","신입+경력","명시 없음(원문 확인)","2026-09-05","2026-09-14","모집중","경력·전문직","경력·전문 우선","제한 문구 미탐지","포털 목록 확인","정상","기관 공고 원문 확인","기관 공고 원문 확인","기관 공고 원문 확인","기관 공고 원문 확인","https://job.cleaneye.go.kr/user/ypRecruitment.do"
"CE-102","Cleaneye Job+","강원특별자치도강릉의료원","공고2026-66호 공무직 장례식장 조리원","강원특별자치도","무기계약직","신입+경력","명시 없음(원문 확인)","2026-09-05","2026-09-14","모집중","무기계약·공무직","검토","제한 문구 미탐지","포털 목록 확인","정상","기관 공고 원문 확인","기관 공고 원문 확인","기관 공고 원문 확인","기관 공고 원문 확인","https://job.cleaneye.go.kr/user/ypRecruitment.do"
"CE-103","Cleaneye Job+","부산경제진흥원","부산경제진흥원 2026년 5차 수탁사업 전담인력 채용 공고","부산광역시","일반계약직","신입","명시 없음(원문 확인)","2026-09-04","2026-09-14","모집중","기타 채용","검토","제한 문구 미탐지","포털 목록 확인","정상","기관 공고 원문 확인","기관 공고 원문 확인","기관 공고 원문 확인","기관 공고 원문 확인","https://job.cleaneye.go.kr/user/ypRecruitment.do"
"CE-104","Cleaneye Job+","강원연구원","강원연구원 제7차 부설센터 연구원 공개채용 재공고","강원특별자치도","기간제","신입+경력","명시 없음(원문 확인)","2026-09-04","2026-09-14","모집중","기간제·비정규","검토","제한 문구 미탐지","포털 목록 확인","정상","기관 공고 원문 확인","기관 공고 원문 확인","기관 공고 원문 확인","기관 공고 원문 확인","https://job.cleaneye.go.kr/user/ypRecruitment.do"
"CE-105","Cleaneye Job+","재단법인 제주특별자치도 사회서비스원","(재)제주특별자치도 사회서비스원 임원(비상임 이사) 공개 모집","제주특별자치도","비상임","경력","명시 없음(원문 확인)","2026-09-04","2026-09-21","모집중","경력·전문직","경력·전문 우선","제한 문구 미탐지","포털 목록 확인","정상","기관 공고 원문 확인","기관 공고 원문 확인","기관 공고 원문 확인","기관 공고 원문 확인","https://job.cleaneye.go.kr/user/ypRecruitment.do"
"CE-106","Cleaneye Job+","재단법인 양천문화재단","2026년 제5차 (재)양천문화재단 직원 채용(~9/14)","서울특별시","기간제","신입+경력","명시 없음(원문 확인)","2026-09-04","2026-09-14","모집중","기간제·비정규","검토","제한 문구 미탐지","포털 목록 확인","포털 중복 4건","기관 공고 원문 확인","기관 공고 원문 확인","기관 공고 원문 확인","기관 공고 원문 확인","https://job.cleaneye.go.kr/user/ypRecruitment.do"
"CE-107","Cleaneye Job+","재단법인 완주공공급식지원센터","(재)완주공공급식지원센터 직원 채용 공고(제2026-11호)","전북특별자치도","기간제","신입+경력","명시 없음(원문 확인)","2026-09-04","2026-09-11","모집중","기간제·비정규","검토","제한 문구 미탐지","포털 목록 확인","정상","기관 공고 원문 확인","기관 공고 원문 확인","기관 공고 원문 확인","기관 공고 원문 확인","https://job.cleaneye.go.kr/user/ypRecruitment.do"
"CE-108","Cleaneye Job+","대구농수산물유통관리공사","2026년 하반기 대구농수산물유통관리공사 장애인 청년 체험형 인턴 채용공고(~`26.9.14.)","대구광역시","인턴","신입+경력","대구광역시","2026-09-04","2026-09-14","모집중","체험형·청년인턴","검토","제한 문구 미탐지","포털 목록 확인","정상","기관 공고 원문 확인","기관 공고 원문 확인","기관 공고 원문 확인","기관 공고 원문 확인","https://job.cleaneye.go.kr/user/ypRecruitment.do"
"CE-109","Cleaneye Job+","노원구시설관리공단","노원구시설관리공단]기간제근로자(육아휴직 대체) 공개경쟁 채용 공고","서울특별시","기간제","신입","명시 없음(원문 확인)","2026-09-04","2026-09-14","모집중","기간제·비정규","검토","제한 문구 미탐지","포털 목록 확인","정상","기관 공고 원문 확인","기관 공고 원문 확인","기관 공고 원문 확인","기관 공고 원문 확인","https://job.cleaneye.go.kr/user/ypRecruitment.do"
"CE-110","Cleaneye Job+","경남로봇랜드재단","2026년 경남로봇랜드재단 계약직 채용 공고(보훈)","경상남도","일반계약직","신입+경력","명시 없음(원문 확인)","2026-09-04","2026-09-14","모집중","제한경쟁·조건부","조건 충족자만","보훈 관련 제한경쟁","포털 목록 확인","포털 중복 2건","기관 공고 원문 확인","기관 공고 원문 확인","기관 공고 원문 확인","기관 공고 원문 확인","https://job.cleaneye.go.kr/user/ypRecruitment.do"
"CE-111","Cleaneye Job+","재단법인 충북과학기술혁신원","(재)충북과학기술혁신원 14대 원장 선임 공고","충청북도","전문계약직","경력","명시 없음(원문 확인)","2026-09-04","2026-09-19","모집중","경력·전문직","경력·전문 우선","제한 문구 미탐지","포털 목록 확인","정상","기관 공고 원문 확인","기관 공고 원문 확인","기관 공고 원문 확인","기관 공고 원문 확인","https://job.cleaneye.go.kr/user/ypRecruitment.do"
"CE-112","Cleaneye Job+","강원연구원","강원연구원 제4차 장기 연구지원 연구원 공개채용 재공고","강원특별자치도","기간제","신입+경력","명시 없음(원문 확인)","2026-09-04","2026-09-14","모집중","기간제·비정규","검토","제한 문구 미탐지","포털 목록 확인","정상","기관 공고 원문 확인","기관 공고 원문 확인","기관 공고 원문 확인","기관 공고 원문 확인","https://job.cleaneye.go.kr/user/ypRecruitment.do"
"CE-113","Cleaneye Job+","청도공영사업공사","청도공영사업공사 임원(비상임이사) 공개모집 공고","경상북도","비상임","경력","명시 없음(원문 확인)","2026-09-04","2026-09-20","모집중","경력·전문직","경력·전문 우선","제한 문구 미탐지","포털 목록 확인","정상","기관 공고 원문 확인","기관 공고 원문 확인","기관 공고 원문 확인","기관 공고 원문 확인","https://job.cleaneye.go.kr/user/ypRecruitment.do"
"CE-114","Cleaneye Job+","충청북도 충주의료원","충주의료원 보건직(임상병리사) 채용 공고","충청북도","일반정규직","신입+경력","충청북도","2026-09-04","2026-09-14","모집중","정규직(세부 확인)","검토","제한 문구 미탐지","포털 목록 확인","정상","기관 공고 원문 확인","기관 공고 원문 확인","기관 공고 원문 확인","기관 공고 원문 확인","https://job.cleaneye.go.kr/user/ypRecruitment.do"
"CE-115","Cleaneye Job+","충청남도개발공사","2026년 충청남도개발공사 무기계약직 사원 모집 공고(일반공개경쟁)","충청남도","무기계약직","신입","충청남도","2026-09-04","2026-09-14","모집중","무기계약·공무직","검토","제한 문구 미탐지","포털 목록 확인","정상","기관 공고 원문 확인","기관 공고 원문 확인","기관 공고 원문 확인","기관 공고 원문 확인","https://job.cleaneye.go.kr/user/ypRecruitment.do"
"CE-116","Cleaneye Job+","경상북도안동의료원","계약직 간호사(도청 의무실) 채용공고","경상북도","기간제","신입+경력","명시 없음(원문 확인)","2026-09-04","2026-09-14","모집중","경력·전문직","경력·전문 우선","제한 문구 미탐지","포털 목록 확인","정상","기관 공고 원문 확인","기관 공고 원문 확인","기관 공고 원문 확인","기관 공고 원문 확인","https://job.cleaneye.go.kr/user/ypRecruitment.do"
"CE-117","Cleaneye Job+","경상북도안동의료원","계약직 간호사(공공보건부) 채용공고","경상북도","기간제","신입+경력","명시 없음(원문 확인)","2026-09-04","2026-09-14","모집중","경력·전문직","경력·전문 우선","제한 문구 미탐지","포털 목록 확인","정상","기관 공고 원문 확인","기관 공고 원문 확인","기관 공고 원문 확인","기관 공고 원문 확인","https://job.cleaneye.go.kr/user/ypRecruitment.do"
"CE-118","Cleaneye Job+","경남로봇랜드재단","2026년 경남로봇랜드재단 계약직 채용 재공고","경상남도","일반계약직","신입+경력","명시 없음(원문 확인)","2026-09-04","2026-09-14","모집중","기타 채용","검토","제한 문구 미탐지","포털 목록 확인","포털 중복 3건","기관 공고 원문 확인","기관 공고 원문 확인","기관 공고 원문 확인","기관 공고 원문 확인","https://job.cleaneye.go.kr/user/ypRecruitment.do"
"CE-119","Cleaneye Job+","대한민국동작주식회사","2026년 제7차 정규직 및 현장직 기간제근로자 채용 재공고","서울특별시","기간제","신입+경력","서울특별시 동작구","2026-09-04","2026-09-28","모집중","기간제·비정규","검토","제한 문구 미탐지","포털 목록 확인","정상","기관 공고 원문 확인","기관 공고 원문 확인","기관 공고 원문 확인","기관 공고 원문 확인","https://job.cleaneye.go.kr/user/ypRecruitment.do"
"CE-120","Cleaneye Job+","관악구시설관리공단","2026년 제4회 관악구시설관리공단 공무직 공개경쟁채용 공고","서울특별시","무기계약직","신입","명시 없음(원문 확인)","2026-09-04","2026-09-13","모집중","무기계약·공무직","검토","제한 문구 미탐지","포털 목록 확인","정상","기관 공고 원문 확인","기관 공고 원문 확인","기관 공고 원문 확인","기관 공고 원문 확인","https://job.cleaneye.go.kr/user/ypRecruitment.do"
"CE-121","Cleaneye Job+","관악구시설관리공단","2026년 제4회 관악구시설관리공단 임시직(고령친화직) 공개제한경쟁채용 공고","서울특별시","기간제","신입","명시 없음(원문 확인)","2026-09-04","2026-09-13","모집중","제한경쟁·조건부","조건 충족자만","제한경쟁","포털 목록 확인","정상","기관 공고 원문 확인","기관 공고 원문 확인","기관 공고 원문 확인","기관 공고 원문 확인","https://job.cleaneye.go.kr/user/ypRecruitment.do"
"CE-122","Cleaneye Job+","울진군의료원","울진군의료원 의사채용 공고(산부인과)","경상북도","전문계약직","신입+경력","명시 없음(원문 확인)","2026-09-04","2026-12-31","모집중","기타 채용","검토","제한 문구 미탐지","포털 목록 확인","정상","기관 공고 원문 확인","기관 공고 원문 확인","기관 공고 원문 확인","기관 공고 원문 확인","https://job.cleaneye.go.kr/user/ypRecruitment.do"
"CE-123","Cleaneye Job+","창원시설공단","진해해양공원 기간제 근로자 공개경쟁 채용 공고","경상남도","기간제","신입+경력","명시 없음(원문 확인)","2026-09-04","2026-09-10","모집중","기간제·비정규","검토","제한 문구 미탐지","포털 목록 확인","정상","기관 공고 원문 확인","기관 공고 원문 확인","기관 공고 원문 확인","기관 공고 원문 확인","https://job.cleaneye.go.kr/user/ypRecruitment.do"
"CE-124","Cleaneye Job+","서산시복지재단","(재)서산시복지재단 직원 공개경쟁 모집 공고","충청남도","일반계약직","경력","명시 없음(원문 확인)","2026-09-04","2026-09-10","모집중","기타 채용","세부조건 확인","제한 문구 미탐지","포털 목록 확인","정상","기관 공고 원문 확인","기관 공고 원문 확인","기관 공고 원문 확인","기관 공고 원문 확인","https://job.cleaneye.go.kr/user/ypRecruitment.do"
"CE-125","Cleaneye Job+","부산환경공단","부산환경공단 하수자원사업소 기간제근로자(경비종사원) 채용 재공고","부산광역시","기간제","신입","부산광역시","2026-09-04","2026-09-11","모집중","기간제·비정규","검토","제한 문구 미탐지","포털 목록 확인","정상","기관 공고 원문 확인","기관 공고 원문 확인","기관 공고 원문 확인","기관 공고 원문 확인","https://job.cleaneye.go.kr/user/ypRecruitment.do"
"CE-126","Cleaneye Job+","관악구시설관리공단","2026년 제4회 관악구시설관리공단 일반직 공개경쟁채용 공고","서울특별시","일반정규직","신입","명시 없음(원문 확인)","2026-09-04","2026-09-13","모집중","신입·정규직","우선검토","제한 문구 미탐지","포털 목록 확인","정상","기관 공고 원문 확인","기관 공고 원문 확인","기관 공고 원문 확인","기관 공고 원문 확인","https://job.cleaneye.go.kr/user/ypRecruitment.do"
"CE-127","Cleaneye Job+","인천시설공단","2026년 청소년수련관 스포츠센터 생활체육 프로그램 강사 채용 공고(제2026-23호)","인천광역시","기간제","신입","명시 없음(원문 확인)","2026-09-04","2026-09-11","모집중","기간제·비정규","검토","제한 문구 미탐지","포털 목록 확인","정상","기관 공고 원문 확인","기관 공고 원문 확인","기관 공고 원문 확인","기관 공고 원문 확인","https://job.cleaneye.go.kr/user/ypRecruitment.do"
"CE-128","Cleaneye Job+","경기도의료원","경기도의료원 수원병원 간호사(정규직)채용 공고","경기도","일반정규직","신입+경력","명시 없음(원문 확인)","2026-09-04","2026-09-14","모집중","경력·전문직","경력·전문 우선","제한 문구 미탐지","포털 목록 확인","정상","기관 공고 원문 확인","기관 공고 원문 확인","기관 공고 원문 확인","기관 공고 원문 확인","https://job.cleaneye.go.kr/user/ypRecruitment.do"
"CE-129","Cleaneye Job+","서초문화재단","2026-07차 서초문화재단 직원 채용 공고","서울특별시","기간제","신입","명시 없음(원문 확인)","2026-09-04","2026-09-15","모집중","기간제·비정규","검토","제한 문구 미탐지","포털 목록 확인","정상","기관 공고 원문 확인","기관 공고 원문 확인","기관 공고 원문 확인","기관 공고 원문 확인","https://job.cleaneye.go.kr/user/ypRecruitment.do"
"CE-130","Cleaneye Job+","김해인재양성재단","재단법인 김해인재양성재단 대표이사 모집 공고","경상남도","전문계약직","신입+경력","명시 없음(원문 확인)","2026-09-04","2026-09-14","모집중","기타 채용","검토","제한 문구 미탐지","포털 목록 확인","정상","기관 공고 원문 확인","기관 공고 원문 확인","기관 공고 원문 확인","기관 공고 원문 확인","https://job.cleaneye.go.kr/user/ypRecruitment.do"
"CE-131","Cleaneye Job+","김해문화관광재단","(재)김해문화관광재단 김해시립김영원미술관 기간제 노동자(체험 프로그램 보조) 채용 공고","경상남도","기간제","신입+경력","명시 없음(원문 확인)","2026-09-04","2026-09-13","모집중","기간제·비정규","검토","제한 문구 미탐지","포털 목록 확인","정상","기관 공고 원문 확인","기관 공고 원문 확인","기관 공고 원문 확인","기관 공고 원문 확인","https://job.cleaneye.go.kr/user/ypRecruitment.do"
"CE-132","Cleaneye Job+","울진군의료원","울진군의료원 직원채용 공고(임상병리사 간호조무사, 진료보조, 사회복지사)","경상북도","일반정규직","신입+경력","명시 없음(원문 확인)","2026-09-04","2026-09-14","모집중","정규직(세부 확인)","검토","제한 문구 미탐지","포털 목록 확인","정상","기관 공고 원문 확인","기관 공고 원문 확인","기관 공고 원문 확인","기관 공고 원문 확인","https://job.cleaneye.go.kr/user/ypRecruitment.do"
"CE-133","Cleaneye Job+","관악구시설관리공단","2026년 제4회 관악구시설관리공단 기술직 제한경쟁채용 공고","서울특별시","일반정규직","신입","명시 없음(원문 확인)","2026-09-04","2026-09-13","모집중","제한경쟁·조건부","조건 충족자만","제한경쟁","포털 목록 확인","정상","기관 공고 원문 확인","기관 공고 원문 확인","기관 공고 원문 확인","기관 공고 원문 확인","https://job.cleaneye.go.kr/user/ypRecruitment.do"
"CE-134","Cleaneye Job+","재단법인 포천문화관광재단","(재)포천문화관광재단 2026년 제5회 직원 공개채용","경기도","기간제","신입","명시 없음(원문 확인)","2026-09-04","2026-09-14","모집중","기간제·비정규","검토","제한 문구 미탐지","포털 목록 확인","정상","기관 공고 원문 확인","기관 공고 원문 확인","기관 공고 원문 확인","기관 공고 원문 확인","https://job.cleaneye.go.kr/user/ypRecruitment.do"
"CE-135","Cleaneye Job+","관악구시설관리공단","2026년 제4회 관악구시설관리공단 일반직 제한경쟁채용 공고","서울특별시","일반정규직","신입","명시 없음(원문 확인)","2026-09-04","2026-09-13","모집중","제한경쟁·조건부","조건 충족자만","제한경쟁","포털 목록 확인","정상","기관 공고 원문 확인","기관 공고 원문 확인","기관 공고 원문 확인","기관 공고 원문 확인","https://job.cleaneye.go.kr/user/ypRecruitment.do"
"CE-136","Cleaneye Job+","관악구시설관리공단","2026년 제4회 관악구시설관리공단 임시직 제한경쟁채용 공고","서울특별시","기간제","신입","명시 없음(원문 확인)","2026-09-04","2026-09-13","모집중","제한경쟁·조건부","조건 충족자만","제한경쟁","포털 목록 확인","정상","기관 공고 원문 확인","기관 공고 원문 확인","기관 공고 원문 확인","기관 공고 원문 확인","https://job.cleaneye.go.kr/user/ypRecruitment.do"
"CE-137","Cleaneye Job+","재단법인 부천산업진흥원","부천산업진흥원 계약직원 채용 모집 공고","경기도","기간제","경력","명시 없음(원문 확인)","2026-09-04","2026-09-10","모집중","기간제·비정규","세부조건 확인","제한 문구 미탐지","포털 목록 확인","정상","기관 공고 원문 확인","기관 공고 원문 확인","기관 공고 원문 확인","기관 공고 원문 확인","https://job.cleaneye.go.kr/user/ypRecruitment.do"
"CE-138","Cleaneye Job+","경남로봇랜드재단","2026년 경남로봇랜드재단 계약직 채용 공고(보훈)","경상남도","일반계약직","신입+경력","명시 없음(원문 확인)","2026-09-04","2026-09-14","모집중","제한경쟁·조건부","조건 충족자만","보훈 관련 제한경쟁","포털 목록 확인","포털 중복 2건","기관 공고 원문 확인","기관 공고 원문 확인","기관 공고 원문 확인","기관 공고 원문 확인","https://job.cleaneye.go.kr/user/ypRecruitment.do"
"CE-139","Cleaneye Job+","경남로봇랜드재단","2026년 경남로봇랜드재단 계약직 채용 공고","경상남도","일반계약직","신입+경력","명시 없음(원문 확인)","2026-09-04","2026-09-14","모집중","기타 채용","검토","제한 문구 미탐지","포털 목록 확인","포털 중복 2건","기관 공고 원문 확인","기관 공고 원문 확인","기관 공고 원문 확인","기관 공고 원문 확인","https://job.cleaneye.go.kr/user/ypRecruitment.do"
"CE-140","Cleaneye Job+","경남로봇랜드재단","2026년 경남로봇랜드재단 계약직 채용 공고","경상남도","일반계약직","신입+경력","명시 없음(원문 확인)","2026-09-04","2026-09-14","모집중","기타 채용","검토","제한 문구 미탐지","포털 목록 확인","포털 중복 2건","기관 공고 원문 확인","기관 공고 원문 확인","기관 공고 원문 확인","기관 공고 원문 확인","https://job.cleaneye.go.kr/user/ypRecruitment.do"
"CE-141","Cleaneye Job+","재단법인 양천문화재단","2026년 제5차 (재)양천문화재단 직원 채용(~9/14)","서울특별시","기간제","신입+경력","명시 없음(원문 확인)","2026-09-04","2026-09-14","모집중","기간제·비정규","검토","제한 문구 미탐지","포털 목록 확인","포털 중복 4건","기관 공고 원문 확인","기관 공고 원문 확인","기관 공고 원문 확인","기관 공고 원문 확인","https://job.cleaneye.go.kr/user/ypRecruitment.do"
"CE-142","Cleaneye Job+","재단법인 양천문화재단","2025년 제5차 (재)양천문화재단 직원 채용(~9/14)","서울특별시","일반정규직","신입+경력","명시 없음(원문 확인)","2026-09-04","2026-09-14","모집중","정규직(세부 확인)","검토","제한 문구 미탐지","포털 목록 확인","포털 중복 3건","기관 공고 원문 확인","기관 공고 원문 확인","기관 공고 원문 확인","기관 공고 원문 확인","https://job.cleaneye.go.kr/user/ypRecruitment.do"
"CE-143","Cleaneye Job+","재단법인 양천문화재단","2026년 제5차 (재)양천문화재단 직원 채용(~9/14)","서울특별시","기간제","신입+경력","명시 없음(원문 확인)","2026-09-04","2026-09-14","모집중","기간제·비정규","검토","제한 문구 미탐지","포털 목록 확인","포털 중복 4건","기관 공고 원문 확인","기관 공고 원문 확인","기관 공고 원문 확인","기관 공고 원문 확인","https://job.cleaneye.go.kr/user/ypRecruitment.do"
"CE-144","Cleaneye Job+","전북특별자치도 군산의료원","군산의료원 주차관리원(단시간) 장애인 제한 채용 공고","전북특별자치도","일반정규직","신입","명시 없음(원문 확인)","2026-09-04","2026-09-14","모집중","제한경쟁·조건부","조건 충족자만","장애 관련 제한경쟁","포털 목록 확인","정상","기관 공고 원문 확인","기관 공고 원문 확인","기관 공고 원문 확인","기관 공고 원문 확인","https://job.cleaneye.go.kr/user/ypRecruitment.do"
"CE-145","Cleaneye Job+","전북특별자치도 군산의료원","군산의료원 진료협력센터(의뢰·회송) 전담간호사(계약직) 채용 공고","전북특별자치도","기간제","신입+경력","명시 없음(원문 확인)","2026-09-04","2026-09-14","모집중","경력·전문직","경력·전문 우선","제한 문구 미탐지","포털 목록 확인","정상","기관 공고 원문 확인","기관 공고 원문 확인","기관 공고 원문 확인","기관 공고 원문 확인","https://job.cleaneye.go.kr/user/ypRecruitment.do"
"CE-146","Cleaneye Job+","재단법인 양천문화재단","2026년 제5차 (재)양천문화재단 직원 채용(~9/14)","서울특별시","기간제","신입+경력","명시 없음(원문 확인)","2026-09-04","2026-09-14","모집중","기간제·비정규","검토","제한 문구 미탐지","포털 목록 확인","포털 중복 4건","기관 공고 원문 확인","기관 공고 원문 확인","기관 공고 원문 확인","기관 공고 원문 확인","https://job.cleaneye.go.kr/user/ypRecruitment.do"
"CE-147","Cleaneye Job+","재단법인 양천문화재단","2025년 제5차 (재)양천문화재단 직원 채용(~9/14)","서울특별시","기간제","경력","명시 없음(원문 확인)","2026-09-04","2026-09-14","모집중","기간제·비정규","세부조건 확인","제한 문구 미탐지","포털 목록 확인","포털 중복 3건","기관 공고 원문 확인","기관 공고 원문 확인","기관 공고 원문 확인","기관 공고 원문 확인","https://job.cleaneye.go.kr/user/ypRecruitment.do"
"CE-148","Cleaneye Job+","강원특별자치도원주의료원","원주의료원 신규직원(기간제근로자_사무보조원) 채용공고","강원특별자치도","기간제","신입+경력","명시 없음(원문 확인)","2026-09-04","2026-09-14","모집중","기간제·비정규","검토","제한 문구 미탐지","포털 목록 확인","정상","기관 공고 원문 확인","기관 공고 원문 확인","기관 공고 원문 확인","기관 공고 원문 확인","https://job.cleaneye.go.kr/user/ypRecruitment.do"
"CE-149","Cleaneye Job+","강원연구원","강원연구원 제7차 프로젝트 계약직 연구원 공개채용 공고","강원특별자치도","기간제","신입+경력","명시 없음(원문 확인)","2026-09-04","2026-09-14","모집중","기간제·비정규","검토","제한 문구 미탐지","포털 목록 확인","정상","기관 공고 원문 확인","기관 공고 원문 확인","기관 공고 원문 확인","기관 공고 원문 확인","https://job.cleaneye.go.kr/user/ypRecruitment.do"
"CE-150","Cleaneye Job+","고양도시관리공사","고양바이오매스에너지시설 기간제 근로자 채용 공고","경기도","기간제","신입+경력","명시 없음(원문 확인)","2026-09-04","2026-09-11","모집중","기간제·비정규","검토","제한 문구 미탐지","포털 목록 확인","정상","기관 공고 원문 확인","기관 공고 원문 확인","기관 공고 원문 확인","기관 공고 원문 확인","https://job.cleaneye.go.kr/user/ypRecruitment.do"
"CE-151","Cleaneye Job+","재단법인 부산연구원","제63회 (재)부산연구원 직원(연구직) 채용 공고","부산광역시","일반정규직","신입+경력","명시 없음(원문 확인)","2026-09-04","2026-09-10","모집중","정규직(세부 확인)","검토","제한 문구 미탐지","포털 목록 확인","정상","기관 공고 원문 확인","기관 공고 원문 확인","기관 공고 원문 확인","기관 공고 원문 확인","https://job.cleaneye.go.kr/user/ypRecruitment.do"
"CE-152","Cleaneye Job+","경기도의료원","경기도의료원 파주병원 가정의학과 의사(계약직) 초빙 공고","경기도","전문계약직","신입","명시 없음(원문 확인)","2026-09-04","2026-09-14","모집중","기타 채용","검토","제한 문구 미탐지","포털 목록 확인","정상","기관 공고 원문 확인","기관 공고 원문 확인","기관 공고 원문 확인","기관 공고 원문 확인","https://job.cleaneye.go.kr/user/ypRecruitment.do"
"CE-153","Cleaneye Job+","경남로봇랜드재단","2026년 경남로봇랜드재단 계약직 채용 재공고","경상남도","일반계약직","신입+경력","명시 없음(원문 확인)","2026-09-04","2026-09-14","모집중","기타 채용","검토","제한 문구 미탐지","포털 목록 확인","포털 중복 3건","기관 공고 원문 확인","기관 공고 원문 확인","기관 공고 원문 확인","기관 공고 원문 확인","https://job.cleaneye.go.kr/user/ypRecruitment.do"
"CE-154","Cleaneye Job+","경남로봇랜드재단","2026년 경남로봇랜드재단 계약직 채용 재공고","경상남도","일반계약직","신입+경력","명시 없음(원문 확인)","2026-09-04","2026-09-14","모집중","기타 채용","검토","제한 문구 미탐지","포털 목록 확인","포털 중복 3건","기관 공고 원문 확인","기관 공고 원문 확인","기관 공고 원문 확인","기관 공고 원문 확인","https://job.cleaneye.go.kr/user/ypRecruitment.do"
"CE-155","Cleaneye Job+","부천아트센터","2026년 제4차 부천아트센터 계약직 근로자 채용 공고","경기도","기간제","신입","명시 없음(원문 확인)","2026-09-04","2026-09-14","모집중","기간제·비정규","검토","제한 문구 미탐지","포털 목록 확인","정상","기관 공고 원문 확인","기관 공고 원문 확인","기관 공고 원문 확인","기관 공고 원문 확인","https://job.cleaneye.go.kr/user/ypRecruitment.do"
"CE-156","Cleaneye Job+","충청북도 충주의료원","충주의료원 육아휴직 대체자 [보건직(물리치료사), 행정직] 채용 공고","충청북도","일반계약직","신입+경력","충청북도","2026-09-04","2026-09-14","모집중","기타 채용","검토","제한 문구 미탐지","포털 목록 확인","정상","기관 공고 원문 확인","기관 공고 원문 확인","기관 공고 원문 확인","기관 공고 원문 확인","https://job.cleaneye.go.kr/user/ypRecruitment.do"
"CE-157","Cleaneye Job+","강원특별자치도원주의료원","원주의료원 신규직원[의무직_비뇨의학과, 신장내과, 심장내과] 채용공고","강원특별자치도","일반정규직","신입+경력","명시 없음(원문 확인)","2026-09-04","2026-09-29","모집중","신입·정규직","우선검토","제한 문구 미탐지","포털 목록 확인","정상","기관 공고 원문 확인","기관 공고 원문 확인","기관 공고 원문 확인","기관 공고 원문 확인","https://job.cleaneye.go.kr/user/ypRecruitment.do"
"CE-158","Cleaneye Job+","경상북도안동의료원","경북권 공공어린이재활의료센터 직원 채용 재공고(행정, 작업치료사)","경상북도","기간제","신입+경력","명시 없음(원문 확인)","2026-09-04","2026-09-14","모집중","기간제·비정규","검토","제한 문구 미탐지","포털 목록 확인","정상","기관 공고 원문 확인","기관 공고 원문 확인","기관 공고 원문 확인","기관 공고 원문 확인","https://job.cleaneye.go.kr/user/ypRecruitment.do"
"CE-159","Cleaneye Job+","강원특별자치도원주의료원","원주의료원 신규직원(공무직_조리원) 채용공고","강원특별자치도","일반정규직","신입+경력","명시 없음(원문 확인)","2026-09-04","2026-09-14","모집중","신입·정규직","우선검토","제한 문구 미탐지","포털 목록 확인","정상","기관 공고 원문 확인","기관 공고 원문 확인","기관 공고 원문 확인","기관 공고 원문 확인","https://job.cleaneye.go.kr/user/ypRecruitment.do"
"CE-160","Cleaneye Job+","강원연구원","강원연구원 제5차 장기 연구지원 연구원 공개채용 공고","강원특별자치도","기간제","신입+경력","명시 없음(원문 확인)","2026-09-04","2026-09-14","모집중","기간제·비정규","검토","제한 문구 미탐지","포털 목록 확인","정상","기관 공고 원문 확인","기관 공고 원문 확인","기관 공고 원문 확인","기관 공고 원문 확인","https://job.cleaneye.go.kr/user/ypRecruitment.do"
"CE-161","Cleaneye Job+","재단법인 양천문화재단","2025년 제5차 (재)양천문화재단 직원 채용(~9/14)","서울특별시","일반정규직","경력","명시 없음(원문 확인)","2026-09-04","2026-09-14","모집중","정규직(세부 확인)","세부조건 확인","제한 문구 미탐지","포털 목록 확인","포털 중복 3건","기관 공고 원문 확인","기관 공고 원문 확인","기관 공고 원문 확인","기관 공고 원문 확인","https://job.cleaneye.go.kr/user/ypRecruitment.do"
"CE-162","Cleaneye Job+","강원연구원","강원연구원 제6차 프로젝트 계약직 연구원 공개채용 재공고","강원특별자치도","기간제","신입+경력","명시 없음(원문 확인)","2026-09-04","2026-09-14","모집중","기간제·비정규","검토","제한 문구 미탐지","포털 목록 확인","정상","기관 공고 원문 확인","기관 공고 원문 확인","기관 공고 원문 확인","기관 공고 원문 확인","https://job.cleaneye.go.kr/user/ypRecruitment.do"
"CE-163","Cleaneye Job+","대구농수산물유통관리공사","2026년 대구농수산물유통관리공사 청년 체험형 인턴 채용공고(~`26.9.14.)","대구광역시","인턴","신입+경력","대구광역시","2026-09-04","2026-09-14","모집중","체험형·청년인턴","우선검토","제한 문구 미탐지","포털 목록 확인","정상","기관 공고 원문 확인","기관 공고 원문 확인","기관 공고 원문 확인","기관 공고 원문 확인","https://job.cleaneye.go.kr/user/ypRecruitment.do"
"CE-164","Cleaneye Job+","강릉관광개발공사","★ 2026년 제4회 일반직 전환형 계약직 경력·공개경쟁 블라인드 채용 재공고 ★","강원특별자치도","기간제","신입+경력","명시 없음(원문 확인)","2026-09-03","2026-09-13","모집중","기간제·비정규","검토","제한 문구 미탐지","포털 목록 확인","정상","기관 공고 원문 확인","기관 공고 원문 확인","기관 공고 원문 확인","기관 공고 원문 확인","https://job.cleaneye.go.kr/user/ypRecruitment.do"
"CE-165","Cleaneye Job+","김해문화관광재단","(재)김해문화관광재단 문화도시팀 기간제노동자(명월, 웰컴) 채용 공고","경상남도","기간제","신입+경력","명시 없음(원문 확인)","2026-09-03","2026-09-13","모집중","기간제·비정규","검토","제한 문구 미탐지","포털 목록 확인","정상","기관 공고 원문 확인","기관 공고 원문 확인","기관 공고 원문 확인","기관 공고 원문 확인","https://job.cleaneye.go.kr/user/ypRecruitment.do"
"CE-166","Cleaneye Job+","대전광역시시설관리공단","대전추모공원 일용직근로자 채용 공고","대전광역시","기간제","신입","대전광역시","2026-09-03","2026-09-11","모집중","기간제·비정규","검토","제한 문구 미탐지","포털 목록 확인","정상","기관 공고 원문 확인","기관 공고 원문 확인","기관 공고 원문 확인","기관 공고 원문 확인","https://job.cleaneye.go.kr/user/ypRecruitment.do"
"CE-167","Cleaneye Job+","성북문화재단","(제26-25호)성북문화재단 정규직 채용 공고(8급-사서-전산사서)","서울특별시","일반정규직","신입","명시 없음(원문 확인)","2026-09-03","2026-09-09","모집중","정규직(세부 확인)","검토","제한 문구 미탐지","포털 목록 확인","정상","기관 공고 원문 확인","기관 공고 원문 확인","기관 공고 원문 확인","기관 공고 원문 확인","https://job.cleaneye.go.kr/user/ypRecruitment.do"
"CE-168","Cleaneye Job+","성북문화재단","(제26-26호)성북문화재단 정규직 채용 공고(8급-문화기획)","서울특별시","일반정규직","신입","명시 없음(원문 확인)","2026-09-03","2026-09-09","모집중","정규직(세부 확인)","검토","제한 문구 미탐지","포털 목록 확인","정상","기관 공고 원문 확인","기관 공고 원문 확인","기관 공고 원문 확인","기관 공고 원문 확인","https://job.cleaneye.go.kr/user/ypRecruitment.do"
"CE-169","Cleaneye Job+","재단법인 해남문화관광재단","해남문화관광재단 2026년 제6차 기간제근로자 채용 공고","전남광주통합특별시","기간제","경력","명시 없음(원문 확인)","2026-09-03","2026-09-10","모집중","기간제·비정규","세부조건 확인","제한 문구 미탐지","포털 목록 확인","정상","기관 공고 원문 확인","기관 공고 원문 확인","기관 공고 원문 확인","기관 공고 원문 확인","https://job.cleaneye.go.kr/user/ypRecruitment.do"
"CE-170","Cleaneye Job+","한국국학진흥원","한국국학진흥원 10월 계약직원 채용 재공고(26.10.1.임용예정)","경상북도","기간제","신입+경력","명시 없음(원문 확인)","2026-09-03","2026-09-14","모집중","기간제·비정규","검토","제한 문구 미탐지","포털 목록 확인","정상","기관 공고 원문 확인","기관 공고 원문 확인","기관 공고 원문 확인","기관 공고 원문 확인","https://job.cleaneye.go.kr/user/ypRecruitment.do"
"CE-171","Cleaneye Job+","대전광역시시설관리공단","무지개복지공장 기간제근로자(환경관리) 공개경쟁채용 공고","대전광역시","기간제","신입","명시 없음(원문 확인)","2026-09-03","2026-09-14","모집중","기간제·비정규","검토","제한 문구 미탐지","포털 목록 확인","정상","기관 공고 원문 확인","기관 공고 원문 확인","기관 공고 원문 확인","기관 공고 원문 확인","https://job.cleaneye.go.kr/user/ypRecruitment.do"
"CE-172","Cleaneye Job+","재단법인 구미문화재단","(재)구미문화재단 2026년 육아휴직 대체인력 기간제 근로자 채용 공고","경상북도","기간제","신입+경력","명시 없음(원문 확인)","2026-09-03","2026-09-14","모집중","기간제·비정규","검토","제한 문구 미탐지","포털 목록 확인","정상","기관 공고 원문 확인","기관 공고 원문 확인","기관 공고 원문 확인","기관 공고 원문 확인","https://job.cleaneye.go.kr/user/ypRecruitment.do"
"CE-173","Cleaneye Job+","구미전자정보기술원","구미전자정보기술원 구미과학관 직원채용공고(2026-250호)","경상북도","기간제","신입+경력","명시 없음(원문 확인)","2026-09-03","2026-09-14","모집중","기간제·비정규","검토","제한 문구 미탐지","포털 목록 확인","정상","기관 공고 원문 확인","기관 공고 원문 확인","기관 공고 원문 확인","기관 공고 원문 확인","https://job.cleaneye.go.kr/user/ypRecruitment.do"
"CE-174","Cleaneye Job+","구미도시공사","2026년 구미도시공사 「청년 체험형 인턴」공개경쟁채용 공고","경상북도","인턴","신입","경상북도 구미","2026-09-03","2026-09-09","모집중","체험형·청년인턴","우선검토","제한 문구 미탐지","포털 목록 확인","정상","기관 공고 원문 확인","기관 공고 원문 확인","기관 공고 원문 확인","기관 공고 원문 확인","https://job.cleaneye.go.kr/user/ypRecruitment.do"
"CE-175","Cleaneye Job+","전북특별자치도 남원의료원","전북특별자치도 남원의료원 간호사(2027년 졸업예정자) 채용시험 공고","전북특별자치도","일반정규직","신입","명시 없음(원문 확인)","2026-09-03","2026-09-23","모집중","경력·전문직","경력·전문 우선","제한 문구 미탐지","포털 목록 확인","정상","기관 공고 원문 확인","기관 공고 원문 확인","기관 공고 원문 확인","기관 공고 원문 확인","https://job.cleaneye.go.kr/user/ypRecruitment.do"
"CE-176","Cleaneye Job+","재단법인 성북복지재단","재단법인 성북복지재단 직원 채용 공고(기간제)","서울특별시","기간제","신입+경력","명시 없음(원문 확인)","2026-09-03","2026-09-13","모집중","기간제·비정규","검토","제한 문구 미탐지","포털 목록 확인","정상","기관 공고 원문 확인","기관 공고 원문 확인","기관 공고 원문 확인","기관 공고 원문 확인","https://job.cleaneye.go.kr/user/ypRecruitment.do"
"CE-177","Cleaneye Job+","고양문화재단","(재)고양문화재단 비상임 이사 공개 모집 공고","경기도","비상임","경력","명시 없음(원문 확인)","2026-09-03","2026-09-17","모집중","기타 채용","세부조건 확인","제한 문구 미탐지","포털 목록 확인","정상","기관 공고 원문 확인","기관 공고 원문 확인","기관 공고 원문 확인","기관 공고 원문 확인","https://job.cleaneye.go.kr/user/ypRecruitment.do"
"CE-178","Cleaneye Job+","고양문화재단","(재)고양문화재단 대표이사 채용 공고","경기도","전문계약직","경력","명시 없음(원문 확인)","2026-09-03","2026-09-17","모집중","기타 채용","세부조건 확인","제한 문구 미탐지","포털 목록 확인","정상","기관 공고 원문 확인","기관 공고 원문 확인","기관 공고 원문 확인","기관 공고 원문 확인","https://job.cleaneye.go.kr/user/ypRecruitment.do"
"CE-179","Cleaneye Job+","창원레포츠파크","2026년 창원레포츠파크 제5회 기간제근로자 공개채용 공고","경상남도","기간제","신입","경상남도 창원시","2026-09-03","2026-09-13","모집중","기간제·비정규","검토","제한 문구 미탐지","포털 목록 확인","정상","기관 공고 원문 확인","기관 공고 원문 확인","기관 공고 원문 확인","기관 공고 원문 확인","https://job.cleaneye.go.kr/user/ypRecruitment.do"
"CE-180","Cleaneye Job+","고양문화재단","(재)고양문화재단 비상임 감사 공개 모집 공고","경기도","비상임","경력","명시 없음(원문 확인)","2026-09-03","2026-09-17","모집중","경력·전문직","경력·전문 우선","제한 문구 미탐지","포털 목록 확인","정상","기관 공고 원문 확인","기관 공고 원문 확인","기관 공고 원문 확인","기관 공고 원문 확인","https://job.cleaneye.go.kr/user/ypRecruitment.do"
"CE-181","Cleaneye Job+","수성문화재단","2026년 (재)수성문화재단 문화도시본부 관광진흥센터 고모역 복합문화공간 기간제 근로자 공개채용 재공고","대구광역시","기간제","신입+경력","명시 없음(원문 확인)","2026-09-03","2026-09-13","모집중","기간제·비정규","검토","제한 문구 미탐지","포털 목록 확인","정상","기관 공고 원문 확인","기관 공고 원문 확인","기관 공고 원문 확인","기관 공고 원문 확인","https://job.cleaneye.go.kr/user/ypRecruitment.do"
"CE-182","Cleaneye Job+","재단법인 제주특별자치도 사회서비스원","2026년 제주특별자치도사회서비스원 14차 채용 공고","제주특별자치도","기간제","신입+경력","명시 없음(원문 확인)","2026-09-03","2026-09-18","모집중","기간제·비정규","검토","제한 문구 미탐지","포털 목록 확인","정상","기관 공고 원문 확인","기관 공고 원문 확인","기관 공고 원문 확인","기관 공고 원문 확인","https://job.cleaneye.go.kr/user/ypRecruitment.do"
"CE-183","Cleaneye Job+","성북문화재단","(제26-23호)성북문화재단 정규직 채용 공고(8급-시설관리-기계)","서울특별시","일반정규직","신입","명시 없음(원문 확인)","2026-09-03","2026-09-09","모집중","정규직(세부 확인)","검토","제한 문구 미탐지","포털 목록 확인","정상","기관 공고 원문 확인","기관 공고 원문 확인","기관 공고 원문 확인","기관 공고 원문 확인","https://job.cleaneye.go.kr/user/ypRecruitment.do"
"CE-184","Cleaneye Job+","강북문화재단","(재)강북문화재단 임원(비상임이사) 공개모집 공고","서울특별시","비상임","경력","명시 없음(원문 확인)","2026-09-03","2026-09-18","모집중","경력·전문직","경력·전문 우선","제한 문구 미탐지","포털 목록 확인","정상","기관 공고 원문 확인","기관 공고 원문 확인","기관 공고 원문 확인","기관 공고 원문 확인","https://job.cleaneye.go.kr/user/ypRecruitment.do"
"CE-185","Cleaneye Job+","강원특별자치도삼척의료원","공고2026-59 간호사(공무직) 채용 공고","강원특별자치도","무기계약직","신입+경력","명시 없음(원문 확인)","2026-09-03","2026-09-14","모집중","경력·전문직","경력·전문 우선","제한 문구 미탐지","포털 목록 확인","정상","기관 공고 원문 확인","기관 공고 원문 확인","기관 공고 원문 확인","기관 공고 원문 확인","https://job.cleaneye.go.kr/user/ypRecruitment.do"
"CE-186","Cleaneye Job+","제주관광공사","제주관광공사 비상임이사 공개모집 공고","제주특별자치도","비상임","경력","명시 없음(원문 확인)","2026-09-03","2026-09-17","모집중","기타 채용","세부조건 확인","제한 문구 미탐지","포털 목록 확인","정상","기관 공고 원문 확인","기관 공고 원문 확인","기관 공고 원문 확인","기관 공고 원문 확인","https://job.cleaneye.go.kr/user/ypRecruitment.do"
"CE-187","Cleaneye Job+","성북문화재단","(제26-24호)성북문화재단 정규직 채용 공고(8급-사서)","서울특별시","일반정규직","신입","명시 없음(원문 확인)","2026-09-03","2026-09-09","모집중","정규직(세부 확인)","검토","제한 문구 미탐지","포털 목록 확인","정상","기관 공고 원문 확인","기관 공고 원문 확인","기관 공고 원문 확인","기관 공고 원문 확인","https://job.cleaneye.go.kr/user/ypRecruitment.do"
"CE-188","Cleaneye Job+","나주시농업농촌융복합산업진흥재단","나주농업진흥재단 로컬푸드지원센터 기간제근로자 채용(결원 충원) 공고","전남광주통합특별시","기간제","신입","명시 없음(원문 확인)","2026-09-03","2026-09-14","모집중","기간제·비정규","검토","제한 문구 미탐지","포털 목록 확인","정상","기관 공고 원문 확인","기관 공고 원문 확인","기관 공고 원문 확인","기관 공고 원문 확인","https://job.cleaneye.go.kr/user/ypRecruitment.do"
"CE-189","Cleaneye Job+","고양시청소년재단","고양시청소년재단 2026년 제5차 기간제근로자 채용 공고","경기도","기간제","신입","명시 없음(원문 확인)","2026-09-03","2026-09-13","모집중","기간제·비정규","검토","제한 문구 미탐지","포털 목록 확인","정상","기관 공고 원문 확인","기관 공고 원문 확인","기관 공고 원문 확인","기관 공고 원문 확인","https://job.cleaneye.go.kr/user/ypRecruitment.do"
"CE-190","Cleaneye Job+","재단법인 연수구청소년재단","2026년 연수구청소년센터 기간제(수영강사) 직원 채용 공고","인천광역시","기간제","신입+경력","명시 없음(원문 확인)","2026-09-03","2026-09-12","모집중","기간제·비정규","검토","제한 문구 미탐지","포털 목록 확인","정상","기관 공고 원문 확인","기관 공고 원문 확인","기관 공고 원문 확인","기관 공고 원문 확인","https://job.cleaneye.go.kr/user/ypRecruitment.do"
"CE-191","Cleaneye Job+","재단법인 경남항노화연구원","재단법인 경남항노화연구원 원장 공개모집 공고","경상남도","전문계약직","신입+경력","명시 없음(원문 확인)","2026-09-03","2026-09-18","모집중","경력·전문직","경력·전문 우선","제한 문구 미탐지","포털 목록 확인","정상","기관 공고 원문 확인","기관 공고 원문 확인","기관 공고 원문 확인","기관 공고 원문 확인","https://job.cleaneye.go.kr/user/ypRecruitment.do"
"CE-192","Cleaneye Job+","부산문화재단","2026년도 하반기 정규직원 채용공고","부산광역시","일반정규직","신입","명시 없음(원문 확인)","2026-09-03","2026-09-23","모집중","정규직(세부 확인)","검토","제한 문구 미탐지","포털 목록 확인","정상","기관 공고 원문 확인","기관 공고 원문 확인","기관 공고 원문 확인","기관 공고 원문 확인","https://job.cleaneye.go.kr/user/ypRecruitment.do"
"CE-193","Cleaneye Job+","전북특별자치도 남원의료원","전북특별자치도 남원의료원 간호사(2027년 졸업예정자) 채용시험 변경 공고","전북특별자치도","일반정규직","신입","명시 없음(원문 확인)","2026-09-03","2026-09-23","모집중","경력·전문직","경력·전문 우선","제한 문구 미탐지","포털 목록 확인","정상","기관 공고 원문 확인","기관 공고 원문 확인","기관 공고 원문 확인","기관 공고 원문 확인","https://job.cleaneye.go.kr/user/ypRecruitment.do"
"CE-194","Cleaneye Job+","재단법인 전남인재평생교육진흥원","2026년 제1차 전남인재평생교육진흥원 기간제근로자(출산휴가 및 육아휴직 대체인력) 채용 공고","전남광주통합특별시","일반계약직","신입","명시 없음(원문 확인)","2026-09-03","2026-09-15","모집중","기간제·비정규","검토","제한 문구 미탐지","포털 목록 확인","정상","기관 공고 원문 확인","기관 공고 원문 확인","기관 공고 원문 확인","기관 공고 원문 확인","https://job.cleaneye.go.kr/user/ypRecruitment.do"
"CE-195","Cleaneye Job+","재단법인 전남인재평생교육진흥원","전남광주학숙 관장 공개모집 공고","전남광주통합특별시","전문계약직","경력","명시 없음(원문 확인)","2026-09-03","2026-09-22","모집중","기타 채용","세부조건 확인","제한 문구 미탐지","포털 목록 확인","정상","기관 공고 원문 확인","기관 공고 원문 확인","기관 공고 원문 확인","기관 공고 원문 확인","https://job.cleaneye.go.kr/user/ypRecruitment.do"
"CE-196","Cleaneye Job+","인천광역시제물포구시설관리공단","2026년 제3회 제물포구국민체육센터 체육(수영) 시간강사 채용 공고","인천광역시","기간제","신입","명시 없음(원문 확인)","2026-09-03","2026-09-09","모집중","기간제·비정규","검토","제한 문구 미탐지","포털 목록 확인","정상","기관 공고 원문 확인","기관 공고 원문 확인","기관 공고 원문 확인","기관 공고 원문 확인","https://job.cleaneye.go.kr/user/ypRecruitment.do"
"CE-197","Cleaneye Job+","재단법인 성북복지재단","재단법인 성북복지재단 직원 채용 공고(정규직)","서울특별시","일반정규직","경력","명시 없음(원문 확인)","2026-09-03","2026-09-13","모집중","정규직(세부 확인)","세부조건 확인","제한 문구 미탐지","포털 목록 확인","정상","기관 공고 원문 확인","기관 공고 원문 확인","기관 공고 원문 확인","기관 공고 원문 확인","https://job.cleaneye.go.kr/user/ypRecruitment.do"
"CE-198","Cleaneye Job+","구미전자정보기술원","구미전자정보기술원 3차 계약직 직원채용공고(2026-248호)","경상북도","기간제","신입+경력","명시 없음(원문 확인)","2026-09-03","2026-09-14","모집중","기간제·비정규","검토","제한 문구 미탐지","포털 목록 확인","정상","기관 공고 원문 확인","기관 공고 원문 확인","기관 공고 원문 확인","기관 공고 원문 확인","https://job.cleaneye.go.kr/user/ypRecruitment.do"
"CE-199","Cleaneye Job+","구미전자정보기술원","구미전자정보기술원 장애인 계약직 직원채용공고(2026-249호)","경상북도","기간제","신입+경력","명시 없음(원문 확인)","2026-09-03","2026-09-14","모집중","기간제·비정규","검토","제한 문구 미탐지","포털 목록 확인","정상","기관 공고 원문 확인","기관 공고 원문 확인","기관 공고 원문 확인","기관 공고 원문 확인","https://job.cleaneye.go.kr/user/ypRecruitment.do"
"CE-200","Cleaneye Job+","구미도시공사","구미도시공사 임원(상임이사·비상임이사) 공개모집 공고","경상북도","일반계약직","신입+경력","명시 없음(원문 확인)","2026-09-03","2026-09-18","모집중","경력·전문직","경력·전문 우선","제한 문구 미탐지","포털 목록 확인","정상","기관 공고 원문 확인","기관 공고 원문 확인","기관 공고 원문 확인","기관 공고 원문 확인","https://job.cleaneye.go.kr/user/ypRecruitment.do"
"CE-201","Cleaneye Job+","성동문화재단","성동12호점 우리동네키움센터 서울숲아이꿈누리터 기간제 근로자(육아휴직 대체) 채용 공고","서울특별시","기간제","신입+경력","명시 없음(원문 확인)","2026-09-03","2026-09-17","모집중","기간제·비정규","검토","제한 문구 미탐지","포털 목록 확인","정상","기관 공고 원문 확인","기관 공고 원문 확인","기관 공고 원문 확인","기관 공고 원문 확인","https://job.cleaneye.go.kr/user/ypRecruitment.do"
"CE-202","Cleaneye Job+","양산시인재육성장학재단","(재)양산시인재육성장학재단 기간제근로자 채용 공고","경상남도","기간제","신입+경력","명시 없음(원문 확인)","2026-09-03","2026-09-11","모집중","기간제·비정규","검토","제한 문구 미탐지","포털 목록 확인","정상","기관 공고 원문 확인","기관 공고 원문 확인","기관 공고 원문 확인","기관 공고 원문 확인","https://job.cleaneye.go.kr/user/ypRecruitment.do"
"CE-203","Cleaneye Job+","서울특별시농수산식품공사","2026년도 하반기 서울특별시농수산식품공사 체험형 청년인턴 채용 공고","서울특별시","인턴","신입","명시 없음(원문 확인)","2026-09-03","2026-09-14","모집중","체험형·청년인턴","우선검토","제한 문구 미탐지","포털 목록 확인","정상","기관 공고 원문 확인","기관 공고 원문 확인","기관 공고 원문 확인","기관 공고 원문 확인","https://job.cleaneye.go.kr/user/ypRecruitment.do"
"CE-204","Cleaneye Job+","제주특별자치도개발공사","제주특별자치도개발공사 비상임이사 공개모집 공고","제주특별자치도","비상임","경력","명시 없음(원문 확인)","2026-09-03","2026-09-18","모집중","기타 채용","세부조건 확인","제한 문구 미탐지","포털 목록 확인","정상","기관 공고 원문 확인","기관 공고 원문 확인","기관 공고 원문 확인","기관 공고 원문 확인","https://job.cleaneye.go.kr/user/ypRecruitment.do"
"CE-205","Cleaneye Job+","아산문화재단","2026년 제8회 (재)아산문화재단 계약직 직원 경력경쟁 채용 공고","충청남도","일반계약직","경력","명시 없음(원문 확인)","2026-09-03","2026-09-11","모집중","제한경쟁·조건부","조건 충족자만","제한경쟁","포털 목록 확인","정상","기관 공고 원문 확인","기관 공고 원문 확인","기관 공고 원문 확인","기관 공고 원문 확인","https://job.cleaneye.go.kr/user/ypRecruitment.do"
"CE-206","Cleaneye Job+","강원특별자치도영월의료원","장례식장 조리원 공개경쟁 채용 재공고(계약직)","강원특별자치도","기간제","신입+경력","명시 없음(원문 확인)","2026-09-02","2026-09-14","모집중","기간제·비정규","검토","제한 문구 미탐지","포털 목록 확인","정상","기관 공고 원문 확인","기관 공고 원문 확인","기관 공고 원문 확인","기관 공고 원문 확인","https://job.cleaneye.go.kr/user/ypRecruitment.do"
"CE-207","Cleaneye Job+","서귀포의료원","직원 모집 공고-간호직(간호사)","제주특별자치도","일반정규직","신입+경력","명시 없음(원문 확인)","2026-09-02","2026-09-10","모집중","경력·전문직","경력·전문 우선","제한 문구 미탐지","포털 목록 확인","정상","기관 공고 원문 확인","기관 공고 원문 확인","기관 공고 원문 확인","기관 공고 원문 확인","https://job.cleaneye.go.kr/user/ypRecruitment.do"
"CE-208","Cleaneye Job+","성남시의료원","2026년 제11회 성남시의료원 직원채용 모집 공고","경기도","일반계약직","신입+경력","명시 없음(원문 확인)","2026-09-02","2026-09-13","모집중","기타 채용","검토","제한 문구 미탐지","포털 목록 확인","정상","기관 공고 원문 확인","기관 공고 원문 확인","기관 공고 원문 확인","기관 공고 원문 확인","https://job.cleaneye.go.kr/user/ypRecruitment.do"
"CE-209","Cleaneye Job+","강원특별자치도영월의료원","업무지원인력 공개경쟁 채용 재공고(계약직_약제과)","강원특별자치도","기간제","신입+경력","명시 없음(원문 확인)","2026-09-02","2026-09-14","모집중","기간제·비정규","검토","제한 문구 미탐지","포털 목록 확인","정상","기관 공고 원문 확인","기관 공고 원문 확인","기관 공고 원문 확인","기관 공고 원문 확인","https://job.cleaneye.go.kr/user/ypRecruitment.do"
"CE-210","Cleaneye Job+","강원특별자치도영월의료원","간호조무사 공개경쟁 채용 재공고(기능직)","강원특별자치도","일반정규직","신입+경력","명시 없음(원문 확인)","2026-09-02","2026-09-14","모집중","정규직(세부 확인)","검토","제한 문구 미탐지","포털 목록 확인","정상","기관 공고 원문 확인","기관 공고 원문 확인","기관 공고 원문 확인","기관 공고 원문 확인","https://job.cleaneye.go.kr/user/ypRecruitment.do"
"CE-211","Cleaneye Job+","재단법인 울산광역시 복지가족진흥사회서비스원","울산광역시 복지가족진흥사회서비스원 선임직 이사 공개모집 공고","울산광역시","비상임","경력","명시 없음(원문 확인)","2026-09-02","2026-09-15","모집중","기타 채용","세부조건 확인","제한 문구 미탐지","포털 목록 확인","정상","기관 공고 원문 확인","기관 공고 원문 확인","기관 공고 원문 확인","기관 공고 원문 확인","https://job.cleaneye.go.kr/user/ypRecruitment.do"
"CE-212","Cleaneye Job+","고양도시관리공사","고양환경에너지시설 기간제 직원 채용 공고","경기도","기간제","경력","명시 없음(원문 확인)","2026-09-02","2026-09-11","모집중","기간제·비정규","세부조건 확인","제한 문구 미탐지","포털 목록 확인","정상","기관 공고 원문 확인","기관 공고 원문 확인","기관 공고 원문 확인","기관 공고 원문 확인","https://job.cleaneye.go.kr/user/ypRecruitment.do"
"CE-213","Cleaneye Job+","충청북도기업진흥원","(재)충청북도기업진흥원 임원 초빙 공고","충청북도","일반정규직","경력","명시 없음(원문 확인)","2026-09-02","2026-09-16","모집중","경력·전문직","경력·전문 우선","제한 문구 미탐지","포털 목록 확인","정상","기관 공고 원문 확인","기관 공고 원문 확인","기관 공고 원문 확인","기관 공고 원문 확인","https://job.cleaneye.go.kr/user/ypRecruitment.do"
"CE-214","Cleaneye Job+","재단법인 강원특별자치도 사회서비스원","2026년 제6차 강원특별자치도 사회서비스원 기간제 계약직 채용공고","강원특별자치도","기간제","신입+경력","강원특별자치도","2026-09-02","2026-09-15","모집중","기간제·비정규","검토","제한 문구 미탐지","포털 목록 확인","정상","기관 공고 원문 확인","기관 공고 원문 확인","기관 공고 원문 확인","기관 공고 원문 확인","https://job.cleaneye.go.kr/user/ypRecruitment.do"
"CE-215","Cleaneye Job+","고양연구원","제5대 고양연구원장 공개모집 공고","경기도","기간제","경력","명시 없음(원문 확인)","2026-09-02","2026-09-17","모집중","경력·전문직","경력·전문 우선","제한 문구 미탐지","포털 목록 확인","정상","기관 공고 원문 확인","기관 공고 원문 확인","기관 공고 원문 확인","기관 공고 원문 확인","https://job.cleaneye.go.kr/user/ypRecruitment.do"
"CE-216","Cleaneye Job+","강원특별자치도영월의료원","사회복지사 공개경쟁 채용 재공고(계약직_공공의료과)","강원특별자치도","기간제","신입+경력","명시 없음(원문 확인)","2026-09-02","2026-09-14","모집중","기간제·비정규","검토","제한 문구 미탐지","포털 목록 확인","정상","기관 공고 원문 확인","기관 공고 원문 확인","기관 공고 원문 확인","기관 공고 원문 확인","https://job.cleaneye.go.kr/user/ypRecruitment.do"
"CE-217","Cleaneye Job+","강원특별자치도영월의료원","간호사 공개경쟁 채용 재공고(계약직_건강검진팀)","강원특별자치도","기간제","신입+경력","명시 없음(원문 확인)","2026-09-02","2026-09-14","모집중","경력·전문직","경력·전문 우선","제한 문구 미탐지","포털 목록 확인","정상","기관 공고 원문 확인","기관 공고 원문 확인","기관 공고 원문 확인","기관 공고 원문 확인","https://job.cleaneye.go.kr/user/ypRecruitment.do"
"CE-218","Cleaneye Job+","강원특별자치도영월의료원","간호사(연구보조원) 공개경쟁 채용 재공고(계약직_전략기획팀)","강원특별자치도","기간제","신입+경력","명시 없음(원문 확인)","2026-09-02","2026-09-14","모집중","경력·전문직","경력·전문 우선","제한 문구 미탐지","포털 목록 확인","정상","기관 공고 원문 확인","기관 공고 원문 확인","기관 공고 원문 확인","기관 공고 원문 확인","https://job.cleaneye.go.kr/user/ypRecruitment.do"
"CE-219","Cleaneye Job+","강원특별자치도영월의료원","조리원 공개경쟁 채용 재공고(공무직)","강원특별자치도","일반정규직","신입+경력","명시 없음(원문 확인)","2026-09-02","2026-09-14","모집중","정규직(세부 확인)","검토","제한 문구 미탐지","포털 목록 확인","정상","기관 공고 원문 확인","기관 공고 원문 확인","기관 공고 원문 확인","기관 공고 원문 확인","https://job.cleaneye.go.kr/user/ypRecruitment.do"
"CE-220","Cleaneye Job+","구로문화재단","구로문화재단 육아휴직 대체 기간제 공개경쟁채용 모집공고(재공고)","서울특별시","기간제","신입","명시 없음(원문 확인)","2026-09-02","2026-09-12","모집중","기간제·비정규","검토","제한 문구 미탐지","포털 목록 확인","정상","기관 공고 원문 확인","기관 공고 원문 확인","기관 공고 원문 확인","기관 공고 원문 확인","https://job.cleaneye.go.kr/user/ypRecruitment.do"
"CE-221","Cleaneye Job+","강원특별자치도영월의료원","소화기내과 전문의 공개경쟁 채용 재공고","강원특별자치도","일반정규직","신입+경력","명시 없음(원문 확인)","2026-09-02","2026-09-14","모집중","경력·전문직","경력·전문 우선","제한 문구 미탐지","포털 목록 확인","정상","기관 공고 원문 확인","기관 공고 원문 확인","기관 공고 원문 확인","기관 공고 원문 확인","https://job.cleaneye.go.kr/user/ypRecruitment.do"
"CE-222","Cleaneye Job+","강원특별자치도영월의료원","간호사 공개경쟁 채용 재공고(간호직)","강원특별자치도","일반정규직","신입+경력","명시 없음(원문 확인)","2026-09-02","2026-09-14","모집중","경력·전문직","경력·전문 우선","제한 문구 미탐지","포털 목록 확인","정상","기관 공고 원문 확인","기관 공고 원문 확인","기관 공고 원문 확인","기관 공고 원문 확인","https://job.cleaneye.go.kr/user/ypRecruitment.do"
"CE-223","Cleaneye Job+","강원특별자치도영월의료원","응급의학과 전문의 공개경쟁 채용 재공고","강원특별자치도","일반정규직","신입+경력","명시 없음(원문 확인)","2026-09-02","2026-09-14","모집중","경력·전문직","경력·전문 우선","제한 문구 미탐지","포털 목록 확인","정상","기관 공고 원문 확인","기관 공고 원문 확인","기관 공고 원문 확인","기관 공고 원문 확인","https://job.cleaneye.go.kr/user/ypRecruitment.do"
"CE-224","Cleaneye Job+","강원특별자치도영월의료원","응급실 전담의 공개경쟁 채용 재공고","강원특별자치도","일반정규직","신입+경력","명시 없음(원문 확인)","2026-09-02","2026-09-14","모집중","정규직(세부 확인)","검토","제한 문구 미탐지","포털 목록 확인","정상","기관 공고 원문 확인","기관 공고 원문 확인","기관 공고 원문 확인","기관 공고 원문 확인","https://job.cleaneye.go.kr/user/ypRecruitment.do"
"CE-225","Cleaneye Job+","강원특별자치도영월의료원","소아청소년과 전문의 공개경쟁 채용 재공고","강원특별자치도","일반정규직","신입+경력","명시 없음(원문 확인)","2026-09-02","2026-09-14","모집중","경력·전문직","경력·전문 우선","제한 문구 미탐지","포털 목록 확인","정상","기관 공고 원문 확인","기관 공고 원문 확인","기관 공고 원문 확인","기관 공고 원문 확인","https://job.cleaneye.go.kr/user/ypRecruitment.do"
"CE-226","Cleaneye Job+","서귀포의료원","직원 수시모집 공고 - 의사직(치과)","제주특별자치도","일반정규직","신입+경력","명시 없음(원문 확인)","2026-09-02","2026-09-10","모집중","정규직(세부 확인)","검토","제한 문구 미탐지","포털 목록 확인","정상","기관 공고 원문 확인","기관 공고 원문 확인","기관 공고 원문 확인","기관 공고 원문 확인","https://job.cleaneye.go.kr/user/ypRecruitment.do"
"CE-227","Cleaneye Job+","서울의료원","2026년 제45회 기간제근로자 조리원(휴직대체) 직원 모집 공고","서울특별시","기간제","신입","명시 없음(원문 확인)","2026-09-01","2026-09-11","모집중","기간제·비정규","검토","제한 문구 미탐지","포털 목록 확인","정상","기관 공고 원문 확인","기관 공고 원문 확인","기관 공고 원문 확인","기관 공고 원문 확인","https://job.cleaneye.go.kr/user/ypRecruitment.do"
"CE-228","Cleaneye Job+","경상북도안동의료원","관리직 시설관리사(정규직) 채용 공고","경상북도","일반정규직","신입+경력","명시 없음(원문 확인)","2026-09-01","2026-09-13","모집중","정규직(세부 확인)","검토","제한 문구 미탐지","포털 목록 확인","정상","기관 공고 원문 확인","기관 공고 원문 확인","기관 공고 원문 확인","기관 공고 원문 확인","https://job.cleaneye.go.kr/user/ypRecruitment.do"
"CE-229","Cleaneye Job+","서초여성일자리주식회사","2026년 하반기 4차 경영지원(사원), 사업관리(주임) 직원채용 공고","서울특별시","기간제","신입+경력","명시 없음(원문 확인)","2026-09-01","2026-09-13","모집중","기간제·비정규","검토","제한 문구 미탐지","포털 목록 확인","정상","기관 공고 원문 확인","기관 공고 원문 확인","기관 공고 원문 확인","기관 공고 원문 확인","https://job.cleaneye.go.kr/user/ypRecruitment.do"
"CE-230","Cleaneye Job+","광주환경공단","광주환경공단 임원(본부장, 비상임이사) 모집공고","","일반정규직","경력","명시 없음(원문 확인)","2026-09-01","2026-09-16","모집중","경력·전문직","경력·전문 우선","제한 문구 미탐지","포털 목록 확인","정상","기관 공고 원문 확인","기관 공고 원문 확인","기관 공고 원문 확인","기관 공고 원문 확인","https://job.cleaneye.go.kr/user/ypRecruitment.do"
"CE-231","Cleaneye Job+","부산관광공사","부산관광공사 일반계약직(9차) 제한경쟁 공개채용 공고(제2026-138호)","부산광역시","일반계약직","신입+경력","명시 없음(원문 확인)","2026-09-01","2026-09-11","모집중","제한경쟁·조건부","조건 충족자만","제한경쟁","포털 목록 확인","정상","기관 공고 원문 확인","기관 공고 원문 확인","기관 공고 원문 확인","기관 공고 원문 확인","https://job.cleaneye.go.kr/user/ypRecruitment.do"
"CE-232","Cleaneye Job+","중구시설관리공단","사회서비스시설(보육) 직원 채용 공고","서울특별시","기간제","신입+경력","명시 없음(원문 확인)","2026-09-01","2026-09-11","모집중","기간제·비정규","검토","제한 문구 미탐지","포털 목록 확인","정상","기관 공고 원문 확인","기관 공고 원문 확인","기관 공고 원문 확인","기관 공고 원문 확인","https://job.cleaneye.go.kr/user/ypRecruitment.do"
"CE-233","Cleaneye Job+","서울의료원","2026년 제29회 정규직 조리원 직원 모집 공고","서울특별시","일반정규직","신입","명시 없음(원문 확인)","2026-09-01","2026-09-11","모집중","정규직(세부 확인)","검토","제한 문구 미탐지","포털 목록 확인","정상","기관 공고 원문 확인","기관 공고 원문 확인","기관 공고 원문 확인","기관 공고 원문 확인","https://job.cleaneye.go.kr/user/ypRecruitment.do"
"CE-234","Cleaneye Job+","서울의료원","2026년 제46회 기간제근로자 보조원(장애인 제한경쟁_동료지원인) 직원 모집 공고","서울특별시","기간제","신입","명시 없음(원문 확인)","2026-09-01","2026-09-11","모집중","제한경쟁·조건부","조건 충족자만","장애 관련 제한경쟁","포털 목록 확인","정상","기관 공고 원문 확인","기관 공고 원문 확인","기관 공고 원문 확인","기관 공고 원문 확인","https://job.cleaneye.go.kr/user/ypRecruitment.do"
"CE-235","Cleaneye Job+","중구시설관리공단","사회서비스시설(보육) 기간제 보훈특별고용 채용 공고","서울특별시","기간제","신입+경력","명시 없음(원문 확인)","2026-09-01","2026-09-11","모집중","제한경쟁·조건부","조건 충족자만","보훈 관련 제한경쟁","포털 목록 확인","정상","기관 공고 원문 확인","기관 공고 원문 확인","기관 공고 원문 확인","기관 공고 원문 확인","https://job.cleaneye.go.kr/user/ypRecruitment.do"
"CE-236","Cleaneye Job+","중구시설관리공단","사회서비스시설(보육) 기간제 장애인근로자 채용 공고","서울특별시","기간제","신입+경력","명시 없음(원문 확인)","2026-09-01","2026-09-11","모집중","기간제·비정규","검토","제한 문구 미탐지","포털 목록 확인","정상","기관 공고 원문 확인","기관 공고 원문 확인","기관 공고 원문 확인","기관 공고 원문 확인","https://job.cleaneye.go.kr/user/ypRecruitment.do"
"CE-237","Cleaneye Job+","제주테크노파크","2026년도 제주특별자치도 제2회 공공기관 통합채용(제주테크노파크 2026년도 제4차 직원(정규직 전환형)) 공고","제주특별자치도","일반정규직","신입+경력","명시 없음(원문 확인)","2026-09-01","2026-09-22","모집중","정규직(세부 확인)","검토","제한 문구 미탐지","포털 목록 확인","정상","기관 공고 원문 확인","기관 공고 원문 확인","기관 공고 원문 확인","기관 공고 원문 확인","https://job.cleaneye.go.kr/user/ypRecruitment.do"
"CE-238","Cleaneye Job+","서울의료원","2026년 제44회 기간제근로자 연구원(공공보건의료지원단) 직원 모집 공고","서울특별시","기간제","신입","명시 없음(원문 확인)","2026-09-01","2026-09-11","모집중","기간제·비정규","검토","제한 문구 미탐지","포털 목록 확인","정상","기관 공고 원문 확인","기관 공고 원문 확인","기관 공고 원문 확인","기관 공고 원문 확인","https://job.cleaneye.go.kr/user/ypRecruitment.do"
"CE-239","Cleaneye Job+","세종특별자치시시설관리공단","2026년 세종특별자치시시설관리공단 제2기 임원(비상임이사) 공개모집 공고","세종특별자치시","비상임","경력","명시 없음(원문 확인)","2026-09-01","2026-09-16","모집중","경력·전문직","경력·전문 우선","제한 문구 미탐지","포털 목록 확인","정상","기관 공고 원문 확인","기관 공고 원문 확인","기관 공고 원문 확인","기관 공고 원문 확인","https://job.cleaneye.go.kr/user/ypRecruitment.do"
"CE-240","Cleaneye Job+","재단법인 전라남도중소기업일자리경제진흥원","2026년 제5차 계약직 직원 채용 재공고","전남광주통합특별시","일반계약직","신입+경력","명시 없음(원문 확인)","2026-09-01","2026-09-09","모집중","기타 채용","검토","제한 문구 미탐지","포털 목록 확인","정상","기관 공고 원문 확인","기관 공고 원문 확인","기관 공고 원문 확인","기관 공고 원문 확인","https://job.cleaneye.go.kr/user/ypRecruitment.do"
"CE-241","Cleaneye Job+","재단법인 전라남도중소기업일자리경제진흥원","2026년 제6차 계약직 직원 채용 공고","전남광주통합특별시","일반계약직","신입+경력","명시 없음(원문 확인)","2026-09-01","2026-09-09","모집중","기타 채용","검토","제한 문구 미탐지","포털 목록 확인","정상","기관 공고 원문 확인","기관 공고 원문 확인","기관 공고 원문 확인","기관 공고 원문 확인","https://job.cleaneye.go.kr/user/ypRecruitment.do"
"CE-242","Cleaneye Job+","부산정보산업진흥원","재)부산정보산업진흥원 2026년 4차 계약직(일반(5급 육휴대체)) 채용 공고","부산광역시","일반계약직","신입+경력","명시 없음(원문 확인)","2026-09-01","2026-09-14","모집중","기타 채용","검토","제한 문구 미탐지","포털 목록 확인","정상","기관 공고 원문 확인","기관 공고 원문 확인","기관 공고 원문 확인","기관 공고 원문 확인","https://job.cleaneye.go.kr/user/ypRecruitment.do"
"CE-243","Cleaneye Job+","충남테크노파크","2026년 충남테크노파크 제3차 직원(계약직) 채용 공고","충청남도","기간제","신입+경력","명시 없음(원문 확인)","2026-09-01","2026-09-10","모집중","기간제·비정규","검토","제한 문구 미탐지","포털 목록 확인","정상","기관 공고 원문 확인","기관 공고 원문 확인","기관 공고 원문 확인","기관 공고 원문 확인","https://job.cleaneye.go.kr/user/ypRecruitment.do"
"CE-244","Cleaneye Job+","중랑구시설관리공단","[중랑스포츠클라이밍경기장] 클라이밍 강습 시간강사 채용공고","서울특별시","기간제","신입+경력","명시 없음(원문 확인)","2026-09-01","2026-09-11","모집중","기간제·비정규","검토","제한 문구 미탐지","포털 목록 확인","정상","기관 공고 원문 확인","기관 공고 원문 확인","기관 공고 원문 확인","기관 공고 원문 확인","https://job.cleaneye.go.kr/user/ypRecruitment.do"
"CE-245","Cleaneye Job+","재단법인 춘천지역먹거리통합지원센터","2026년 제8회 직원(육아휴직 대체인력/행정지원) 채용 공고","강원특별자치도","기간제","신입","명시 없음(원문 확인)","2026-09-01","2026-09-11","모집중","기간제·비정규","검토","제한 문구 미탐지","포털 목록 확인","정상","기관 공고 원문 확인","기관 공고 원문 확인","기관 공고 원문 확인","기관 공고 원문 확인","https://job.cleaneye.go.kr/user/ypRecruitment.do"
"CE-246","Cleaneye Job+","제주특별자치도경제통상진흥원","2026년 제3회 제주특별자치 공공기관 통합채용 제주특별자치도경제통상진흥원 정규직원 채용 공고","제주특별자치도","무기계약직","신입+경력","제주특별자치도","2026-09-01","2026-09-22","모집중","무기계약·공무직","검토","제한 문구 미탐지","포털 목록 확인","정상","기관 공고 원문 확인","기관 공고 원문 확인","기관 공고 원문 확인","기관 공고 원문 확인","https://job.cleaneye.go.kr/user/ypRecruitment.do"
"CE-247","Cleaneye Job+","목포시의료원","제2026-84호직원 채용 재 공고(전산원)","전남광주통합특별시","기간제","신입+경력","명시 없음(원문 확인)","2026-09-01","2026-09-10","모집중","기간제·비정규","검토","제한 문구 미탐지","포털 목록 확인","정상","기관 공고 원문 확인","기관 공고 원문 확인","기관 공고 원문 확인","기관 공고 원문 확인","https://job.cleaneye.go.kr/user/ypRecruitment.do"
"CE-248","Cleaneye Job+","세종특별자치시시설관리공단","2026년 세종특별자치시시설관리공단 제1기 임원(이사장, 비상임이사) 공개모집 공고","세종특별자치시","전문계약직","경력","명시 없음(원문 확인)","2026-09-01","2026-09-16","모집중","경력·전문직","경력·전문 우선","제한 문구 미탐지","포털 목록 확인","정상","기관 공고 원문 확인","기관 공고 원문 확인","기관 공고 원문 확인","기관 공고 원문 확인","https://job.cleaneye.go.kr/user/ypRecruitment.do"
"CE-249","Cleaneye Job+","강원특별자치도원주의료원","원주의료원 신규직원(간호직 7급_간호사, 보건직 8급 임상병리사) 채용공고","강원특별자치도","일반정규직","신입+경력","명시 없음(원문 확인)","2026-09-01","2026-09-11","모집중","경력·전문직","경력·전문 우선","제한 문구 미탐지","포털 목록 확인","정상","기관 공고 원문 확인","기관 공고 원문 확인","기관 공고 원문 확인","기관 공고 원문 확인","https://job.cleaneye.go.kr/user/ypRecruitment.do"
"CE-250","Cleaneye Job+","전북특별자치도 남원의료원","전북특별자치도 남원의료원 조리운영(시설관리직 8급) 채용시험 재공고","전북특별자치도","일반정규직","신입+경력","명시 없음(원문 확인)","2026-09-01","2026-09-11","모집중","정규직(세부 확인)","검토","제한 문구 미탐지","포털 목록 확인","정상","기관 공고 원문 확인","기관 공고 원문 확인","기관 공고 원문 확인","기관 공고 원문 확인","https://job.cleaneye.go.kr/user/ypRecruitment.do"
"CE-251","Cleaneye Job+","전북특별자치도 남원의료원","전북특별자치도 남원의료원 방사선사(기간제) 육아휴직 대체인력 채용시험 공고","전북특별자치도","기간제","신입+경력","명시 없음(원문 확인)","2026-09-01","2026-09-11","모집중","기간제·비정규","검토","제한 문구 미탐지","포털 목록 확인","정상","기관 공고 원문 확인","기관 공고 원문 확인","기관 공고 원문 확인","기관 공고 원문 확인","https://job.cleaneye.go.kr/user/ypRecruitment.do"
"CE-252","Cleaneye Job+","부산정보산업진흥원","(재)부산정보산업진흥원 2026년 4차 계약직(일반(4급,5급)) 공고","부산광역시","일반계약직","신입+경력","명시 없음(원문 확인)","2026-09-01","2026-09-14","모집중","기타 채용","검토","제한 문구 미탐지","포털 목록 확인","정상","기관 공고 원문 확인","기관 공고 원문 확인","기관 공고 원문 확인","기관 공고 원문 확인","https://job.cleaneye.go.kr/user/ypRecruitment.do"
"CE-253","Cleaneye Job+","대전광역시시설관리공단","대전추모공원 기간제근로자(취사인부) 채용 공고","대전광역시","기간제","신입","대전광역시 서구 괴곡동","2026-09-01","2026-09-11","모집중","기간제·비정규","검토","제한 문구 미탐지","포털 목록 확인","정상","기관 공고 원문 확인","기관 공고 원문 확인","기관 공고 원문 확인","기관 공고 원문 확인","https://job.cleaneye.go.kr/user/ypRecruitment.do"
"CE-254","Cleaneye Job+","전남광주통합특별시북구시설관리공단","전남광주통합특별시북구시설관리공단 임원(이사장,비상임이사) 공개모집 공고","","전문계약직","경력","명시 없음(원문 확인)","2026-09-01","2026-09-16","모집중","경력·전문직","경력·전문 우선","제한 문구 미탐지","포털 목록 확인","정상","기관 공고 원문 확인","기관 공고 원문 확인","기관 공고 원문 확인","기관 공고 원문 확인","https://job.cleaneye.go.kr/user/ypRecruitment.do"
"CE-255","Cleaneye Job+","평택복지재단","평택복지재단 임원(선임직이사 2명) 공개모집 공고","경기도","비상임","신입+경력","명시 없음(원문 확인)","2026-09-01","2026-09-16","모집중","경력·전문직","경력·전문 우선","제한 문구 미탐지","포털 목록 확인","정상","기관 공고 원문 확인","기관 공고 원문 확인","기관 공고 원문 확인","기관 공고 원문 확인","https://job.cleaneye.go.kr/user/ypRecruitment.do"
"CE-256","Cleaneye Job+","재단법인 화성시여성가족청소년재단","2026년도 제5회 직원 채용 공고","경기도","무기계약직","신입","명시 없음(원문 확인)","2026-09-01","2026-09-11","모집중","무기계약·공무직","검토","제한 문구 미탐지","포털 목록 확인","정상","기관 공고 원문 확인","기관 공고 원문 확인","기관 공고 원문 확인","기관 공고 원문 확인","https://job.cleaneye.go.kr/user/ypRecruitment.do"
"CE-257","Cleaneye Job+","강원특별자치도원주의료원","원주의료원 신규직원(기능직 8급_조리사, 기간제근로자 등) 채용공고","강원특별자치도","일반정규직","신입+경력","명시 없음(원문 확인)","2026-09-01","2026-09-11","모집중","신입·정규직","우선검토","제한 문구 미탐지","포털 목록 확인","정상","기관 공고 원문 확인","기관 공고 원문 확인","기관 공고 원문 확인","기관 공고 원문 확인","https://job.cleaneye.go.kr/user/ypRecruitment.do"
"CE-258","Cleaneye Job+","전남정보문화산업진흥원","(재)전라남도정보문화산업진흥원 2026년 제5차 계약직원 채용 공고","전남광주통합특별시","기간제","신입+경력","명시 없음(원문 확인)","2026-08-31","2026-09-10","모집중","기간제·비정규","검토","제한 문구 미탐지","포털 목록 확인","정상","기관 공고 원문 확인","기관 공고 원문 확인","기관 공고 원문 확인","기관 공고 원문 확인","https://job.cleaneye.go.kr/user/ypRecruitment.do"
"CE-259","Cleaneye Job+","부산광역시동구시설관리공단","부산광역시 동구 시설관리공단 이사장 공개모집 공고","부산광역시","일반정규직","신입+경력","명시 없음(원문 확인)","2026-08-31","2026-09-15","모집중","정규직(세부 확인)","검토","제한 문구 미탐지","포털 목록 확인","정상","기관 공고 원문 확인","기관 공고 원문 확인","기관 공고 원문 확인","기관 공고 원문 확인","https://job.cleaneye.go.kr/user/ypRecruitment.do"
"CE-260","Cleaneye Job+","재단법인 의정부도시교육재단","2026년 제3회 (재)의정부도시교육재단 직원공개 채용공고(육아휴직 대체인력)","경기도","기간제","신입+경력","명시 없음(원문 확인)","2026-08-31","2026-09-10","모집중","기간제·비정규","검토","제한 문구 미탐지","포털 목록 확인","정상","기관 공고 원문 확인","기관 공고 원문 확인","기관 공고 원문 확인","기관 공고 원문 확인","https://job.cleaneye.go.kr/user/ypRecruitment.do"
"CE-261","Cleaneye Job+","과천도시공사","공고 제2026-136호 과천도시공사 여가체육부 체육관(농구, 검도)상상하랑(스내그골프)초단시간강사 채용공고 2차","경기도","기간제","신입+경력","명시 없음(원문 확인)","2026-08-31","2026-09-09","모집중","기간제·비정규","검토","제한 문구 미탐지","포털 목록 확인","정상","기관 공고 원문 확인","기관 공고 원문 확인","기관 공고 원문 확인","기관 공고 원문 확인","https://job.cleaneye.go.kr/user/ypRecruitment.do"
"CE-262","Cleaneye Job+","연천군청소년육성재단","2026년 제5회 (재)연천군청소년육성재단 직원 공개채용(방과후아카데미 담임) 재공고","경기도","기간제","신입+경력","명시 없음(원문 확인)","2026-08-31","2026-09-10","모집중","기간제·비정규","검토","제한 문구 미탐지","포털 목록 확인","정상","기관 공고 원문 확인","기관 공고 원문 확인","기관 공고 원문 확인","기관 공고 원문 확인","https://job.cleaneye.go.kr/user/ypRecruitment.do"
"CE-263","Cleaneye Job+","경기도의료원","경기도의료원 파주병원 응급의학과 의사(계약직) 초빙 공고","경기도","전문계약직","신입","명시 없음(원문 확인)","2026-08-31","2026-09-10","모집중","기타 채용","검토","제한 문구 미탐지","포털 목록 확인","정상","기관 공고 원문 확인","기관 공고 원문 확인","기관 공고 원문 확인","기관 공고 원문 확인","https://job.cleaneye.go.kr/user/ypRecruitment.do"
"CE-264","Cleaneye Job+","부산광역시동구시설관리공단","부산광역시 동구 시설관리공단 비상임이사 공개모집 공고","부산광역시","비상임","신입+경력","명시 없음(원문 확인)","2026-08-31","2026-09-15","모집중","기타 채용","세부조건 확인","제한 문구 미탐지","포털 목록 확인","정상","기관 공고 원문 확인","기관 공고 원문 확인","기관 공고 원문 확인","기관 공고 원문 확인","https://job.cleaneye.go.kr/user/ypRecruitment.do"
"CE-265","Cleaneye Job+","종로문화재단","2026년 제7차 종로문화재단 직원 공개모집 공고(문화예술행정)","서울특별시","기간제","경력","명시 없음(원문 확인)","2026-08-31","2026-09-09","모집중","기간제·비정규","세부조건 확인","제한 문구 미탐지","포털 목록 확인","정상","기관 공고 원문 확인","기관 공고 원문 확인","기관 공고 원문 확인","기관 공고 원문 확인","https://job.cleaneye.go.kr/user/ypRecruitment.do"
"CE-266","Cleaneye Job+","(주)킨텍스","제2026-021호 킨텍스 안전관리자(계약직) 채용 공고","경기도","기간제","경력","명시 없음(원문 확인)","2026-08-31","2026-09-11","모집중","기간제·비정규","세부조건 확인","제한 문구 미탐지","포털 목록 확인","정상","기관 공고 원문 확인","기관 공고 원문 확인","기관 공고 원문 확인","기관 공고 원문 확인","https://job.cleaneye.go.kr/user/ypRecruitment.do"
"CE-267","Cleaneye Job+","경기도의료원","경기도의료원 안성병원 신경과 전문의 채용 재공고","경기도","전문계약직","신입+경력","명시 없음(원문 확인)","2026-08-31","2026-09-13","모집중","경력·전문직","경력·전문 우선","제한 문구 미탐지","포털 목록 확인","정상","기관 공고 원문 확인","기관 공고 원문 확인","기관 공고 원문 확인","기관 공고 원문 확인","https://job.cleaneye.go.kr/user/ypRecruitment.do"
"CE-268","Cleaneye Job+","(재)창원산업진흥원","창원산업진흥원장 공개채용 공고","경상남도","전문계약직","경력","명시 없음(원문 확인)","2026-08-31","2026-09-15","모집중","경력·전문직","경력·전문 우선","제한 문구 미탐지","포털 목록 확인","정상","기관 공고 원문 확인","기관 공고 원문 확인","기관 공고 원문 확인","기관 공고 원문 확인","https://job.cleaneye.go.kr/user/ypRecruitment.do"
"CE-269","Cleaneye Job+","경기평택항만공사","[채용공고] 2026년 경기평택항만공사 청년 체험형 인턴 모집 공고","경기도","인턴","신입","명시 없음(원문 확인)","2026-08-31","2026-09-11","모집중","체험형·청년인턴","우선검토","제한 문구 미탐지","포털 목록 확인","정상","기관 공고 원문 확인","기관 공고 원문 확인","기관 공고 원문 확인","기관 공고 원문 확인","https://job.cleaneye.go.kr/user/ypRecruitment.do"
"CE-270","Cleaneye Job+","제주여성가족연구원","제7차 제주여성가족연구원 직원(행정시설직4급) 채용 공고","제주특별자치도","일반정규직","신입+경력","제주특별자치도","2026-08-31","2026-09-14","모집중","정규직(세부 확인)","검토","제한 문구 미탐지","포털 목록 확인","정상","기관 공고 원문 확인","기관 공고 원문 확인","기관 공고 원문 확인","기관 공고 원문 확인","https://job.cleaneye.go.kr/user/ypRecruitment.do"
"CE-271","Cleaneye Job+","부산환경공단","부산환경공단 수영사업단 기간제근로자(현업보조원) 채용공고","부산광역시","기간제","신입","부산광역시","2026-08-31","2026-09-09","모집중","기간제·비정규","검토","제한 문구 미탐지","포털 목록 확인","정상","기관 공고 원문 확인","기관 공고 원문 확인","기관 공고 원문 확인","기관 공고 원문 확인","https://job.cleaneye.go.kr/user/ypRecruitment.do"
"CE-272","Cleaneye Job+","의정부도시공사","의정부도시공사 임원(비상임이사) 공개모집 공고","경기도","비상임","신입+경력","명시 없음(원문 확인)","2026-08-31","2026-09-15","모집중","경력·전문직","경력·전문 우선","제한 문구 미탐지","포털 목록 확인","정상","기관 공고 원문 확인","기관 공고 원문 확인","기관 공고 원문 확인","기관 공고 원문 확인","https://job.cleaneye.go.kr/user/ypRecruitment.do"
"CE-273","Cleaneye Job+","재단법인 이천시청소년재단","2026년 이천시청소년재단 제3차 직원채용 공고","경기도","일반정규직","신입+경력","명시 없음(원문 확인)","2026-08-31","2026-09-11","모집중","정규직(세부 확인)","검토","제한 문구 미탐지","포털 목록 확인","정상","기관 공고 원문 확인","기관 공고 원문 확인","기관 공고 원문 확인","기관 공고 원문 확인","https://job.cleaneye.go.kr/user/ypRecruitment.do"
"CE-274","Cleaneye Job+","성남도시개발공사","성남도시개발공사 상임이사 공개모집 재공고","경기도","전문계약직","경력","명시 없음(원문 확인)","2026-08-31","2026-09-15","모집중","기타 채용","세부조건 확인","제한 문구 미탐지","포털 목록 확인","정상","기관 공고 원문 확인","기관 공고 원문 확인","기관 공고 원문 확인","기관 공고 원문 확인","https://job.cleaneye.go.kr/user/ypRecruitment.do"
"CE-275","Cleaneye Job+","전남정보문화산업진흥원","(재)전라남도정보문화산업진흥원 2026년 제4차 계약직원 채용 재공고","전남광주통합특별시","기간제","경력","명시 없음(원문 확인)","2026-08-31","2026-09-10","모집중","기간제·비정규","세부조건 확인","제한 문구 미탐지","포털 목록 확인","정상","기관 공고 원문 확인","기관 공고 원문 확인","기관 공고 원문 확인","기관 공고 원문 확인","https://job.cleaneye.go.kr/user/ypRecruitment.do"
"CE-276","Cleaneye Job+","재단법인 용인시산업진흥원","2026년 제7차 채용 공고","경기도","일반계약직","신입","명시 없음(원문 확인)","2026-08-31","2026-09-10","모집중","기타 채용","검토","제한 문구 미탐지","포털 목록 확인","정상","기관 공고 원문 확인","기관 공고 원문 확인","기관 공고 원문 확인","기관 공고 원문 확인","https://job.cleaneye.go.kr/user/ypRecruitment.do"
"CE-277","Cleaneye Job+","제주의료원","2026년 제주의료원 제17차 직원(공기관대행사업-건강주치의제 지원센터) 채용 계획 재공고","제주특별자치도","기간제","신입+경력","명시 없음(원문 확인)","2026-08-31","2026-09-11","모집중","기간제·비정규","검토","제한 문구 미탐지","포털 목록 확인","정상","기관 공고 원문 확인","기관 공고 원문 확인","기관 공고 원문 확인","기관 공고 원문 확인","https://job.cleaneye.go.kr/user/ypRecruitment.do"
"CE-278","Cleaneye Job+","재단법인 남도장터","재단법인 남도장터 제2대 대표이사 공개모집 공고","전남광주통합특별시","전문계약직","경력","명시 없음(원문 확인)","2026-08-31","2026-09-17","모집중","기타 채용","세부조건 확인","제한 문구 미탐지","포털 목록 확인","정상","기관 공고 원문 확인","기관 공고 원문 확인","기관 공고 원문 확인","기관 공고 원문 확인","https://job.cleaneye.go.kr/user/ypRecruitment.do"
"CE-279","Cleaneye Job+","과천도시공사","과천갈현공공체육시설(풋살, 농구)시간강사 채용","경기도","기간제","신입+경력","명시 없음(원문 확인)","2026-08-31","2026-09-09","모집중","기간제·비정규","검토","제한 문구 미탐지","포털 목록 확인","정상","기관 공고 원문 확인","기관 공고 원문 확인","기관 공고 원문 확인","기관 공고 원문 확인","https://job.cleaneye.go.kr/user/ypRecruitment.do"
"CE-280","Cleaneye Job+","경남테크노파크","(재)경남테크노파크 원장 초빙 공고(2026-345)","경상남도","전문계약직","경력","명시 없음(원문 확인)","2026-08-31","2026-09-15","모집중","경력·전문직","경력·전문 우선","제한 문구 미탐지","포털 목록 확인","정상","기관 공고 원문 확인","기관 공고 원문 확인","기관 공고 원문 확인","기관 공고 원문 확인","https://job.cleaneye.go.kr/user/ypRecruitment.do"
"CE-281","Cleaneye Job+","경기도의료원","경기도의료원 이천병원 공무직 경비원(휴직대체) 신규채용 1차 재공고","경기도","기간제","신입+경력","명시 없음(원문 확인)","2026-08-31","2026-09-10","모집중","무기계약·공무직","검토","제한 문구 미탐지","포털 목록 확인","정상","기관 공고 원문 확인","기관 공고 원문 확인","기관 공고 원문 확인","기관 공고 원문 확인","https://job.cleaneye.go.kr/user/ypRecruitment.do"
"CE-282","Cleaneye Job+","경기도의료원","경기도의료원 파주병원 의사(마취통증의학과/계약직) 초빙 공고","경기도","전문계약직","신입","명시 없음(원문 확인)","2026-08-31","2026-09-10","모집중","기타 채용","검토","제한 문구 미탐지","포털 목록 확인","정상","기관 공고 원문 확인","기관 공고 원문 확인","기관 공고 원문 확인","기관 공고 원문 확인","https://job.cleaneye.go.kr/user/ypRecruitment.do"
"CE-283","Cleaneye Job+","의정부도시공사","의정부도시공사 임원(상임이사) 공개모집 공고","경기도","전문계약직","신입+경력","명시 없음(원문 확인)","2026-08-31","2026-09-15","모집중","경력·전문직","경력·전문 우선","제한 문구 미탐지","포털 목록 확인","정상","기관 공고 원문 확인","기관 공고 원문 확인","기관 공고 원문 확인","기관 공고 원문 확인","https://job.cleaneye.go.kr/user/ypRecruitment.do"
"CE-284","Cleaneye Job+","대전관광공사","대전관광공사 본사옥 운영관리 기간제근로자 채용 공고","대전광역시","기간제","신입+경력","명시 없음(원문 확인)","2026-08-31","2026-09-10","모집중","기간제·비정규","검토","제한 문구 미탐지","포털 목록 확인","정상","기관 공고 원문 확인","기관 공고 원문 확인","기관 공고 원문 확인","기관 공고 원문 확인","https://job.cleaneye.go.kr/user/ypRecruitment.do"
"CE-285","Cleaneye Job+","재단법인 평택시문화재단","2026년 제8차 평택시문화재단 직원(본부장) 채용 공고","경기도","전문계약직","경력","명시 없음(원문 확인)","2026-08-28","2026-09-09","모집중","기타 채용","세부조건 확인","제한 문구 미탐지","포털 목록 확인","정상","기관 공고 원문 확인","기관 공고 원문 확인","기관 공고 원문 확인","기관 공고 원문 확인","https://job.cleaneye.go.kr/user/ypRecruitment.do"
"CE-286","Cleaneye Job+","부산광역시기장군도시관리공단","2026년도 제1회 기장군노인복지관 노인맞춤돌봄서비스 퇴원환자 단기집중 서비스 제공 인력 모집 공고","부산광역시","기간제","신입+경력","명시 없음(원문 확인)","2026-08-28","2026-09-11","모집중","기간제·비정규","검토","제한 문구 미탐지","포털 목록 확인","정상","기관 공고 원문 확인","기관 공고 원문 확인","기관 공고 원문 확인","기관 공고 원문 확인","https://job.cleaneye.go.kr/user/ypRecruitment.do"
"CE-287","Cleaneye Job+","경상북도김천의료원","경상북도 김천의료원 순환기내과 전문의 채용","경상북도","전문계약직","신입+경력","명시 없음(원문 확인)","2026-08-28","2026-09-13","모집중","경력·전문직","경력·전문 우선","제한 문구 미탐지","포털 목록 확인","정상","기관 공고 원문 확인","기관 공고 원문 확인","기관 공고 원문 확인","기관 공고 원문 확인","https://job.cleaneye.go.kr/user/ypRecruitment.do"
"CE-288","Cleaneye Job+","경상북도김천의료원","경상북도 김천의료원 산부인과 전문의 채용","경상북도","전문계약직","신입+경력","명시 없음(원문 확인)","2026-08-28","2026-09-13","모집중","경력·전문직","경력·전문 우선","제한 문구 미탐지","포털 목록 확인","정상","기관 공고 원문 확인","기관 공고 원문 확인","기관 공고 원문 확인","기관 공고 원문 확인","https://job.cleaneye.go.kr/user/ypRecruitment.do"
"CE-289","Cleaneye Job+","경상북도김천의료원","경상북도 김천의료원 이비인후과 전문의 채용","경상북도","전문계약직","신입+경력","명시 없음(원문 확인)","2026-08-28","2026-09-13","모집중","경력·전문직","경력·전문 우선","제한 문구 미탐지","포털 목록 확인","정상","기관 공고 원문 확인","기관 공고 원문 확인","기관 공고 원문 확인","기관 공고 원문 확인","https://job.cleaneye.go.kr/user/ypRecruitment.do"
"CE-290","Cleaneye Job+","경상북도김천의료원","경상북도 김천의료원 (내분비·감염)내과 전문의 채용","경상북도","전문계약직","신입+경력","명시 없음(원문 확인)","2026-08-28","2026-09-13","모집중","경력·전문직","경력·전문 우선","제한 문구 미탐지","포털 목록 확인","정상","기관 공고 원문 확인","기관 공고 원문 확인","기관 공고 원문 확인","기관 공고 원문 확인","https://job.cleaneye.go.kr/user/ypRecruitment.do"
"CE-291","Cleaneye Job+","(재)진주바이오산업진흥원","2026년 진주바이오산업진흥원 기간제(과제연구원) 공개채용 공고","경상남도","기간제","신입+경력","명시 없음(원문 확인)","2026-08-28","2026-09-09","모집중","기간제·비정규","검토","제한 문구 미탐지","포털 목록 확인","정상","기관 공고 원문 확인","기관 공고 원문 확인","기관 공고 원문 확인","기관 공고 원문 확인","https://job.cleaneye.go.kr/user/ypRecruitment.do"
"CE-292","Cleaneye Job+","경상북도김천의료원","경상북도 김천의료원 신경외과 전문의 채용","경상북도","전문계약직","신입+경력","명시 없음(원문 확인)","2026-08-28","2026-09-13","모집중","경력·전문직","경력·전문 우선","제한 문구 미탐지","포털 목록 확인","정상","기관 공고 원문 확인","기관 공고 원문 확인","기관 공고 원문 확인","기관 공고 원문 확인","https://job.cleaneye.go.kr/user/ypRecruitment.do"
"CE-293","Cleaneye Job+","경상북도경제진흥원","(재)경상북도경제진흥원 과제 계약직근로자 채용(블라인드)공고","경상북도","기간제","경력","명시 없음(원문 확인)","2026-08-27","2026-09-11","모집중","기간제·비정규","세부조건 확인","제한 문구 미탐지","포털 목록 확인","정상","기관 공고 원문 확인","기관 공고 원문 확인","기관 공고 원문 확인","기관 공고 원문 확인","https://job.cleaneye.go.kr/user/ypRecruitment.do"
"CE-294","Cleaneye Job+","재단법인 남해군관광문화재단","(재)남해군 관광문화재단 대표이사 공개모집 공고","경상남도","전문계약직","경력","명시 없음(원문 확인)","2026-08-27","2026-09-11","모집중","기타 채용","세부조건 확인","제한 문구 미탐지","포털 목록 확인","정상","기관 공고 원문 확인","기관 공고 원문 확인","기관 공고 원문 확인","기관 공고 원문 확인","https://job.cleaneye.go.kr/user/ypRecruitment.do"
"CE-295","Cleaneye Job+","포항시시설관리공단","포항시시설관리공단 임원 후보자 공개모집 공고","경상북도","일반계약직","신입+경력","명시 없음(원문 확인)","2026-08-27","2026-09-11","모집중","경력·전문직","경력·전문 우선","제한 문구 미탐지","포털 목록 확인","정상","기관 공고 원문 확인","기관 공고 원문 확인","기관 공고 원문 확인","기관 공고 원문 확인","https://job.cleaneye.go.kr/user/ypRecruitment.do"
"CE-296","Cleaneye Job+","목포시의료원","제2026-83호직원(의사직_내과, 안과, 소아청소년과, 응급실 전담의) 채용 공고","전남광주통합특별시","전문계약직","신입+경력","명시 없음(원문 확인)","2026-08-27","2026-09-09","모집중","기타 채용","검토","제한 문구 미탐지","포털 목록 확인","정상","기관 공고 원문 확인","기관 공고 원문 확인","기관 공고 원문 확인","기관 공고 원문 확인","https://job.cleaneye.go.kr/user/ypRecruitment.do"
"CE-297","Cleaneye Job+","재단법인 경상남도 여성가족재단","(재)경상남도 여성가족재단 대표이사 공개모집 공고","경상남도","일반계약직","신입+경력","명시 없음(원문 확인)","2026-08-27","2026-09-11","모집중","기타 채용","검토","제한 문구 미탐지","포털 목록 확인","정상","기관 공고 원문 확인","기관 공고 원문 확인","기관 공고 원문 확인","기관 공고 원문 확인","https://job.cleaneye.go.kr/user/ypRecruitment.do"
"CE-298","Cleaneye Job+","경기대진테크노파크","(재)경기대진테크노파크 유기계약직 채용 재공고(6차) (전기안전관리자)","경기도","일반계약직","경력","명시 없음(원문 확인)","2026-08-27","2026-09-10","모집중","기타 채용","세부조건 확인","제한 문구 미탐지","포털 목록 확인","정상","기관 공고 원문 확인","기관 공고 원문 확인","기관 공고 원문 확인","기관 공고 원문 확인","https://job.cleaneye.go.kr/user/ypRecruitment.do"
"CE-299","Cleaneye Job+","대한민국동작주식회사","대한민국동작주식회사 대표이사 공개모집 공고","서울특별시","전문계약직","경력","명시 없음(원문 확인)","2026-08-27","2026-09-11","모집중","기타 채용","세부조건 확인","제한 문구 미탐지","포털 목록 확인","정상","기관 공고 원문 확인","기관 공고 원문 확인","기관 공고 원문 확인","기관 공고 원문 확인","https://job.cleaneye.go.kr/user/ypRecruitment.do"
"CE-300","Cleaneye Job+","재단법인 경상남도 여성가족재단","(재)경상남도 여성가족재단 선임직 이사 및 감사 공개모집 공고","경상남도","비상임","신입+경력","명시 없음(원문 확인)","2026-08-27","2026-09-11","모집중","경력·전문직","경력·전문 우선","제한 문구 미탐지","포털 목록 확인","정상","기관 공고 원문 확인","기관 공고 원문 확인","기관 공고 원문 확인","기관 공고 원문 확인","https://job.cleaneye.go.kr/user/ypRecruitment.do"
"CE-301","Cleaneye Job+","이천시시설관리공단","이천시시설관리공단 2026년 제5회 블라인드 직원(기간제근로자) 공개채용 공고(청년인턴)","경기도","기간제","신입+경력","명시 없음(원문 확인)","2026-08-26","2026-09-14","모집중","체험형·청년인턴","우선검토","제한 문구 미탐지","포털 목록 확인","정상","기관 공고 원문 확인","기관 공고 원문 확인","기관 공고 원문 확인","기관 공고 원문 확인","https://job.cleaneye.go.kr/user/ypRecruitment.do"
"CE-302","Cleaneye Job+","이천시시설관리공단","이천시시설관리공단 2026년 제5회 블라인드 직원(기간제근로자) 공개채용 공고(환경미화, 여)","경기도","기간제","신입+경력","명시 없음(원문 확인)","2026-08-26","2026-09-14","모집중","기간제·비정규","검토","제한 문구 미탐지","포털 목록 확인","정상","기관 공고 원문 확인","기관 공고 원문 확인","기관 공고 원문 확인","기관 공고 원문 확인","https://job.cleaneye.go.kr/user/ypRecruitment.do"
"CE-303","Cleaneye Job+","이천시시설관리공단","이천시시설관리공단 2026년 제5회 블라인드 직원(기간제근로자) 공개채용 공고(휴직대체자)","경기도","기간제","신입+경력","명시 없음(원문 확인)","2026-08-26","2026-09-14","모집중","기간제·비정규","검토","제한 문구 미탐지","포털 목록 확인","정상","기관 공고 원문 확인","기관 공고 원문 확인","기관 공고 원문 확인","기관 공고 원문 확인","https://job.cleaneye.go.kr/user/ypRecruitment.do"
"CE-304","Cleaneye Job+","울진군의료원","울진군의료원 의사채용 공고(이비인후과)","경상북도","전문계약직","신입+경력","명시 없음(원문 확인)","2026-08-26","2026-12-31","모집중","기타 채용","검토","제한 문구 미탐지","포털 목록 확인","정상","기관 공고 원문 확인","기관 공고 원문 확인","기관 공고 원문 확인","기관 공고 원문 확인","https://job.cleaneye.go.kr/user/ypRecruitment.do"
"CE-305","Cleaneye Job+","전남광주통합특별시서구시설관리공단","2026년 제3회 직원(일반직, 공무직, 환경직) 공개채용 공고","","일반정규직","신입+경력","전남광주통합특별시","2026-08-26","2026-09-09","모집중","신입·정규직","우선검토","제한 문구 미탐지","포털 목록 확인","정상","기관 공고 원문 확인","기관 공고 원문 확인","기관 공고 원문 확인","기관 공고 원문 확인","https://job.cleaneye.go.kr/user/ypRecruitment.do"
"CE-306","Cleaneye Job+","경북행복재단","경상북도청소년상담복지센터 기간제 직용 채용계획 공고(팀원,임상심리사)","경상북도","기간제","신입+경력","명시 없음(원문 확인)","2026-08-26","2026-09-09","모집중","기간제·비정규","검토","제한 문구 미탐지","포털 목록 확인","정상","기관 공고 원문 확인","기관 공고 원문 확인","기관 공고 원문 확인","기관 공고 원문 확인","https://job.cleaneye.go.kr/user/ypRecruitment.do"
"CE-307","Cleaneye Job+","재단법인 노원문화재단","2026년 8차 노원문화재단 노원구립도서관 채용 공고 [기간제-장애인전형]","서울특별시","기간제","신입+경력","명시 없음(원문 확인)","2026-08-26","2026-09-09","모집중","제한경쟁·조건부","조건 충족자만","장애 관련 제한경쟁","포털 목록 확인","정상","기관 공고 원문 확인","기관 공고 원문 확인","기관 공고 원문 확인","기관 공고 원문 확인","https://job.cleaneye.go.kr/user/ypRecruitment.do"
"CE-308","Cleaneye Job+","재단법인 강원특별자치도 사회서비스원","2026년 강원특별자치도 사회서비스원 임원(이사 및 감사) 공개모집 공고","강원특별자치도","전문계약직","경력","명시 없음(원문 확인)","2026-08-26","2026-09-10","모집중","경력·전문직","경력·전문 우선","제한 문구 미탐지","포털 목록 확인","정상","기관 공고 원문 확인","기관 공고 원문 확인","기관 공고 원문 확인","기관 공고 원문 확인","https://job.cleaneye.go.kr/user/ypRecruitment.do"
"CE-309","Cleaneye Job+","강원특별자치도삼척의료원","공고2026-57 조리사 채용(재)공고","강원특별자치도","무기계약직","신입+경력","명시 없음(원문 확인)","2026-08-26","2026-09-10","모집중","무기계약·공무직","검토","제한 문구 미탐지","포털 목록 확인","정상","기관 공고 원문 확인","기관 공고 원문 확인","기관 공고 원문 확인","기관 공고 원문 확인","https://job.cleaneye.go.kr/user/ypRecruitment.do"
"CE-310","Cleaneye Job+","이천시시설관리공단","이천시시설관리공단 2026년 제5회 블라인드 직원(기간제근로자) 공개채용 공고(수상안전요원)","경기도","기간제","신입+경력","명시 없음(원문 확인)","2026-08-26","2026-09-14","모집중","기간제·비정규","검토","제한 문구 미탐지","포털 목록 확인","정상","기관 공고 원문 확인","기관 공고 원문 확인","기관 공고 원문 확인","기관 공고 원문 확인","https://job.cleaneye.go.kr/user/ypRecruitment.do"
"CE-311","Cleaneye Job+","천안도시공사","천안도시공사 임원 후보자 공개모집 공고","충청남도","일반계약직","신입+경력","명시 없음(원문 확인)","2026-08-26","2026-09-11","모집중","경력·전문직","경력·전문 우선","제한 문구 미탐지","포털 목록 확인","정상","기관 공고 원문 확인","기관 공고 원문 확인","기관 공고 원문 확인","기관 공고 원문 확인","https://job.cleaneye.go.kr/user/ypRecruitment.do"
"CE-312","Cleaneye Job+","이천시시설관리공단","이천시시설관리공단 2026년 제5회 블라인드 직원(기간제근로자) 공개채용 공고(주차관리원)","경기도","기간제","신입+경력","명시 없음(원문 확인)","2026-08-26","2026-09-14","모집중","기간제·비정규","검토","제한 문구 미탐지","포털 목록 확인","정상","기관 공고 원문 확인","기관 공고 원문 확인","기관 공고 원문 확인","기관 공고 원문 확인","https://job.cleaneye.go.kr/user/ypRecruitment.do"
"CE-313","Cleaneye Job+","강원특별자치도삼척의료원","공고2026-57 기간제 간호사(육아휴직 대체) 채용(재)공고","강원특별자치도","기간제","신입+경력","명시 없음(원문 확인)","2026-08-26","2026-09-10","모집중","경력·전문직","경력·전문 우선","제한 문구 미탐지","포털 목록 확인","정상","기관 공고 원문 확인","기관 공고 원문 확인","기관 공고 원문 확인","기관 공고 원문 확인","https://job.cleaneye.go.kr/user/ypRecruitment.do"
"CE-314","Cleaneye Job+","이천시시설관리공단","이천시시설관리공단 2026년 제5회 블라인드 직원(기간제근로자) 공개채용 공고(특별교통수단 운전원)","경기도","기간제","신입+경력","명시 없음(원문 확인)","2026-08-26","2026-09-14","모집중","기간제·비정규","검토","제한 문구 미탐지","포털 목록 확인","정상","기관 공고 원문 확인","기관 공고 원문 확인","기관 공고 원문 확인","기관 공고 원문 확인","https://job.cleaneye.go.kr/user/ypRecruitment.do"
"CE-315","Cleaneye Job+","인천광역시서해구시설관리공단","2026년 제6회 서해구노인복지관 기간제 근로자(사회복지사) 채용 공고","인천광역시","기간제","신입+경력","명시 없음(원문 확인)","2026-08-25","2026-09-09","모집중","기간제·비정규","검토","제한 문구 미탐지","포털 목록 확인","정상","기관 공고 원문 확인","기관 공고 원문 확인","기관 공고 원문 확인","기관 공고 원문 확인","https://job.cleaneye.go.kr/user/ypRecruitment.do"
"CE-316","Cleaneye Job+","대구공공시설관리공단","대구공공시설관리공단 비상임이사·감사 모집공고","대구광역시","비상임","신입","명시 없음(원문 확인)","2026-08-25","2026-09-09","모집중","기타 채용","세부조건 확인","제한 문구 미탐지","포털 목록 확인","정상","기관 공고 원문 확인","기관 공고 원문 확인","기관 공고 원문 확인","기관 공고 원문 확인","https://job.cleaneye.go.kr/user/ypRecruitment.do"
"CE-317","Cleaneye Job+","서울교통공사","㈜서울메트로환경 임원(사장) 후보 초빙 공고","서울특별시","전문계약직","경력","명시 없음(원문 확인)","2026-08-25","2026-09-09","모집중","경력·전문직","경력·전문 우선","제한 문구 미탐지","포털 목록 확인","정상","기관 공고 원문 확인","기관 공고 원문 확인","기관 공고 원문 확인","기관 공고 원문 확인","https://job.cleaneye.go.kr/user/ypRecruitment.do"
"CE-318","Cleaneye Job+","노원구시설관리공단","[노원구시설관리공단]기간제근로자 공개경쟁 채용 공고","서울특별시","기간제","신입","명시 없음(원문 확인)","2026-08-25","2026-09-14","모집중","기간제·비정규","검토","제한 문구 미탐지","포털 목록 확인","정상","기관 공고 원문 확인","기관 공고 원문 확인","기관 공고 원문 확인","기관 공고 원문 확인","https://job.cleaneye.go.kr/user/ypRecruitment.do"
"CE-319","Cleaneye Job+","인천광역시서해구시설관리공단","가좌노인문화센터 정규직(운전원) 채용 공고","인천광역시","일반정규직","신입+경력","명시 없음(원문 확인)","2026-08-25","2026-09-09","모집중","정규직(세부 확인)","검토","제한 문구 미탐지","포털 목록 확인","정상","기관 공고 원문 확인","기관 공고 원문 확인","기관 공고 원문 확인","기관 공고 원문 확인","https://job.cleaneye.go.kr/user/ypRecruitment.do"
"CE-320","Cleaneye Job+","한국도자재단","한국도자재단 2026년 제9차 기간제근로자 채용공고","경기도","기간제","신입+경력","명시 없음(원문 확인)","2026-08-25","2026-09-09","모집중","기간제·비정규","검토","제한 문구 미탐지","포털 목록 확인","정상","기관 공고 원문 확인","기관 공고 원문 확인","기관 공고 원문 확인","기관 공고 원문 확인","https://job.cleaneye.go.kr/user/ypRecruitment.do"
"CE-321","Cleaneye Job+","울산시설공단","울산시설공단 임원(이사장·비상임이사) 공개모집 공고","울산광역시","일반계약직","신입+경력","울산광역시","2026-08-25","2026-09-09","모집중","경력·전문직","경력·전문 우선","제한 문구 미탐지","포털 목록 확인","정상","기관 공고 원문 확인","기관 공고 원문 확인","기관 공고 원문 확인","기관 공고 원문 확인","https://job.cleaneye.go.kr/user/ypRecruitment.do"
"CE-322","Cleaneye Job+","창원시설공단","창원시설공단 이사장 공개모집 공고","경상남도","전문계약직","경력","명시 없음(원문 확인)","2026-08-25","2026-09-09","모집중","기타 채용","세부조건 확인","제한 문구 미탐지","포털 목록 확인","정상","기관 공고 원문 확인","기관 공고 원문 확인","기관 공고 원문 확인","기관 공고 원문 확인","https://job.cleaneye.go.kr/user/ypRecruitment.do"
"CE-323","Cleaneye Job+","화성도시공사","2026년 제2회 업무직 공개채용 시행계획 공고","경기도","무기계약직","신입","명시 없음(원문 확인)","2026-08-25","2026-09-14","모집중","무기계약·공무직","검토","제한 문구 미탐지","포털 목록 확인","정상","기관 공고 원문 확인","기관 공고 원문 확인","기관 공고 원문 확인","기관 공고 원문 확인","https://job.cleaneye.go.kr/user/ypRecruitment.do"
"CE-324","Cleaneye Job+","화성도시공사","2026년 제2회 운수직 공개채용 시행계획 공고","경기도","무기계약직","신입","명시 없음(원문 확인)","2026-08-25","2026-09-14","모집중","무기계약·공무직","검토","제한 문구 미탐지","포털 목록 확인","정상","기관 공고 원문 확인","기관 공고 원문 확인","기관 공고 원문 확인","기관 공고 원문 확인","https://job.cleaneye.go.kr/user/ypRecruitment.do"
"CE-325","Cleaneye Job+","강원특별자치도원주의료원","원주의료원 신규직원(약무직_약사) 채용공고","강원특별자치도","일반정규직","신입+경력","명시 없음(원문 확인)","2026-08-24","2026-09-11","모집중","경력·전문직","경력·전문 우선","제한 문구 미탐지","포털 목록 확인","정상","기관 공고 원문 확인","기관 공고 원문 확인","기관 공고 원문 확인","기관 공고 원문 확인","https://job.cleaneye.go.kr/user/ypRecruitment.do"
"CE-326","Cleaneye Job+","송파구시설관리공단","<송파구시설관리공단 공고 제2026-41호> 기간제근로자 모집 공고 (26년도 4분기)","서울특별시","기간제","신입","명시 없음(원문 확인)","2026-08-21","2026-09-12","모집중","기간제·비정규","검토","제한 문구 미탐지","포털 목록 확인","정상","기관 공고 원문 확인","기관 공고 원문 확인","기관 공고 원문 확인","기관 공고 원문 확인","https://job.cleaneye.go.kr/user/ypRecruitment.do"
"CE-327","Cleaneye Job+","구로문화재단","구로문화재단 대표이사 공개채용 모집(변경)공고","서울특별시","기간제","신입+경력","명시 없음(원문 확인)","2026-08-21","2026-09-14","모집중","기간제·비정규","검토","제한 문구 미탐지","포털 목록 확인","정상","기관 공고 원문 확인","기관 공고 원문 확인","기관 공고 원문 확인","기관 공고 원문 확인","https://job.cleaneye.go.kr/user/ypRecruitment.do"
"CE-328","Cleaneye Job+","경기주택도시공사","2026년 하반기 경기주택도시공사 체험형 인턴사원 공개채용 공고","경기도","인턴","신입","명시 없음(원문 확인)","2026-08-21","2026-09-10","모집중","체험형·청년인턴","우선검토","제한 문구 미탐지","포털 목록 확인","정상","기관 공고 원문 확인","기관 공고 원문 확인","기관 공고 원문 확인","기관 공고 원문 확인","https://job.cleaneye.go.kr/user/ypRecruitment.do"
"CE-329","Cleaneye Job+","부산광역시기장군도시관리공단","정관청소년센터 2026년 강사풀 강사 모집 공고","부산광역시","기간제","신입+경력","명시 없음(원문 확인)","2026-08-14","2026-12-18","모집중","기간제·비정규","검토","제한 문구 미탐지","포털 목록 확인","정상","기관 공고 원문 확인","기관 공고 원문 확인","기관 공고 원문 확인","기관 공고 원문 확인","https://job.cleaneye.go.kr/user/ypRecruitment.do"
"CE-330","Cleaneye Job+","전북특별자치도 군산의료원","군산의료원 의사직(심장혈관흉부외과) 채용 공고","전북특별자치도","일반정규직","신입+경력","명시 없음(원문 확인)","2026-08-05","2026-12-31","모집중","정규직(세부 확인)","검토","제한 문구 미탐지","포털 목록 확인","정상","기관 공고 원문 확인","기관 공고 원문 확인","기관 공고 원문 확인","기관 공고 원문 확인","https://job.cleaneye.go.kr/user/ypRecruitment.do"
"CE-331","Cleaneye Job+","전북특별자치도 군산의료원","군산의료원 의사직(가정의학과) 채용 공고","전북특별자치도","일반정규직","신입+경력","명시 없음(원문 확인)","2026-08-05","2026-12-31","모집중","정규직(세부 확인)","검토","제한 문구 미탐지","포털 목록 확인","정상","기관 공고 원문 확인","기관 공고 원문 확인","기관 공고 원문 확인","기관 공고 원문 확인","https://job.cleaneye.go.kr/user/ypRecruitment.do"
"CE-332","Cleaneye Job+","공주의료원","약사 채용 공고(26.7.29~채용시까지)","충청남도","전문계약직","신입+경력","명시 없음(원문 확인)","2026-07-29","2027-07-28","모집중","경력·전문직","경력·전문 우선","제한 문구 미탐지","포털 목록 확인","정상","기관 공고 원문 확인","기관 공고 원문 확인","기관 공고 원문 확인","기관 공고 원문 확인","https://job.cleaneye.go.kr/user/ypRecruitment.do"
"CE-333","Cleaneye Job+","서울의료원","2026년 제20회 기간제근로자 전문의( 중환자실 당직 전문의) 상시모집 공고","서울특별시","기간제","신입+경력","명시 없음(원문 확인)","2026-07-28","2026-12-31","모집중","경력·전문직","경력·전문 우선","제한 문구 미탐지","포털 목록 확인","정상","기관 공고 원문 확인","기관 공고 원문 확인","기관 공고 원문 확인","기관 공고 원문 확인","https://job.cleaneye.go.kr/user/ypRecruitment.do"
"CE-334","Cleaneye Job+","울진군의료원","울진군의료원 의사채용 공고(가정의학과, 내과, 요양병원)","경상북도","전문계약직","신입+경력","명시 없음(원문 확인)","2026-07-27","2026-12-31","모집중","기타 채용","검토","제한 문구 미탐지","포털 목록 확인","정상","기관 공고 원문 확인","기관 공고 원문 확인","기관 공고 원문 확인","기관 공고 원문 확인","https://job.cleaneye.go.kr/user/ypRecruitment.do"
"CE-335","Cleaneye Job+","서귀포의료원","직원 수시 모집 공고 - 기간제(의료보조원)","제주특별자치도","기간제","신입+경력","명시 없음(원문 확인)","2026-07-10","2026-12-31","모집중","기간제·비정규","검토","제한 문구 미탐지","포털 목록 확인","정상","기관 공고 원문 확인","기관 공고 원문 확인","기관 공고 원문 확인","기관 공고 원문 확인","https://job.cleaneye.go.kr/user/ypRecruitment.do"
"CE-336","Cleaneye Job+","세종도시교통공사","[모집공고] 세종도시교통공사 2026년 제6회 기간제근로자(휴직대체) 채용 공고","세종특별자치시","기간제","신입+경력","명시 없음(원문 확인)","2026-07-08","2027-07-18","모집중","기간제·비정규","검토","제한 문구 미탐지","포털 목록 확인","정상","기관 공고 원문 확인","기관 공고 원문 확인","기관 공고 원문 확인","기관 공고 원문 확인","https://job.cleaneye.go.kr/user/ypRecruitment.do"
"CE-337","Cleaneye Job+","성남시의료원","2026년 제9회 성남시의료원 직원채용 모집 공고(상시)","경기도","일반계약직","신입+경력","명시 없음(원문 확인)","2026-06-15","2026-12-31","모집중","기타 채용","검토","제한 문구 미탐지","포털 목록 확인","정상","기관 공고 원문 확인","기관 공고 원문 확인","기관 공고 원문 확인","기관 공고 원문 확인","https://job.cleaneye.go.kr/user/ypRecruitment.do"
"CE-338","Cleaneye Job+","울진군의료원","울진군의료원 의사채용공고(응급실)","경상북도","전문계약직","신입+경력","명시 없음(원문 확인)","2026-06-04","2026-12-31","모집중","기타 채용","검토","제한 문구 미탐지","포털 목록 확인","정상","기관 공고 원문 확인","기관 공고 원문 확인","기관 공고 원문 확인","기관 공고 원문 확인","https://job.cleaneye.go.kr/user/ypRecruitment.do"
"CE-339","Cleaneye Job+","울진군의료원","울진군의료원 약사 채용 공고","경상북도","전문계약직","신입+경력","명시 없음(원문 확인)","2026-05-21","2026-12-31","모집중","경력·전문직","경력·전문 우선","제한 문구 미탐지","포털 목록 확인","정상","기관 공고 원문 확인","기관 공고 원문 확인","기관 공고 원문 확인","기관 공고 원문 확인","https://job.cleaneye.go.kr/user/ypRecruitment.do"
"CE-340","Cleaneye Job+","성남시의료원","2026년도 제6회 성남시의료원 직원채용 모집 공고","경기도","일반계약직","신입+경력","명시 없음(원문 확인)","2026-04-17","2026-12-31","모집중","기타 채용","검토","제한 문구 미탐지","포털 목록 확인","정상","기관 공고 원문 확인","기관 공고 원문 확인","기관 공고 원문 확인","기관 공고 원문 확인","https://job.cleaneye.go.kr/user/ypRecruitment.do"
"CE-341","Cleaneye Job+","울진군의료원","울진군의료원 의사채용공고(산부인과)","경상북도","전문계약직","신입+경력","명시 없음(원문 확인)","2026-04-16","2026-12-31","모집중","기타 채용","검토","제한 문구 미탐지","포털 목록 확인","정상","기관 공고 원문 확인","기관 공고 원문 확인","기관 공고 원문 확인","기관 공고 원문 확인","https://job.cleaneye.go.kr/user/ypRecruitment.do"
"CE-342","Cleaneye Job+","서귀포의료원","직원 수시모집 공고 - 기간제(정신건강사회복지사)","제주특별자치도","기간제","신입+경력","명시 없음(원문 확인)","2026-03-13","2026-12-31","모집중","기간제·비정규","검토","제한 문구 미탐지","포털 목록 확인","정상","기관 공고 원문 확인","기관 공고 원문 확인","기관 공고 원문 확인","기관 공고 원문 확인","https://job.cleaneye.go.kr/user/ypRecruitment.do"
"CE-343","Cleaneye Job+","서귀포의료원","직원 수시모집 공고-의사직(안과, 산부인과, 내과)","제주특별자치도","일반정규직","신입+경력","명시 없음(원문 확인)","2026-03-13","2026-12-31","모집중","정규직(세부 확인)","검토","제한 문구 미탐지","포털 목록 확인","정상","기관 공고 원문 확인","기관 공고 원문 확인","기관 공고 원문 확인","기관 공고 원문 확인","https://job.cleaneye.go.kr/user/ypRecruitment.do"
"CE-344","Cleaneye Job+","재단법인 대전광역시 사회서비스원","「대전광역시사회서비스원」 2026년 대전광역시노인복지관 인력풀 모집","대전광역시","기간제","신입+경력","명시 없음(원문 확인)","2026-02-26","2026-11-26","모집중","기간제·비정규","검토","제한 문구 미탐지","포털 목록 확인","정상","기관 공고 원문 확인","기관 공고 원문 확인","기관 공고 원문 확인","기관 공고 원문 확인","https://job.cleaneye.go.kr/user/ypRecruitment.do"
"CE-345","Cleaneye Job+","울진군의료원","울진군의료원 의사 채용공고(마취통증의학과, 영상의학과)","경상북도","전문계약직","신입+경력","명시 없음(원문 확인)","2026-02-10","2026-12-31","모집중","기타 채용","검토","제한 문구 미탐지","포털 목록 확인","정상","기관 공고 원문 확인","기관 공고 원문 확인","기관 공고 원문 확인","기관 공고 원문 확인","https://job.cleaneye.go.kr/user/ypRecruitment.do"
"CE-346","Cleaneye Job+","전북특별자치도 군산의료원","군산의료원 의사직(일반의) 채용 공고","전북특별자치도","일반계약직","신입+경력","명시 없음(원문 확인)","2026-02-06","2026-12-31","모집중","기타 채용","검토","제한 문구 미탐지","포털 목록 확인","정상","기관 공고 원문 확인","기관 공고 원문 확인","기관 공고 원문 확인","기관 공고 원문 확인","https://job.cleaneye.go.kr/user/ypRecruitment.do"
"CE-347","Cleaneye Job+","포항시시설관리공단","양학국민체육센터 헬스장 체육지도자 모집 공고 (변경)","경상북도","기간제","신입","경상북도 포항시","2026-01-30","2026-12-31","모집중","기간제·비정규","검토","제한 문구 미탐지","포털 목록 확인","정상","기관 공고 원문 확인","기관 공고 원문 확인","기관 공고 원문 확인","기관 공고 원문 확인","https://job.cleaneye.go.kr/user/ypRecruitment.do"
"CE-348","Cleaneye Job+","울진군의료원","울진군의료원 의사채용 공고(응급의학과, 산부인과)","경상북도","전문계약직","신입+경력","명시 없음(원문 확인)","2026-01-26","2026-12-31","모집중","기타 채용","검토","제한 문구 미탐지","포털 목록 확인","정상","기관 공고 원문 확인","기관 공고 원문 확인","기관 공고 원문 확인","기관 공고 원문 확인","https://job.cleaneye.go.kr/user/ypRecruitment.do"
"CE-349","Cleaneye Job+","강원특별자치도삼척의료원","재공고-6 영상의학과, 외과 전문의 초빙 공고","강원특별자치도","전문계약직","신입+경력","명시 없음(원문 확인)","2026-01-26","2026-12-31","모집중","경력·전문직","경력·전문 우선","제한 문구 미탐지","포털 목록 확인","정상","기관 공고 원문 확인","기관 공고 원문 확인","기관 공고 원문 확인","기관 공고 원문 확인","https://job.cleaneye.go.kr/user/ypRecruitment.do"
"CE-350","Cleaneye Job+","서귀포의료원","직원수시모집 공고-의사직(영상의학과, 응급의학과, 소화기내과, 신경과, 호흡기내과, 가정의학과)","제주특별자치도","일반정규직","신입+경력","명시 없음(원문 확인)","2026-01-20","2026-12-31","모집중","정규직(세부 확인)","검토","제한 문구 미탐지","포털 목록 확인","정상","기관 공고 원문 확인","기관 공고 원문 확인","기관 공고 원문 확인","기관 공고 원문 확인","https://job.cleaneye.go.kr/user/ypRecruitment.do"
"CE-351","Cleaneye Job+","전북특별자치도 군산의료원","군산의료원 의사직(마취통증의학과) 채용 공고","전북특별자치도","일반정규직","신입+경력","명시 없음(원문 확인)","2026-01-13","2026-12-31","모집중","정규직(세부 확인)","검토","제한 문구 미탐지","포털 목록 확인","정상","기관 공고 원문 확인","기관 공고 원문 확인","기관 공고 원문 확인","기관 공고 원문 확인","https://job.cleaneye.go.kr/user/ypRecruitment.do"
"CE-352","Cleaneye Job+","전북특별자치도 군산의료원","군산의료원 의사직(내과) 채용 공고","전북특별자치도","일반정규직","신입+경력","명시 없음(원문 확인)","2026-01-13","2026-12-31","모집중","정규직(세부 확인)","검토","제한 문구 미탐지","포털 목록 확인","정상","기관 공고 원문 확인","기관 공고 원문 확인","기관 공고 원문 확인","기관 공고 원문 확인","https://job.cleaneye.go.kr/user/ypRecruitment.do"
"CE-353","Cleaneye Job+","강원특별자치도삼척의료원","재공고-1 (내과, 가정의학과, 마취통증의학과, 이비인후과) 전문의 초빙 공고","강원특별자치도","전문계약직","신입+경력","명시 없음(원문 확인)","2026-01-05","2026-12-31","모집중","경력·전문직","경력·전문 우선","제한 문구 미탐지","포털 목록 확인","정상","기관 공고 원문 확인","기관 공고 원문 확인","기관 공고 원문 확인","기관 공고 원문 확인","https://job.cleaneye.go.kr/user/ypRecruitment.do"
"CE-354","Cleaneye Job+","울진군의료원","2026년 울진군의료원 간호사 상시 채용공고","경상북도","일반정규직","신입+경력","명시 없음(원문 확인)","2026-01-02","2026-12-31","모집중","경력·전문직","경력·전문 우선","제한 문구 미탐지","포털 목록 확인","정상","기관 공고 원문 확인","기관 공고 원문 확인","기관 공고 원문 확인","기관 공고 원문 확인","https://job.cleaneye.go.kr/user/ypRecruitment.do"
"CE-355","Cleaneye Job+","재단법인 대전광역시 사회서비스원","「대전광역시사회서비스원」 2026년 광역종합재가센터 인력풀 모집 공고","대전광역시","기간제","신입+경력","명시 없음(원문 확인)","2025-12-26","2026-11-12","모집중","기간제·비정규","검토","제한 문구 미탐지","포털 목록 확인","정상","기관 공고 원문 확인","기관 공고 원문 확인","기관 공고 원문 확인","기관 공고 원문 확인","https://job.cleaneye.go.kr/user/ypRecruitment.do"
"CE-356","Cleaneye Job+","재단법인 대전광역시 사회서비스원","「대전광역시사회서비스원」 2026년 대전시사회복지대체인력지원센터 인력풀 모집","대전광역시","기간제","신입+경력","명시 없음(원문 확인)","2025-12-26","2026-11-12","모집중","기간제·비정규","검토","제한 문구 미탐지","포털 목록 확인","정상","기관 공고 원문 확인","기관 공고 원문 확인","기관 공고 원문 확인","기관 공고 원문 확인","https://job.cleaneye.go.kr/user/ypRecruitment.do"
"CE-357","Cleaneye Job+","성남시의료원","2025년 제10회 성남시의료원 직원 채용 모집 공고","경기도","일반계약직","신입+경력","명시 없음(원문 확인)","2025-12-08","2026-12-17","모집중","기타 채용","검토","제한 문구 미탐지","포털 목록 확인","정상","기관 공고 원문 확인","기관 공고 원문 확인","기관 공고 원문 확인","기관 공고 원문 확인","https://job.cleaneye.go.kr/user/ypRecruitment.do"
"CE-358","Cleaneye Job+","경기도의료원","경기도의료원 수원병원 당직의사(비정규직) 초빙 공고","경기도","일반계약직","신입+경력","명시 없음(원문 확인)","2025-09-16","2050-09-26","모집중","기간제·비정규","검토","제한 문구 미탐지","포털 목록 확인","장기 미마감(원문 확인)","기관 공고 원문 확인","기관 공고 원문 확인","기관 공고 원문 확인","기관 공고 원문 확인","https://job.cleaneye.go.kr/user/ypRecruitment.do"
"CE-359","Cleaneye Job+","서산의료원","직원채용(기간제 업무보조-장애인제한경쟁)재공고","충청남도","기간제","신입","명시 없음(원문 확인)","2024-03-07","2400-03-19","모집중","제한경쟁·조건부","조건 충족자만","장애 관련 제한경쟁","포털 목록 확인","장기 미마감(원문 확인)","기관 공고 원문 확인","기관 공고 원문 확인","기관 공고 원문 확인","기관 공고 원문 확인","https://job.cleaneye.go.kr/user/ypRecruitment.do"
"CE-360","Cleaneye Job+","경북행복재단","경상북도 사회복지대체인력지원센터 직원 공개모집 재공고","경상북도","일반계약직","신입+경력","명시 없음(원문 확인)","2021-02-01","2054-07-10","모집중","기간제·비정규","검토","제한 문구 미탐지","포털 목록 확인","장기 미마감(원문 확인)","기관 공고 원문 확인","기관 공고 원문 확인","기관 공고 원문 확인","기관 공고 원문 확인","https://job.cleaneye.go.kr/user/ypRecruitment.do"
